            0.299464 0 0 0 -3.16657e-05  0.000289859  1.03605e-05 0 0 0 0.34218 0.02341 0.12924 1.16659e-05   0.0024472 0.000441225   0.00747859   0.00636985 -1.18791e-11 0 0 0 0.201983 0.114205 -9.80626 
            0.399801   0.0061621 -0.00101317   0.0298568  -0.0135619 0.000932867 -0.00283648  1.23893e-07  1.87621e-06 -3.11607e-08 0.34218 0.02341 0.12924 -0.00221569  0.00341865 0.000227633   0.00747859   0.00636981 -7.27616e-09    2.532e-07 -7.16579e-09  5.39673e-08 0.201983 0.114205 -9.80626 
            0.500284 0.00718625 0.00130176  0.0195808   0.0157056   0.0121877 0.000127339  7.65697e-05 -0.000207371  1.00537e-06   0.34218 0.0234099   0.12924  0.143857   0.05864 0.0154369  0.00749179  0.00637686 9.63833e-05 -3.71909e-05 -1.37067e-05 -3.65965e-06 0.202019 0.114219 -9.80625 
            0.599609  0.00182448 -0.00549724   0.0285623  0.0185425  0.0175074 0.00279837 0.000405326  0.00895145 8.88052e-05   0.34218 0.0234104   0.12924 0.0989445 0.0579376 0.0204484  0.00751477   0.0063173 4.04727e-05   0.00161065 -6.29199e-05 -0.000897328 0.200452 0.114276 -9.80629 
             0.70002   0.0660194    -0.02733 0.000861387  0.0202274  0.0138912 0.00238861   -0.0560331    0.0297518 -0.000842061  0.342181 0.0234057  0.129248 0.0708288 0.0243874 0.0123965 0.00748581 0.00632656 0.00020657 0.00518403 0.00990933 0.00437697 0.196918 0.104623 -9.80647 
            0.799341  0.211274 -0.181574 0.0243266 0.000578384  0.00177159 0.000682345   -0.206294    0.184589 -0.00278832  0.342168 0.0234033  0.129307 -0.0199336 -0.0342814 0.00518238   0.00754378   0.00632755 -1.60155e-05 0.0324048  0.036495 0.0112074 0.170639 0.078952  -9.8072 
            0.899692  0.212112 -0.210602 0.0181271  -0.00521549  -0.00212354 -0.000755361   -0.204835    0.215392 -0.00248289  0.342168 0.0234061  0.129308   -0.041593  -0.0433868 -0.00328475  0.00755347  0.00631654 2.59824e-05 0.0376807 0.0361344 0.0205056 0.165395 0.079201 -9.80729 
             1.00001  0.189727 -0.136555 0.0182895 -0.00227667 -0.00497111 -0.00259879   -0.181284    0.136866 -0.00284862   0.34218 0.0234148  0.129321 -0.0248454 -0.0456516 -0.0122609  0.00756578  0.00634613 7.02859e-05  0.023415 0.0318006   0.03152  0.178935 0.0833226  -9.80701 
             1.09939  0.134727 -0.149527 0.0171555 -0.00663186 -0.00548366 -0.00259899  -0.129906   0.152264 -0.0011758  0.342176 0.0234078   0.12933  -0.0376868  -0.0369482 -0.00976853 0.00759976 0.00631087 6.9435e-05 0.0263169 0.0227183 0.0243718  0.176242 0.0920884  -9.80698 
             1.19966 0.0760766 -0.182984 0.0396059   -0.014045 -0.00349844   -0.002623 -0.0707673   0.181247   0.001016  0.342179 0.0234041   0.12934  -0.0574248  -0.0204451 -0.00781385   0.00757841   0.00631682 -7.71895e-05 0.0316131 0.0122317 0.0188173 0.171238 0.102198 -9.80697 
             1.30005  0.0445265 -0.0813956  0.0265077 -0.00910641 -0.00203078 -0.00194242  -0.0391773    0.087793 0.000436075  0.342174 0.0234056  0.129355  -0.0300294 -0.00999665 -0.00603626  0.00760594   0.0062879 3.00389e-05  0.0149494 0.00661864  0.0156925 0.187309 0.107578 -9.80662 
             1.39936  0.0473396 -0.0201265   0.025553 -0.00339573 -0.00372678 -0.00074938   -0.0428021    0.0222762 -0.000762925  0.34217 0.023412 0.129365 -0.00624738   -0.013845 -0.00151806 0.00759795 0.00632516 3.3157e-05 0.00332662 0.00734293  0.0110858 0.198534 0.106896 -9.80641 
             1.49982 0.0193326 0.0072016 0.0190229 -0.000412677 -0.000575662  4.65384e-05   -0.0130264  -0.00190473 -0.000282493  0.342169 0.0234148  0.129359   0.00354376 -0.000461681  0.000769003  0.00760924  0.00631954 6.40545e-05 -0.000930167   0.00204179   0.00884114 0.202651 0.112019 -9.80627 
             1.60006 0.0142692 0.0187229 0.0217318   0.00325721 -2.46117e-05  -0.00134999  -0.00993813   -0.0202913 -0.000379788  0.342164 0.0234098  0.129356   0.0130607  0.00149276 -0.00522855  0.00763139  0.00634485 6.36132e-05 -0.00430407  0.00144202   0.0132131 0.205801 0.112534  -9.8062 
             1.69936  0.0138459 0.00859285  0.0305359   0.00134308  0.000372489 -0.000835122  -0.00882954  -0.00418205 -0.000284757  0.34217 0.023414  0.12936  0.00527234  0.00263176 -0.00250109   0.0076529  0.00632966 4.40326e-05 -0.00138702  0.00127341   0.0101165 0.203082 0.112745 -9.80625 
             1.79973  0.00216459 -0.00875982    0.027909  -0.00185375   0.00289159 -0.000791552   0.00124123    0.0121866 -0.000201751  0.342172 0.0234147  0.129363 -0.00502842  0.00994201 -0.00211895  0.00767454  0.00634762 7.36804e-05   0.00152876 -0.000498015    0.0089806 0.200294  0.11445 -9.80629 
             1.90003 0.00157901 -0.0403187  0.0339868 -0.00978554  0.00417914 -0.00125931   0.00219279    0.0415812 -0.000280848  0.342172 0.0234152  0.129378  -0.0260262   0.0119398 -0.00279701 0.00770127 0.00636764 5.4471e-05   0.00671034 -0.000664338   0.00884965 0.195315 0.114559 -9.80639 
             1.99938 -0.0119392 -0.0298737  0.0356629  -0.0106174  0.00837139 9.26036e-05    0.0130263    0.0347784 -0.000350673  0.342173 0.0234161  0.129372 -0.0239311  0.0222198 0.00218262  0.00769644    0.006374 7.07218e-05  0.00554684 -0.00257407  0.00579103 0.196507  0.11649 -9.80634 
             2.09977  0.0121497 -0.0482111  0.0562289  -0.0184894  0.00372803 9.58234e-05   -0.0110511    0.0529486 -0.000360642   0.34217 0.0234176  0.129391   -0.04001 0.00404634 0.00136179  0.00767365  0.00638271 2.59359e-06 0.00872721 0.00167811 0.00569799 0.193554 0.112361 -9.80645 
             2.19937   0.010495 -0.0223064  0.0383036   -0.0139732   0.00524396 -0.000248391 -0.00779203   0.0269836 5.20068e-05  0.342171 0.0234186  0.129386   -0.0208887    0.0078118 -0.000953304  0.00766047  0.00636986 8.94275e-05 0.00412125 0.00110196 0.00700362  0.19792 0.112968 -9.80635 
             2.30012  0.0152818 -0.0157001  0.0402458  -0.0134026  0.00515608 0.000172884  -0.0106214   0.0193568 0.000220293   0.34217 0.0234194  0.129386  -0.0152342  0.00556667 0.000606259   0.0076413  0.00636381 8.28496e-05 0.00278431 0.00160231 0.00623033 0.199239  0.11254 -9.80633 
             2.39943  0.0295441 0.00351223   0.037202 -0.00940178   0.0022201  -0.0011743   -0.020982  0.00509058 0.000594489  0.342173 0.0234188   0.12939 -0.00246467  -0.0026674 -0.00410422  0.00764421  0.00636209 8.15004e-05 0.000218639  0.00343223  0.00861054 0.201682 0.110783  -9.8063 
             2.49986  0.0351561 0.00909159  0.0266182  -0.00557788  9.23212e-05 -0.000951657  -0.0263112 -0.00476052 0.000845871  0.342174 0.0234202  0.129391  0.00722978 -0.00808885 -0.00282022  0.00766039  0.00638223 0.000132577 -0.00150624  0.00437183  0.00778105 0.203386 0.109946 -9.80627 
             2.60123  0.033703 0.0169526 0.0342942   -0.0038562  -0.00198126 -0.000668285 -0.0295262 -0.0069123 0.00093536  0.342174 0.0234202  0.129391   0.0106758  -0.0121344 -0.00072079   0.0076835   0.0063959 0.000113338 -0.00187493  0.00493552  0.00704567 0.203777 0.109432 -9.80627 
             2.69961 0.0323459  0.014883 0.0282855  0.00144746 -0.00021134 -0.00128446 -0.0225452  -0.015946   0.001035  0.342173 0.0234208   0.12939   0.0207574 -0.00353756 -0.00253069  0.00770309  0.00641423 0.000132543 -0.00347103   0.0037094  0.00792759 0.205247 0.110621 -9.80623 
             2.80003  0.025236 0.0132862 0.0180218  0.000976193 -7.05343e-05 -0.000630352  -0.0215671  -0.0107839 0.000918438  0.342174 0.0234199  0.129391    0.0153069 -0.000893726  0.000970571  0.00773785  0.00640952 0.000191145 -0.00255966  0.00354095  0.00672158  0.20442 0.110788 -9.80624 
             2.89932 0.0268248 0.0074242 0.0204194 0.000405051 -0.00394494  0.00101219  -0.0296614 -0.00650124  0.00104279  0.342176 0.0234199  0.129392  0.0123428 -0.0121486 0.00658435  0.00771784  0.00642662 0.000183082 -0.00179433  0.00495205  0.00480391  0.20379 0.109461 -9.80627 
             2.99972 0.0263471 0.0173458 0.0204109  0.00406201 -0.00305267  0.00179876   -0.025361  -0.0110092 0.000988694  0.342177 0.0234199  0.129391   0.0165996 -0.00658101  0.00650616  0.00768829  0.00643613 0.000181191 -0.0025798 0.00420418 0.00473411 0.204535 0.110189 -9.80625 
             3.10014 0.0314277 0.0144309 0.0229984  0.00423295  -0.0043548 0.000974059  -0.0267776 -0.00836845  0.00100752  0.342176 0.0234191  0.129392   0.0147074 -0.00608949  0.00210911  0.00771035  0.00643932 0.000164898 -0.00212709  0.00444201  0.00631145 0.204036 0.109926 -9.80626 
              3.1995 0.0256357 0.0115793 0.0250681  0.00468489 -0.00291573 0.000213783  -0.0229608  -0.0067157 0.000837918  0.342176 0.0234191  0.129392   0.0121159  -0.0004399 -0.00157124  0.00769859  0.00645071 0.000158591 -0.00184471  0.00377864  0.00729013 0.203717 0.110538 -9.80626 
             3.30008 0.0219202 0.0121182 0.0255663  0.00590732 0.000706338 0.000260517  -0.0163931 -0.00658056 0.000589378  0.342176 0.0234191  0.129392    0.0134947   0.00927041 -0.000942161  0.00765233    0.006462 0.000165196 -0.00181808  0.00263295  0.00711516 0.203691 0.111635 -9.80625 
             3.39988  0.0241029 0.00384517  0.0218473   0.00294773   0.00153405 -0.000610527   -0.0165886 -5.84049e-05  0.000455451  0.342176 0.0234188  0.129393   0.0025807   0.0110025 -0.00284029  0.00766077  0.00645506 0.000177784 -0.000684676   0.00266957   0.00782806  0.20258 0.111578 -9.80627 
             3.49935 0.0317969 0.0111432 0.0169043   0.00866554  -0.00299396 -0.000677442  -0.0264584  -0.0083156 0.000983153  0.342177 0.0234195  0.129396   0.0159407 -0.00291372 -0.00185077  0.00768721  0.00648531 0.000191016 -0.00213675   0.0044073   0.0076637 0.203987 0.109936 -9.80626 
             3.59971 0.0258578 0.0102185   0.01467   0.0123162 -0.00301867 0.000764911 -0.0261466 -0.0111733 0.00105995  0.342177 0.0234197  0.129395   0.0211697 -0.00281805  0.00313219  0.00767993  0.00649694 0.000195283 -0.00262462  0.00434069  0.00606465 0.204516 0.110037 -9.80625 
             3.70004  0.0287587 0.00532228  0.0195619  0.00864411 -0.00296704 0.000609255  -0.0254354 -0.00283954 0.000777015  0.342177 0.0234198  0.129396  0.00891985 -0.00103639  0.00194395  0.00766203  0.00649155 0.000168043 -0.00116509   0.0042197  0.00642657 0.203111 0.110136 -9.80628 
             3.80037   0.0234266 -0.00231445   0.0294446   0.00544982  -0.00180869 -6.14635e-05  -0.0233609  0.00280539 0.000521264  0.342177 0.0234209  0.129398 -0.000374586   0.00315353 -0.000441454  0.00767215  0.00649363 0.000138863 -0.000179837   0.00386033    0.0071787 0.202141 0.110456 -9.80629 
             3.89977   0.0245713 -0.00447158   0.0243279  0.00389301 -0.00126024 -0.00114668  -0.0229142  0.00474678 0.000451181  0.342176 0.0234208  0.129398 -0.00426473  0.00402633 -0.00313962  0.00766516  0.00649112 0.000155195 0.000157224  0.00378454  0.00814537 0.201781 0.110507  -9.8063 
             4.00003 0.0360988 -0.015819 0.0331173 -0.00326785 -0.00485475 -0.00126471  -0.0287924   0.0134774 0.000374244  0.342176 0.0234223  0.129402  -0.0202507 -0.00546989 -0.00183336  0.00766195  0.00649071 0.000136478  0.0016783 0.00481507 0.00782934 0.200356 0.109528 -9.80634 
             4.09938 0.0344573 -0.014401 0.0346483 -0.00616314 -0.00381349 -0.00103894  -0.0266417   0.0145055 0.000289392  0.342176 0.0234225  0.129402  -0.0239274 5.03504e-05 6.60631e-06  0.00767481  0.00648335 0.000143411 0.00186226 0.00443941 0.00750336  0.20019 0.109889 -9.80634 
             4.19977   0.0314409 -0.00915344   0.0353757  -0.0064975 -0.00347894 0.000410775  -0.0263435   0.0119118 0.000360393  0.342175 0.0234223  0.129402 -0.0203766 0.00103653 0.00471425   0.0076717  0.00648467 0.000143262 0.00142389 0.00438167 0.00639987 0.200641 0.109967 -9.80633 
             4.30023 0.0192809 0.0045684 0.0198307   -0.0017589 -6.68582e-05  0.000971408   -0.022169  0.00417387 0.000568181  0.342173 0.0234243  0.129405 -0.00524942  0.00962508  0.00559106  0.00766578  0.00649738 0.000178827 6.03564e-05  0.00365453  0.00647012 0.201922 0.110665  -9.8063 
             4.40033   0.0258959 -0.00177027   0.0201596 0.000721271 0.000153009    0.001075  -0.0232381 0.000873182 0.000647227  0.342173 0.0234246  0.129405 0.00140833 0.00948214 0.00444859  0.00765728  0.00651568 0.000182988 -0.000523647   0.00384227   0.00683303 0.202466 0.110486 -9.80629 
             4.49972    0.0326866 -0.000968006    0.0303326 -0.000526835  -0.00494746  0.000351077  -0.0304143  0.00224749 0.000562419  0.342172 0.0234237  0.129407  -0.0023353 -0.00538019  0.00098291  0.00770613   0.0065043 0.000160372 -0.00030446  0.00508973  0.00757035 0.202251 0.109293 -9.80631 
             4.60009   0.0324748 -0.00257698   0.0366075 -0.00263789 -0.00709605   0.0013083  -0.0322138  0.00414722 0.000474255  0.342172 0.0234243  0.129408 -0.00665839  -0.0102046  0.00443589  0.00770997  0.00648651 0.000139306 3.61174e-05  0.00539798   0.0069904 0.201952  0.10901 -9.80631 
             4.69952  0.0330776 0.00340979   0.035341 -9.52264e-05  -0.00655469   0.00110593  -0.0305665 0.000998488 0.000594791  0.342172 0.0234241  0.129407 0.000433441 -0.00496868  0.00229266  0.00770013  0.00650494 0.000140488 -0.00051907  0.00511427   0.0074744 0.202456 0.109273  -9.8063 
             4.79995  0.0346175 0.00472533  0.0306871  0.000326352  -0.00734577 -0.000120147  -0.0308216  0.00063932 0.000610426  0.342172 0.0234238  0.129407   0.0014034 -0.00586751  -0.0020247  0.00771058  0.00651319 0.000147559 -0.000595684   0.00516419    0.0084525 0.202494  0.10921  -9.8063 
             4.90024  0.0314088 0.00234965  0.0361163    0.001533 -0.00758548 0.000193411   -0.0304926 -0.000350938  0.000643181  0.342172 0.0234237  0.129407  0.00354093  -0.0048125 0.000345084  0.00770784  0.00652514 0.000133759 -0.00076467   0.0051051  0.00816464 0.202663 0.109272  -9.8063 
             4.99963    0.029863 -0.00717721   0.0407009 -0.00565263 -0.00838642 0.000529414  -0.0306946  0.00643888 0.000451184  0.342172 0.0234242   0.12941 -0.0136224 -0.0056302 0.00240043  0.00769278   0.0065037 0.000121821 0.000417595  0.00514212  0.00795535  0.20156  0.10923 -9.80632 
              5.0999   0.0354476 0.000613612   0.0327068 -0.000351903  -0.00750635  0.000155623  -0.0293351 0.000478503 0.000534999  0.342172 0.0234247  0.129409 -0.000142266  -0.00143151  0.000311688  0.00769087   0.0065059 0.000137154 -0.000622096   0.00490297   0.00842251 0.202515 0.109456  -9.8063 
             5.20175   0.0265808 -0.00404624   0.0312543 -0.00368588 -0.00409641 0.000570173  -0.0256989  0.00339514 0.000442091  0.342171 0.0234242   0.12941 -0.00744856  0.00798769  0.00197347  0.00770326  0.00649991 0.000141177 -0.000115597   0.00427404   0.00817381 0.202042 0.110044  -9.8063 
             5.30087     0.029957 -0.000589242    0.0364663   -0.006548 -0.00266934  0.00120661  -0.0250447  0.00523283 0.000412451  0.342171 0.0234244   0.12941 -0.0122071  0.0103988 0.00386579 0.00769738 0.00649574 0.00012979 0.000210406  0.00416131  0.00790215 0.201745  0.11015 -9.80631 
             5.39996  0.0296613 0.00441834  0.0195516 0.000432462 -0.00154037 0.000753242  -0.0250762 -0.00169075 0.000433303  0.342172 0.0234263   0.12941 0.00607105 0.00998968 0.00213374  0.00769573   0.0064878 0.000164305 -0.00101272  0.00416655  0.00847618 0.202869 0.110149 -9.80628 
              5.5001    0.0271079 -0.000285831    0.0339419 -0.00102338 0.000727054 0.000101912  -0.0238314 5.69237e-06 0.000397848  0.342172 0.0234265   0.12941  0.000932953    0.0137651 -0.000561731  0.00770557  0.00649525 0.000129651 -0.000719797   0.00394454   0.00896716 0.202575 0.110344 -9.80629 
             5.59974  0.0312646 0.00668087  0.0358584  -0.00027403 -0.000125737   0.00106675   -0.0258926 -0.000543213  0.000431225  0.342171 0.0234269  0.129411 0.00236116 0.00764066 0.00286948  0.00769834  0.00649211 0.000124423 -0.000812758   0.00431053   0.00839317 0.202687 0.110015 -9.80629 
             5.69997   0.0299499 -0.00366727   0.0339603 -0.00512574 0.000548472 0.000102405  -0.0259227  0.00350247 0.000430163   0.34217 0.0234269  0.129412  -0.00865273    0.0084452 -0.000972756  0.00770135  0.00650579 0.000125821 -0.000114459   0.00431003   0.00904314 0.202012 0.109995  -9.8063 
              5.8002 0.0381959 0.0022409 0.0455651  -0.00252031  -0.00354139 -0.000138752  -0.0304345 0.000742245 0.000517553 0.342168 0.023426 0.129413 -0.000963848  -0.00429805  -0.00123107  0.00770525  0.00650781 0.000102835 -0.000609598   0.00510565   0.00913564  0.20248 0.109261  -9.8063 
             5.89976   0.0340249 3.70855e-05   0.0353062 -0.00110052 -0.00339788 0.000660428   -0.0299392 -0.000404062  0.000512046 0.342168 0.023426 0.129413  0.00197434 -0.00379076  0.00237973  0.00771052  0.00650548 0.000132263 -0.000808903   0.00501838   0.00865554 0.202682 0.109353  -9.8063 
             6.00059 0.0330642 0.0030668   0.03916 0.000515177 -0.00460466 0.000237544  -0.0306866  -0.0015095 0.000531798  0.342168 0.0234261  0.129413  0.00507727 -0.00587161   6.761e-05   0.0077107  0.00649653 0.000124502 -0.00100865   0.0051509  0.00900554 0.202857 0.109227 -9.80629 
              6.0994  0.0357591 0.00518236  0.0300954  0.00377353 -0.00630255 0.000187097  -0.0317402 -0.00361266 0.000540062  0.342169 0.0234266  0.129413   0.0114437   -0.007966 2.12131e-05  0.00771666  0.00649273 0.000145534 -0.00138613  0.00534086  0.00904787 0.203208 0.109056 -9.80629 
             6.19984  0.0355168 0.00398431  0.0312611   0.00285322  -0.00537405 -0.000277835  -0.0302375 -0.00204275 0.000516354  0.342169 0.0234264  0.129413  0.00720559 -0.00349914 -0.00136744  0.00771042  0.00648973 0.000146154 -0.00110556  0.00506662  0.00928607 0.202935 0.109302 -9.80629 
             6.30014   0.0375856 -0.00186525    0.041471  -0.00149099  -0.00631135 -0.000195999  -0.0306256   0.0017041 0.000494107  0.342169 0.0234272  0.129414 -0.00378795 -0.00548008 0.000210436  0.00771274  0.00648251 0.000126593 -0.000428464   0.00513822   0.00916207 0.202316 0.109228 -9.80631 
              6.3996    0.035607 -0.00113674    0.038894  -0.00349122  -0.00881632 -8.77139e-05 -0.0321917 0.00283546 0.00054432  0.342169 0.0234273  0.129415 -0.00769518  -0.0109527 0.000293459  0.00772733  0.00647289 0.000129036 -0.000223822   0.00542225   0.00909947 0.202133 0.108965 -9.80631 
             6.49978   0.0355091 -0.00641697   0.0488847 -0.00868433 -0.00652479 -0.00100436    -0.02941  0.00592461 0.000433106 0.342169 0.023428 0.129415  -0.0176919 -0.00236451 -0.00327671  0.00773506  0.00647357 0.000110208 0.000334178  0.00491756  0.00952307 0.201597 0.109416 -9.80632 
             6.60016   0.0353568 -0.00657641    0.049381   -0.0114496  -0.00576854 -0.000799252  -0.0286115  0.00658429 0.000406498  0.342169 0.0234282  0.129415  -0.0206251 0.000198983 -0.00248616  0.00773566   0.0064655 0.000116232 0.000454859   0.0047765  0.00925089 0.201493 0.109548 -9.80632 
              6.6994   0.0302779 -0.00280363    0.037444  -0.00848435  -0.00144258 -0.000458391  -0.0254743   0.0033182 0.000217797  0.342168 0.0234291  0.129415   -0.0100208    0.0114793 -0.000962713  0.00773577   0.0064731 0.000146022 -0.000149805   0.00419892   0.00902896 0.202045 0.110089  -9.8063 
              6.7998  0.0292315 0.00129189  0.0394867 -0.00712259  -0.0014854 4.55582e-07  -0.0263603  0.00174348 0.000207052  0.342168 0.0234294  0.129416 -0.00571317  0.00725964 0.000151325  0.00773621  0.00646897 0.000138229 -0.000442769   0.00437129    0.0087568 0.202326 0.109941  -9.8063 
             6.90007 0.0337415 0.0014339 0.0400997  -0.00878963  -0.00410936 -0.000122486  -0.0288233  0.00243168 0.000256122  0.342168 0.0234293  0.129416 -0.00788572 -0.00179117 -2.3308e-05  0.00773475  0.00646942 0.000137913 -0.000315015   0.00484072   0.00879024 0.202219 0.109509  -9.8063 
             6.99962 0.0338057 0.0052519 0.0440334 -0.00641491 -0.00511437  0.00024506  -0.0294322 0.000362952 0.000202722  0.342168 0.0234293  0.129417 -0.00108773 -0.00500008  0.00117368  0.00773518  0.00646957 0.000135895 -0.000708497    0.0049617   0.00862637 0.202587  0.10941  -9.8063 
              7.1028  0.0320876 0.00893999  0.0427968 -0.00621995  -0.0072168 0.000486536  -0.0306304 0.000154603 0.000195843  0.342168 0.0234293  0.129417 -0.000799507  -0.00911805  0.000335125  0.00773737   0.0064773 0.000133186 -0.000746912   0.00519399   0.00853197 0.202631   0.1092  -9.8063 
             7.20004  0.0303085 0.00609436  0.0418612 -0.00399115 -0.00367495 0.000252448  -0.0273514 -0.00133373 0.000113894  0.342167 0.0234293  0.129416  0.00352568  0.00188838 -0.00159526   0.0077427  0.00648289 0.000133033 -0.00103262  0.00456174  0.00867028 0.202871 0.109779 -9.80629 
             7.29946  0.0301691 0.00207458  0.0441007 -0.00126468 -0.00527002 9.80285e-05  -0.0286602 -0.00285245  4.1754e-05  0.342167 0.0234293  0.129416  0.00895235 -0.00265356 -0.00189078  0.00774108  0.00649121 0.000134713 -0.00132556   0.0048165  0.00866374 0.203144 0.109554 -9.80628 
              7.3997   0.028316 0.00928999   0.034405   0.0014551 -0.00299187  0.00024033   -0.0269598   -0.0039398 -2.19838e-06  0.342167 0.0234295  0.129416   0.0133457  0.00358985 -0.00078951  0.00773189  0.00649026 0.000157747 -0.00153638  0.00448419  0.00856049 0.203332 0.109862 -9.80628 
             7.49956 0.0315122 0.0048132 0.0341697  0.000150978  -0.00546203 -0.000795573  -0.0287931 -0.00241756 6.14061e-05  0.342167 0.0234289  0.129417   0.0079715 -0.00348499   -0.004491  0.00774445  0.00648666 0.000153558 -0.00124662  0.00483754  0.00889799 0.203064  0.10953 -9.80629 
             7.59948  0.0357228 0.00613326  0.0285121  0.00530242 -0.00755067   -0.001163   -0.0299019  -0.00481927 -1.06231e-05  0.342167 0.0234295  0.129417   0.0183269 -0.00910888 -0.00544709  0.00776326  0.00651476 0.000162495 -0.0017173 0.00505671 0.00886419 0.203496 0.109342 -9.80628 
              7.6997  0.0367074 0.00114107  0.0282761  0.00229611  -0.0105796 -0.00124922  -0.0310635 -0.00226364 9.35008e-05  0.342167 0.0234295  0.129418  0.0076289 -0.0149371 -0.0044405  0.00779256  0.00648145 0.000161483 -0.00121728  0.00528757   0.0086554 0.203057 0.109128 -9.80629 
              7.8001   0.0309494 0.000691568    0.037511 -0.000204817   -0.0062718 -0.000266364   -0.0277284 -0.000571758 -1.48828e-05  0.342169 0.0234297  0.129419 -0.000334577 -0.000255694  -0.00111649  0.00773323  0.00645312 0.000142583 -0.000884005   0.00463298   0.00811715  0.20277 0.109721 -9.80629 
             7.89938  0.0344229 0.00582467  0.0291925  0.00175063 -0.00572341 0.000418878   -0.0274005  -0.00152567 -6.23195e-05  0.342169 0.0234299  0.129419  0.00400262 0.000998396  0.00173867  0.00773581    0.006465 0.000155101 -0.00107664  0.00457284  0.00782848 0.202955 0.109781 -9.80629 
             7.99981  0.0282264 0.00189203  0.0349257 0.000719965 -0.00822731  0.00138747   -0.0288555 -0.000798683  2.95928e-05  0.342169 0.0234298  0.129419  0.00114195 -0.00635353  0.00379811  0.00776621  0.00645587 0.000143512 -0.000928635   0.00487537   0.00747588 0.202838 0.109514 -9.80629 
             8.10017  0.0314987 0.00168994  0.0412396 -0.000555123  -0.00832156    0.0020347   -0.0284876 -7.10834e-05  3.72507e-05  0.342169 0.0234301  0.129419 -0.00214812 -0.00525841  0.00401911  0.00776118  0.00644341 0.000137448 -0.000782627   0.00480576   0.00734863 0.202711 0.109577 -9.80629 
             8.19963  0.0307366 0.00365024  0.0376719 -0.00218751 -0.00891664  0.00146955  -0.0285231 0.000650736 7.39505e-05 0.342169  0.02343 0.129419 -0.00513717 -0.00587178 0.000937982  0.00776661  0.00643385 0.000142899 -0.000640309   0.00480124   0.00775211 0.202569 0.109573  -9.8063 
             8.29998  0.0305145 0.00450544  0.0459127 -0.00758304 -0.00768165 0.000286447  -0.0273476  0.00322696 0.000156738  0.342169 0.0234304  0.129419    -0.015972 -0.000914192  -0.00306385  0.00777326  0.00642106 0.000123124 -0.000132261   0.00455688   0.00825119 0.202094 0.109779  -9.8063 
             8.40021  0.0317179 0.00374163  0.0320847 -0.00574459 -0.00655268 0.000483883  -0.0266399  0.00138545 2.83761e-05  0.342169 0.0234312  0.129418  -0.00941868   0.00304884 -0.000979068  0.00777697  0.00643392 0.000141543 -0.000494393   0.00442291   0.00808126 0.202421 0.109904  -9.8063 
             8.49953  0.0332949 0.00257076  0.0438944  -0.00430918  -0.00882365 -0.000292556   -0.028292 8.96526e-05 2.49484e-05  0.342168 0.0234308  0.129419  -0.0043166 -0.00331417 -0.00335526  0.00778279  0.00644466 0.000115833 -0.000751763   0.00473931   0.00834302 0.202646 0.109623 -9.80629 
             8.60023 0.0317617 0.0053122  0.045757  -0.0033758  -0.0138561 0.000157434   -0.0312282 -0.000649452  2.57612e-05  0.342168 0.0234307  0.129419 -0.000786299   -0.0156628 -0.000778036    0.007793  0.00645047 0.000109306 -0.000887488   0.00530123   0.00801518 0.202788 0.109133  -9.8063 
             8.70006  0.0315897 0.00352733  0.0445159 -0.00571236  -0.0102403 0.000474625  -0.0280144 0.000569141 1.83088e-05  0.342168 0.0234306  0.129419 -0.00598124 -0.00220737  9.4147e-05  0.00779309   0.0064494 0.000112231 -0.00064988  0.00468747  0.00786576 0.202571 0.109674 -9.80629 
             8.79933 0.0286719 0.0099632  0.041378  -0.00176237  -0.00706372 -5.76889e-05  -0.0260178 -0.00179367 1.64016e-05  0.342168 0.0234309  0.129419  0.00383442  0.00676454 -0.00168629   0.0078006  0.00645237 0.000122945 -0.00110583  0.00430848  0.00811263 0.202957 0.110012 -9.80628 
             8.89976  0.0285765 0.00537396  0.0295462 -0.000797934  -0.00648943  0.000582751  -0.0260861 -0.00212282 1.92634e-05  0.342168 0.0234312  0.129419  0.00418743   0.0055395 0.000327232  0.00780453  0.00646268 0.000147448 -0.00116533  0.00431947  0.00779215 0.203023 0.110008 -9.80628 
             9.00033  0.0280982 0.00759626  0.0298687  0.00333729 -0.00610341 0.000845657  -0.0262297 -0.00400806 4.62678e-05  0.342168 0.0234318  0.129419   0.0123303  0.00447715 0.000756895  0.00780608  0.00646501 0.000141617 -0.00152573  0.00434772  0.00771693 0.203344 0.109992 -9.80628 
             9.09963  0.0287201 0.00335009  0.0377508  0.00237335 -0.00574526 0.000485202  -0.0262399 -0.00288998 3.55501e-05  0.342168 0.0234319  0.129419  0.00802076  0.00370087 -0.00146182  0.00780748  0.00646749 0.000130694 -0.0013128 0.00434762 0.00785391 0.203151 0.109986 -9.80628 
             9.19984 0.0278764  0.007529 0.0299017  0.00557969   -0.007175 0.000488568  -0.0272981 -0.00406158  3.9154e-05 0.342168 0.023432 0.129419   0.0139909 -0.00120065 -0.00195638  0.00780548  0.00646424 0.000141078 -0.00154088  0.00455867  0.00777735 0.203358 0.109806 -9.80628 
             9.30015  0.0311939 0.00839896  0.0317275  0.00420756 -0.00751865 0.000986234  -0.0273366 -0.00269232 6.28563e-05  0.342168 0.0234324  0.129419   0.00817824  -0.00260574 -0.000226451  0.00780055  0.00647154 0.000139582 -0.00126769  0.00457497  0.00749268  0.20313 0.109793 -9.80628 
             9.39945  0.0315411 0.00371344  0.0364074 0.00174968 -0.0086427 0.00034341  -0.0277964 -0.00110689 0.000134017  0.342168 0.0234327   0.12942  0.00174667 -0.00502783 -0.00209306  0.00780714  0.00648186 0.000123463 -0.0009486 0.00466078 0.00770846 0.202843 0.109711 -9.80629 
             9.49991  0.0303356 0.00608991  0.0256866  0.00314839  -0.0111239 0.000940146  -0.0288475 -0.00166431  0.00015788  0.342168 0.0234329   0.12942    0.0043557   -0.0107538 -0.000110428  0.00780382  0.00648301 0.000138943 -0.00106421  0.00488984  0.00740948 0.202959 0.109517 -9.80629 
             9.60024  0.0311024 0.00186706  0.0248997  0.00108242  -0.0138439 0.000474982   -0.0297168 -0.000508766  0.000281553  0.342168 0.0234328   0.12942 -0.000995957   -0.0154985  -0.00224547  0.00780528  0.00648602 0.000134407 -0.000828524   0.00506265   0.00753331 0.202749 0.109363 -9.80629 
             9.69951  0.0302979 0.00140886  0.0413502  0.00053777   -0.014284 0.000435342   -0.0291307 -0.000293063  0.000255911 0.342169 0.023433  0.12942  -0.0021726   -0.012222 -0.00170905  0.00780501  0.00648774 0.000106017 -0.000783959   0.00494416   0.00747155 0.202713 0.109467 -9.80629 
             9.79992  0.0279224 0.00353047  0.0401297  0.00521375  -0.0142472 0.000993348   -0.028504 -0.00244587 8.80981e-05  0.342169 0.0234322   0.12942  0.00869972 -0.00924268 -0.00107539  0.00780547  0.00648697 0.000110748 -0.00122765  0.00482247   0.0072112 0.203108 0.109577 -9.80628 
             9.90028  0.0286877 0.00278707  0.0391967 -0.00232375  -0.0127386 0.000459298  -0.0271928  0.00122194 0.000225026  0.342169 0.0234325   0.12942 -0.00998994 -0.00264721 -0.00253499  0.00780167  0.00648729 0.000108569 -0.000466166   0.00454845   0.00731916 0.202443  0.10981  -9.8063 
             9.99965  0.0295941 0.00600854  0.0382707 0.000818258  -0.0105681 5.75749e-05   -0.0260533 -0.000507285  9.42697e-05  0.342169 0.0234325   0.12942 -0.00071625  0.00349349 -0.00272703  0.00780453  0.00648732 0.000113093 -0.000829316   0.00430621   0.00739971 0.202752  0.11002 -9.80629 
                10.1  0.0274282 0.00379917  0.0431327   0.00117468   -0.0113477 -8.67806e-05  -0.0266357 -0.00071028 0.000111507  0.342169 0.0234325   0.12942 0.000431555  0.00142604 -0.00258165  0.00781248  0.00649461 0.000106231 -0.000871609    0.0044282   0.00735252 0.202792 0.109916 -9.80629 
             10.2004  0.0267308 0.00023278  0.0319537  0.00235452  -0.0101987 0.000561229    -0.02616 -0.00117113 8.71738e-05  0.342169 0.0234328   0.12942  0.00324117  0.00373162 -0.00018306  0.00781322  0.00649563 0.000124292 -0.000964091    0.0043287   0.00705252 0.202881 0.110008 -9.80628 
             10.2998  0.0228782 0.00401222  0.0521603 -0.00121332 -0.00917974  0.00085548  -0.0257725 0.000477618 4.51133e-05  0.342169 0.0234336   0.12942 -0.00552147  0.00529567  0.00150736  0.00781232  0.00649692 0.000106175 -0.000626703   0.00425148   0.00694981 0.202594 0.110071 -9.80629 
             10.4004  0.028891 0.0038615 0.0285009 -0.000333389  -0.00743854  0.000730065   -0.0251951 -0.000157632  1.57112e-05  0.342168 0.0234339   0.12942 -0.00350201  0.00828492 0.000388995  0.00780745   0.0064954 0.000134608 -0.000754815    0.0041359   0.00703795 0.202698  0.11017 -9.80629 
             10.5001  0.0270282 0.00324415  0.0335525 0.000351847 -0.00855257  0.00110742   -0.0261434 -0.000583611  4.28174e-05  0.342169 0.0234341   0.12942 -0.00114725  0.00330632  0.00147425  0.00780272  0.00649667 0.000128344 -0.000838397   0.00432452   0.00692918 0.202778 0.110013 -9.80629 
             10.6005    0.025587 0.000905124   0.0391936 -0.00265328 -0.00872778  0.00185387  -0.0263573 0.000588815 3.38759e-05  0.342169 0.0234342   0.12942 -0.00765211  0.00267676  0.00281015  0.00779857  0.00649913 0.000119947 -0.000602756   0.00436848   0.00673425 0.202585 0.109976 -9.80629 
             10.7005  0.0307695 0.00277459  0.0454202 -0.00403975  -0.0100432   0.0010439  -0.0270659 0.000841493 4.14508e-05  0.342168 0.0234339  0.129421  -0.00868887  -0.00115464 -0.000756795  0.00779575   0.0064986 0.000108819 -0.000559586   0.00450502   0.00703798  0.20254 0.109853 -9.80629 
             10.7996  0.0276206 0.00251777  0.0283501 0.00013999  -0.008775 0.00105145  -0.0265014 -0.00110223 4.41518e-05 0.342168 0.023435  0.12942  0.00177626  0.00174628 0.000183961  0.00779608  0.00650145 0.000126604 -0.000947162   0.00439362   0.00704253 0.202866 0.109954 -9.80629 
             10.8999    0.0262919 -3.33418e-05    0.0422061 -0.0082462 -0.0101717 0.00130472   -0.0270817   0.00202202 -1.14415e-05  0.342168 0.0234357  0.129421  -0.0180384 -0.00160179  0.00125872  0.00779886  0.00647923 0.000110793 -0.000324975   0.00451066   0.00694872 0.202346 0.109846  -9.8063 
             11.0009  0.0277509 0.00176176  0.0394058 -0.00719808  -0.0108324 0.000817871  -0.0273123 0.000995155 1.01675e-06  0.342168 0.0234355  0.129421  -0.0109036 -0.00340244  -0.0018899  0.00779824  0.00648501 0.000116637 -0.000532173    0.0045554   0.00710337 0.202516 0.109809 -9.80629 
             11.0999   0.026386 0.00546994   0.042541 -0.00628558 -0.00802973 0.000552887  -0.0260237 0.000262919 3.21319e-05  0.342168 0.0234354  0.129421 -0.00738827  0.00426891 -0.00254185  0.00778035   0.0064917 0.000107271 -0.000677375   0.00429938   0.00713245 0.202633 0.110025 -9.80629 
             11.2001  0.0249778 0.00316583  0.0369598 -0.00225765 -0.00815308 0.000878513  -0.0263309 -0.00145027 2.38966e-05  0.342168 0.0234356  0.129421  0.00301598  0.00359089 -0.00079091  0.00778133  0.00651597 0.000119958 -0.00101908  0.00436484  0.00698638 0.202925 0.109979 -9.80628 
             11.2995  0.0243693 0.00591545  0.0333114  0.00197321 -0.00886627   0.0008571  -0.0268381  -0.0028898 1.73882e-05 0.342169 0.023436 0.129421   0.0113008  0.00131211 0.000262448  0.00778106  0.00652893 0.000124351 -0.00131195  0.00447012  0.00698221 0.203172 0.109897 -9.80628 
             11.4003   0.0295531 0.000231821   0.0415734  0.00310119   -0.011324 0.000738183  -0.0279708 -0.00289017 2.00692e-05 0.342168 0.023436 0.129422    0.0116839  -0.00458393 -0.000413985  0.00777575  0.00653062 0.000118566 -0.00131485  0.00470296  0.00700481 0.203178 0.109703 -9.80628 
             11.5003  0.0285734 0.00655898  0.0269977  0.00640032 -0.00791598 0.000436016   -0.026341 -0.00366071 2.98689e-05  0.342167 0.0234363  0.129421    0.0158643   0.00631726 -0.000628799  0.00777629  0.00652581 0.000135582 -0.00147317    0.004374  0.00710636 0.203299 0.109976 -9.80628 
             11.5997  0.0287586 0.00346121  0.0330693  0.00766036 -0.00628884 0.000861354  -0.0259578 -0.00351129 1.84644e-05  0.342167 0.0234363  0.129421  0.0160159 0.00946649 0.00110002  0.00777315  0.00652868 0.000131776 -0.00144131  0.00429365  0.00698269 0.203276 0.110044 -9.80628 
             11.7002  0.0269444 0.00401518  0.0267303  0.00950967 -0.00780165 0.000192507  -0.0269867 -0.00363448 5.46967e-05  0.342167 0.0234364  0.129421    0.0165204    0.0036809 -0.000685469  0.00776877  0.00652434 0.000145418 -0.0014648 0.00450482 0.00719835 0.203291 0.109866 -9.80628 
             11.8004   0.026079 0.00252912  0.0277893  0.00921108 -0.00725094 6.70341e-05   -0.0269037  -0.00291184 -1.19091e-05  0.342167 0.0234364  0.129421   0.0131897  0.00505781 6.75139e-05  0.00776755  0.00652306 0.000140724 -0.00132353  0.00448962  0.00721482 0.203174 0.109877 -9.80628 
             11.8997    0.025533 -0.00109729    0.023268  0.00709525 -0.00454278 0.000361069    -0.025913  -0.00157258 -0.000179476  0.342167 0.0234363  0.129422  0.00643993   0.0109557 0.000935854  0.00776888  0.00652571 0.000151104 -0.00106601  0.00429685  0.00712619 0.202964 0.110034 -9.80628 
             12.0001  0.0250528 6.2881e-05  0.0186768  0.00798991 -0.00623613  0.00196388   -0.0272538  -0.00164067 -7.39521e-05  0.342168 0.0234364  0.129422 0.00649716 0.00461597 0.00599262  0.00775085  0.00652299 0.000152458 -0.00108626   0.0045387  0.00668948 0.202998 0.109846 -9.80628 
             12.0995  0.0284395 0.00369105  0.0226288  0.00453083 -0.00799676   0.0018099   -0.0282042 -0.000100767 -0.000136481  0.342168 0.0234364  0.129422  -0.00239604 -0.000529723   0.00365259  0.00774112  0.00652097 0.000148642 -0.000787674   0.00472305     0.006891 0.202747 0.109692 -9.80629 
             12.2001  0.0289924 0.00325076  0.0240557  0.00534527 -0.00727685  0.00132138   -0.0278024 -0.000525486 -0.000123518  0.342168 0.0234362  0.129422  6.50982e-06 -0.000955588   0.00111838  0.00774286  0.00651727 0.000144472 -0.000866744   0.00465037   0.00714146 0.202803 0.109745 -9.80629 
             12.2994  0.0396528 0.00620373  0.0266911  0.00378791  -0.0105744 0.000503456   -0.0292088  2.46218e-05 -8.09737e-05  0.342167 0.0234356  0.129423  -0.00394235  -0.00902432 -0.000591033  0.00774065  0.00652063 0.000133471 -0.00076592  0.00492228  0.00741622 0.202709 0.109521 -9.80629 
             12.3998  0.0421448 0.00467299  0.0128067  0.000828368   -0.0136922 -0.000167038   -0.0302895   0.00095747 -4.85369e-05  0.342168 0.0234351  0.129424 -0.00983364  -0.0115859  -0.0025148  0.00775609  0.00653021 0.000132609 -0.000588146   0.00512628   0.00757031 0.202558 0.109356  -9.8063 
             12.5003    0.0357171 -0.000789652   -0.0097633 -0.000173619   -0.0147726  6.50944e-05   -0.0302014   0.00106026 -4.07153e-05  0.342168 0.0234347  0.129424  -0.00559019   -0.0126577 -0.000787978 0.00777869 0.00653069 0.00012688 -0.000563652   0.00511082   0.00742977 0.202543  0.10937  -9.8063 
             12.5997  0.0331973  0.0127068 -0.0222179 0.00254893 -0.0116678 0.00142491   -0.0283788 -0.000208137 -0.000114774  0.342165 0.0234355  0.129425  -0.00901684 -0.000794674   0.00412425 0.00779072 0.00652097 0.00012316 -0.000823124   0.00474988   0.00707176 0.202776 0.109656 -9.80629 
             12.7001  0.0313104 0.00579359  -0.051277   0.00500223    -0.010762 -0.000106004   -0.0277719  -0.00139658 -0.000142254  0.342163 0.0234378  0.129425  0.00633144  -0.0036496 -0.00406065  0.00781064  0.00652441 0.000136084 -0.00106407  0.00464348  0.00758532 0.202956 0.109728 -9.80629 
             12.7999   0.0516489 -0.00384182   -0.107893 -0.00247907  -0.0140657 -0.00154916  -0.029051 0.00173204 1.5628e-06 0.342166 0.023427 0.129428 -0.0132233 -0.0123415 -0.0031585  0.00781474  0.00653593 0.000122387 -0.000476541   0.00487668   0.00791375 0.202459 0.109577  -9.8063 
             12.8996 0.0719075 0.0339037 -0.167973  0.00187097  -0.0215439 -0.00679336   -0.0319378  -0.00108376 -1.04541e-06  0.342188 0.0234289  0.129436 -0.0073087 -0.0222437 -0.0197418  0.00786877  0.00652317 0.000132224 -0.000974285    0.0053621   0.00915449 0.202745 0.109143  -9.8063 
             13.0001  0.0427418 0.00970565  -0.320525  0.00246813  -0.0284635 -0.00580428  -0.0339311 -0.00198113 -0.00029694  0.342216 0.0234286  0.129433  0.00490904  -0.0176168 -0.00684533  0.00794338   0.0065683 0.000125574 -0.00103496    0.005857  0.00846732 0.202727 0.108725  -9.8063 
             13.0995  0.0162746 -0.0107389  -0.309392   0.00604246   -0.0278254 -0.000955398  -0.0336477 -0.00331505 8.87078e-05  0.342224 0.0234179  0.129433  0.0036321 -0.0129976 0.00886257  0.00793195  0.00658454 0.000118447 -0.0011932  0.0055925 0.00701043  0.20296 0.108871  -9.8063 
             13.1999   0.0130488 -0.00551801   -0.301246  0.0126252 -0.0215605   0.002761  -0.0309149 -0.00495222 0.000831724  0.342235 0.0234148  0.129437   0.0173658 -0.00271031   0.0185456  0.00788536   0.0065742 0.000131073 -0.00150119   0.0048537  0.00631537 0.203481 0.109332 -9.80628 
             13.3003   0.0353536 -0.00792755   -0.301134  0.0098123 -0.0175038 0.00238171  -0.0288722 -0.00273994 0.000302903 0.342245 0.023417 0.129435 0.00961585  0.0135236  0.0132074  0.00786567   0.0065648 0.000135344 -0.00111099  0.00462274  0.00690838 0.203333 0.109654 -9.80628 
             13.3998 0.0399577 0.0133644 -0.318722   0.00969722   -0.0152096 -3.10879e-05  -0.0283266 -0.00256003 0.000299876  0.342252 0.0234132  0.129434 0.00179277  0.0226689 0.00216911  0.00789287  0.00654934 0.000146868 -0.00105777  0.00461979  0.00783276 0.203285 0.109662 -9.80628 
             13.5003   0.0206487 -0.00764244   -0.307359  0.00870189   -0.014489 0.000778227  -0.0291126  -0.0022126 8.34961e-05   0.34225 0.0234144  0.129434 0.00397143  0.0161085  0.0046561  0.00789878  0.00657005 0.000143624 -0.000991174   0.00474079   0.00768203 0.203166 0.109623 -9.80628 
             13.5996   0.0265841 0.000943975   -0.299206  0.0045401 -0.0183374 0.00127378   -0.0315463  -0.00126723 -0.000681325  0.342241 0.0234198  0.129435 -0.00933463  0.00123147  0.00516356   0.0078779  0.00655815 0.000141779 -0.000824771   0.00519162   0.00765616 0.202764 0.109443 -9.80629 
             13.7001  0.0435413 0.00249672  -0.307271  0.00361669  -0.0193124 0.000150161   -0.0320384  -0.00144927 -0.000637171   0.34224 0.0234175  0.129436 -0.00879502  0.00481857  0.00103078  0.00788134  0.00655589 0.000145964 -0.0008678  0.0053017 0.00807797 0.202705 0.109343  -9.8063 
             13.7993  0.0371061 0.00208306  -0.304007 -0.000677913   -0.0213372 -0.000907413  -0.0333565 -0.00054836 -0.00110255  0.342238 0.0234204  0.129436  -0.0162789 0.000397438 -0.00279863  0.00790479  0.00655642 0.000135893 -0.000715002   0.00556303   0.00835473 0.202432 0.109287  -9.8063 
             13.9002    0.026238 0.000558261   -0.307233   0.00189736   -0.0177023 -0.000321098   -0.0315772   -0.0015692 -0.000490988  0.342239 0.0234173  0.129437 -0.00881785  0.00575159  0.00036666  0.00789926  0.00656335 0.000147653 -0.000908233   0.00519692   0.00815949 0.202794 0.109378 -9.80629 
             14.0001  0.0407431 0.00129869  -0.290475  0.000491615   -0.0195883 -0.000690724   -0.0325542  -0.00164319 -0.000630298  0.342238 0.0234174  0.129438  -0.00995147   0.00206955 -0.000670771  0.00788346  0.00656359 0.000128634 -0.000928913   0.00539883   0.00826194 0.202672 0.109245  -9.8063 
             14.0995  0.0420855 0.00477842  -0.307479  0.00461041  -0.0214744 -0.00154713  -0.0329431 -0.00356638 -0.00035907  0.342239 0.0234169  0.129438 -0.000971544 -0.000734335  -0.00353196  0.00790082  0.00656002 0.000141328 -0.0013131 0.00549169 0.00846023 0.202839 0.108934  -9.8063 
             14.1999  0.0295084 0.00092029  -0.319945  0.00877013  -0.0173027 3.00254e-05  -0.0310758 -0.00446416 5.06499e-05  0.342237 0.0234158  0.129439 0.00788988   0.006868 0.00315634   0.0079031  0.00656653 0.000153459 -0.00148903  0.00509235  0.00803011 0.203209 0.109057 -9.80629 
             14.3004  0.0338177 0.00250348  -0.305601 0.00354766 -0.0208578 0.00214051   -0.0331489  -0.00316646 -0.000423186  0.342236 0.0234167  0.129439 -0.00652949 -0.00307325  0.00830657  0.00789242  0.00656156 0.000137249 -0.00118149  0.00549178  0.00757716 0.202776 0.109012  -9.8063 
             14.3998 0.0399672 0.0102643  -0.30327  0.00437726  -0.0223909 0.000496523   -0.0335664  -0.00370573 -0.000410728  0.342237 0.0234152   0.12944 -0.00385419 -0.00306248 0.000747896  0.00790252   0.0065578 0.000137182 -0.00132316  0.00556953  0.00817385 0.202794 0.108882  -9.8063 
             14.5002  0.0341704 0.00381345   -0.30443   0.0025561   -0.023248 0.000241999   -0.0338593   -0.0033226 -0.000463803  0.342237 0.0234152   0.12944  -0.00675769  -0.00627118 -0.000649627  0.00791052  0.00656572 0.000136758 -0.00124501  0.00562888  0.00824573 0.202707 0.108897  -9.8063 
             14.5996  0.0306836 0.00368767  -0.282084 -0.000798432   -0.0264195 -0.000254272   -0.0349622  -0.00279926 -0.000651526  0.342235 0.0234162   0.12944  -0.0133394  -0.0105345 -0.00283001  0.00790837   0.0065688 0.000128574 -0.00112801  0.00586849  0.00833154 0.202485 0.108826 -9.80631 
             14.7002  0.0441122 0.00954836  -0.279663  0.000444872   -0.0269153 -0.000803419   -0.0346703  -0.00354332 -0.000605052  0.342236 0.0234155   0.12944  -0.0091499 -0.00467545 -0.00385967   0.0079112  0.00656495 0.000126506 -0.00129917  0.00581225  0.00840193 0.202623 0.108755  -9.8063 
             14.7996    0.0212064 -0.000129332    -0.291412 -0.00181637  -0.0250868 0.000864364    -0.034126  -0.00294134 -0.000510908  0.342236 0.0234126  0.129441  -0.012806 -0.0026313 0.00199886  0.00791982  0.00657525 0.000122495 -0.00115237  0.00562706  0.00789495 0.202649 0.108959  -9.8063 
                14.9  0.0274737 0.00299275  -0.289213 0.000501926   -0.022763  0.00129631    -0.032933  -0.00367468 -0.000280147  0.342235 0.0234132  0.129441 -0.00630191  0.00225425  0.00237815  0.00789093  0.00656985 0.000128599 -0.00133797  0.00535587  0.00786248 0.202925 0.109018 -9.80629 
                  15  0.0429145 0.00828347  -0.290596    0.0016746   -0.0210976 -0.000347354   -0.0324242  -0.00401023 -0.000159499  0.342236 0.0234108   0.12944 -0.0029534  0.0105307 -0.0032939  0.00788807  0.00656723 0.000125458 -0.00144871  0.00523165  0.00832745  0.20305 0.109033 -9.80629 
             15.0994  0.0340563 0.00750689  -0.289283 -0.000106668   -0.0223812 -0.000807863   -0.0333281  -0.00386428 -0.000262714  0.342236 0.0234107  0.129441 -0.00747956  0.00493455 -0.00355138  0.00790089  0.00657522 0.000122255 -0.00140155  0.00544096  0.00835358 0.202899 0.108929  -9.8063 
             15.1998  0.0249725 0.00326836  -0.294032 0.00178226 -0.0226992 0.00133862  -0.0334888 -0.00477492 -0.00016885  0.342237 0.0234091   0.12944 -0.00231215  0.00072492  0.00393009  0.00788891  0.00657568 0.000133343 -0.0015712 0.00545163 0.00775748 0.203012 0.108824  -9.8063 
             15.3002  0.037051 0.0107628 -0.290803  0.00339202  -0.0223227 0.000861468   -0.0332393  -0.00524018 -0.000101992  0.342237 0.0234086   0.12944 0.00138404 0.00354438 0.00128742  0.00788256  0.00657186 0.000128848 -0.00169537  0.00540698  0.00796335  0.20311 0.108781 -9.80629 
             15.3997 0.0401225 0.0109652 -0.291189   0.00077686    -0.025618 -0.000541896   -0.0346546  -0.00481362 -0.000264279  0.342238 0.0234078  0.129441  -0.0047575 -0.00287634 -0.00353948  0.00789898  0.00657834 0.000127644 -0.00159908  0.00572047  0.00828215 0.202859 0.108645  -9.8063 
             15.5002   0.030021 0.00375337  -0.307613   0.00608033   -0.0260924 -0.000394697   -0.0342909  -0.00639272 -0.000140066 0.342238 0.023409  0.12944  0.00644033 -0.00500446 -0.00264781 0.00789713 0.00658962 0.00014907 -0.00195574  0.00565525  0.00817535  0.20312 0.108481  -9.8063 
             15.5995  0.0323795 0.00194774  -0.277872  0.00304873  -0.0262922 6.07033e-05   -0.0344693  -0.00540624 -0.000274695  0.342239 0.0234103  0.129441 -0.00156198 -0.00442021 -0.00117356  0.00788538  0.00658396 0.000119291 -0.00172313  0.00567258  0.00800656 0.202972 0.108603  -9.8063 
             15.6998  0.043904 0.0100973 -0.293181   0.00378369   -0.0254536 -0.000539577   -0.0340616  -0.00554656 -0.000227366 0.342239  0.02341  0.12944 -0.00112457  0.00148945 -0.00346429  0.00788561  0.00657645 0.000133602 -0.00176387  0.00558069  0.00810892 0.203046 0.108636  -9.8063 
             15.8002  0.0302562 0.00322004  -0.308343   0.00126047   -0.0207232 -0.000224673   -0.0329068  -0.00450009 -0.000172541  0.342237 0.0234088  0.129442 -0.00694427   0.0129644  -0.0014363  0.00789606  0.00658173 0.000152845 -0.00153879  0.00527787  0.00796766 0.203083  0.10895 -9.80629 
             15.8995 0.0300683 0.0064509 -0.299999  0.00509445  -0.0208342 0.000485624   -0.0330236  -0.00580565 -6.64753e-05  0.342237 0.0234087  0.129441  0.00205245  0.00883081 0.000361844 0.00788528  0.0065807 0.00014524 -0.00183697  0.00531932  0.00775713 0.203247 0.108755 -9.80629 
             15.9999 0.0408454 0.0027995 -0.298328  0.000783219   -0.0201885 -0.000235884   -0.0334297  -0.00471033 -0.000194214  0.342236 0.0234084  0.129442 -0.00811048   0.0107867 -0.00229859 0.00788021 0.00658398 0.00014194 -0.00157059  0.00540226  0.00791762 0.203033 0.108855 -9.80629 
                16.1  0.0365669 0.00390756  -0.278414  -0.00603174   -0.0211144 -0.000486016    -0.034478  -0.00343034 -0.000460089  0.342235 0.0234108  0.129442  -0.0204867  0.00765111 -0.00249132  0.00788582  0.00658527 0.000116628 -0.00123329  0.00564029  0.00790233 0.202692 0.108899  -9.8063 
             16.2003    0.0284923 -0.000611526    -0.281542 -0.00481287  -0.0217559 0.000139489   -0.0347007  -0.00441128 -0.000356554  0.342235 0.0234097  0.129441   -0.0141891   0.00382279 -0.000616374  0.00787974  0.00658128 0.000123519 -0.00145992  0.00570084  0.00769881   0.2028 0.108735  -9.8063 
             16.2997   0.036486 0.00600858  -0.276484 -0.00186006  -0.0201703 0.000412572    -0.034066  -0.00536702 -0.000154672  0.342235 0.0234093  0.129441 -0.00529124  0.00767464  0.00046101  0.00787068  0.00656765 0.000119822 -0.00171132  0.00555547  0.00763047 0.203036 0.108685  -9.8063 
                16.4  0.0391733 0.00556763  -0.289781 -0.00127856  -0.0209794  0.00014968   -0.0344529  -0.00580253 -0.000133745  0.342236 0.0234094  0.129442   -0.0039924   0.00544991 -0.000522496  0.00787293   0.0065654 0.000135843 -0.00181408  0.00566669  0.00769109 0.203038  0.10856  -9.8063 
             16.4994  0.0337846 0.00426163  -0.290852  0.000967947   -0.0199245 -0.000838918   -0.0340794  -0.00640408 -3.15877e-05 0.342236  0.02341 0.129442 0.000314601  0.00627026 -0.00451723  0.00787864  0.00655999 0.000135607 -0.00197648  0.00560069  0.00788538  0.20317 0.108512  -9.8063 
             16.5997  0.0338332 0.00657968  -0.293212   0.00285527   -0.0174929 -0.000144723  -0.0334919 -0.00669943 7.14599e-05  0.342235 0.0234102  0.129442  0.00374271   0.0105177 -0.00153395  0.00787218  0.00655641 0.000140441 -0.00205417  0.00544271  0.00764642 0.203306 0.108567 -9.80629 
             16.7001    0.03564 0.00988558  -0.297985     0.003143   -0.0184929 -0.000276947  -0.0341032  -0.0068894 2.65944e-05  0.342236 0.0234102  0.129442  0.00330426   0.0077668 -0.00155483  0.00786778  0.00655836 0.000145027 -0.0020874 0.00559964  0.0076325 0.203243 0.108453 -9.80629 
             16.7995  0.0371756 0.00657643  -0.302508   0.00519658   -0.0196277 -0.000777858  -0.0345221  -0.0074768 2.85054e-05  0.342236 0.0234104  0.129442  0.00628566  0.00403724 -0.00302982  0.00786354  0.00656017 0.000147545 -0.00222987  0.00572175  0.00770258 0.203263 0.108303  -9.8063 
             16.8997 0.0400613 0.0076943 -0.313031   0.00890663   -0.0207268 -0.000923335  -0.0347179 -0.00833868 9.23974e-05  0.342237 0.0234112  0.129442   0.0128261 2.59456e-05 -0.00283275   0.0078588  0.00655514 0.000159497 -0.00243962  0.00578901  0.00766246 0.203355 0.108149  -9.8063 
             17.0001  0.0374756 0.00694533  -0.302183   0.00482631   -0.0208324 -0.000160729   -0.0351883  -0.00710797 -0.000107853  0.342237 0.0234117  0.129442  0.00149774  0.00173362 0.000196582  0.00786185  0.00655847 0.000149635 -0.00211097  0.00586659  0.00742212 0.203121  0.10828  -9.8063 
             17.1002  0.0374422 0.00602722  -0.301648   0.00870402   -0.0175221 -0.000419797  -0.0340801 -0.00771617 6.19956e-05  0.342237 0.0234113  0.129442   0.0084233   0.0105667 -0.00123168  0.00786863  0.00655406 0.000150012 -0.00228964  0.00560354  0.00749317 0.203372 0.108338 -9.80629 
             17.1995  0.0351629 0.00587451  -0.301306   0.00613598   -0.0163877 -0.000282668   -0.0343108  -0.00692762 -8.08081e-05  0.342238 0.0234116  0.129442  0.000234849    0.0109297 -0.000881053  0.00786938  0.00655547 0.000149494 -0.00208652  0.00563846  0.00742253 0.203234  0.10843 -9.80629 
             17.2999 0.0340314 0.0106042 -0.300613  0.00871717  -0.0143268 0.000729229  -0.0339235 -0.00746163 5.15537e-05  0.342237 0.0234112  0.129442 0.00417078  0.0134845 0.00314436  0.00786621  0.00655316 0.000151593 -0.00222531  0.00553318  0.00720151 0.203379 0.108414 -9.80629 
             17.4002  0.0409473 0.00507807  -0.304972  0.00980967  -0.0179604 0.000902979   -0.0352668  -0.00808561 -3.49031e-05  0.342238 0.0234112  0.129444 0.00543967 0.00253442 0.00301954  0.00785976  0.00655537 0.000159275 -0.00235544  0.00588536  0.00722171 0.203256 0.108137  -9.8063 
             17.4995 0.0361429 0.0114422 -0.303764 0.00897769 -0.0188895 0.00118553   -0.0357044  -0.00787258 -0.000121964  0.342238 0.0234112  0.129443   0.00302972 -5.50151e-06   0.00236282  0.00786505  0.00655096 0.000161069 -0.00229245  0.00598715  0.00721138 0.203162 0.108114  -9.8063 
             17.5999  0.0389355 0.00766652  -0.298615   0.0062765  -0.0213438 0.000538094   -0.0365587  -0.00739234 -0.000292636  0.342237 0.0234115  0.129444  -0.00454105  -0.00597013 -0.000135701  0.00786361  0.00655476 0.000157158 -0.00216959  0.00619291  0.00738444 0.202971 0.108067  -9.8063 
             17.7002 0.0380053 0.0111093 -0.305465    0.007406  -0.0193043 0.000514156   -0.0357414  -0.00752601 -0.000185583  0.342237 0.0234115  0.129444   -0.0019187   0.00196195 -0.000146808  0.00786606  0.00655206 0.000164656 -0.00221877  0.00599977  0.00739315 0.203108  0.10815  -9.8063 
             17.7996  0.0408836 0.00900559  -0.321114   0.00849874   -0.0229836 -0.000352557   -0.0367528   -0.0081959 -0.000246688  0.342239 0.0234118  0.129444 2.03214e-05 -0.00616852 -0.00293229  0.00786774  0.00655352 0.000180398 -0.00236587   0.0062594  0.00755992 0.203042 0.107922  -9.8063 
             17.8999  0.0343533 0.00408163  -0.313916   0.00987479    -0.022652 -1.30477e-05   -0.0364307  -0.00845239 -0.000173081  0.342239 0.0234116  0.129444   0.00166294   -0.0035159 -0.000404431  0.00786999  0.00655153 0.000173792 -0.00242747  0.00617872  0.00744571 0.203124 0.107932  -9.8063 
             18.0003  0.0339026 0.00970126  -0.301218  0.00858372  -0.0216646 0.000531347   -0.0361922  -0.00802116 -0.000199301  0.342239 0.0234119  0.129444 -0.00245154   0.0013509  0.00116404 0.00786757 0.00654663 0.00016242 -0.00232353  0.00610652  0.00732867 0.203109 0.108029  -9.8063 
                18.1   0.035001 0.00949371  -0.303335   0.00862111   -0.0186861 -1.37277e-06   -0.0353546  -0.00782009 -9.37638e-05   0.34224 0.0234117  0.129444  -0.00341419   0.00915893 -0.000912635  0.0078688 0.00654591 0.00016347 -0.00229929  0.00591888  0.00746762 0.203201 0.108148  -9.8063 
             18.1997   0.037426 0.00818887  -0.306608  0.00710354  -0.0171102 0.000209897   -0.0352513  -0.00750581 -0.000114746   0.34224 0.0234118  0.129444   -0.0067906    0.0106728 -0.000597831  0.00786575  0.00654909 0.000169619 -0.00222242   0.0058848  0.00740882 0.203179  0.10821  -9.8063 
             18.2997  0.0382278 0.00603215  -0.301867   0.0056219  -0.0186455 -0.00067443  -0.0360012 -0.00752281 -0.00026889   0.34224 0.0234117  0.129444 -0.00933128  0.00555849 -0.00392127  0.00786226  0.00655068 0.000167401  -0.002232 0.00607178 0.00756844 0.203076 0.108104  -9.8063 
             18.3993 0.0382867 0.0123474 -0.315448   0.00732682   -0.0191881 -0.000263675   -0.0361605  -0.00828111 -0.000249187   0.34224 0.0234123  0.129445 -0.00474061  0.00399181 -0.00075752  0.00786193  0.00654801 0.000180613 -0.0023956 0.00611924  0.0074237 0.203143 0.107984  -9.8063 
             18.4998  0.0382289 0.00739442  -0.299549  0.00294329  -0.0199184 0.000329819   -0.0367571  -0.00754207 -0.000462809   0.34224 0.0234129  0.129445 -0.0132513 0.00272907 0.00193943  0.00786092  0.00655405 0.000161098 -0.00219386  0.00624371  0.00729141 0.202965 0.108025  -9.8063 
             18.6002  0.0401784 0.00610728  -0.287174 -0.00103177  -0.0231651 0.000588339   -0.0378758  -0.00724465 -0.000753694  0.342238 0.0234136  0.129445  -0.0188922 -0.00477597  0.00316434 0.00785482 0.00655517 0.00015252 -0.00210366  0.00651043   0.0072684 0.202768 0.107929 -9.80631 
             18.6994 0.0425369  0.010091 -0.293342 0.000243574  -0.0219108 0.000507092   -0.0372013  -0.00780882 -0.000558317  0.342238 0.0234135  0.129445  -0.0128384 0.000505231  0.00226291   0.0078557  0.00654977 0.000159798 -0.00225497   0.0063653  0.00735356  0.20293 0.107926 -9.80631 
             18.7997 0.0418345 0.0110169 -0.292991 -0.000397417   -0.0226226   0.00129529   -0.0374182  -0.00803957 -0.000546365  0.342238 0.0234136  0.129445   -0.0121901 -0.000351629   0.00393848  0.00785941  0.00654862 0.000159214 -0.00230254  0.00640911  0.00724443 0.202933 0.107876 -9.80631 
             18.9001 0.0391197  0.015304 -0.291096 8.42639e-05  -0.0218657  0.00160374   -0.0371067   -0.0083734 -0.000452546  0.342238 0.0234136  0.129445 -0.00883708  0.00276265  0.00340563  0.00786437  0.00654952 0.000157288 -0.00238562  0.00634417  0.00726365 0.203014 0.107866 -9.80631 
             18.9995  0.0370141 0.00452555  -0.278723 -0.00605115  -0.0212402  0.00112574   -0.0372947   -0.0071337 -0.000733776  0.342237 0.0234146  0.129446  -0.0209054  0.00540628 0.000888015  0.00786344  0.00655985 0.000147231 -0.00210412  0.00638766  0.00742074 0.202834 0.107994 -9.80631 
             19.0998 0.0393994 0.0108139 -0.286257 -0.00720008  -0.0215554 0.000618313   -0.0374497  -0.00742079 -0.000692206  0.342238 0.0234146  0.129446  -0.0186639  0.00450204 -0.00104141  0.00786178  0.00655278 0.000150719 -0.00217191  0.00643981  0.00753433 0.202842 0.107931 -9.80631 
             19.1995 0.0358379 0.0107033   -0.3001 -0.00181661  -0.0210353 0.000641516   -0.0370071  -0.00907247 -0.000321563 0.342238 0.023417 0.129446  -0.00461307   0.00587848 -0.000626513   0.0078603  0.00654902 0.000164256 -0.00256943  0.00636285  0.00752292 0.203103 0.107768  -9.8063 
             19.3002  0.0390716 0.00995743  -0.290005 -0.00426038  -0.0205541  0.00128375    -0.037203  -0.00864473 -0.000439579  0.342238 0.0234171  0.129446 -0.00897995  0.00638103  0.00218377  0.00785665  0.00654911 0.000155785 -0.00245946  0.00638872   0.0073896 0.203031 0.107809 -9.80631 
             19.3995 0.0410187 0.0117608 -0.286975 -0.00482148  -0.0213022 0.000280484   -0.0374917  -0.00882622 -0.000424121  0.342238 0.0234167  0.129447 -0.00910232  0.00436086 -0.00177151 0.00785953 0.00654407  0.0001497 -0.00250426  0.00648644  0.00761593 0.203002 0.107733 -9.80631 
             19.4999 0.0439008 0.0148093 -0.284842 -0.000753521   -0.0234023 -0.000518515   -0.0378407   -0.0101203 -0.000139194  0.342237 0.0234163  0.129447  0.00131625 -0.00109806 -0.00335609  0.00786031  0.00654273 0.000144645 -0.00281864  0.00660845  0.00773898 0.203113 0.107509 -9.80631 
             19.6002 0.0349805 0.0119997 -0.287225 -0.000199431   -0.0239244    0.0004704    -0.038018   -0.0102688 -0.000100647  0.342238 0.0234156  0.129447 0.00171475 -0.0010425 0.00140537  0.00786344  0.00654555 0.000146467 -0.00284254  0.00662669  0.00749735  0.20312 0.107485 -9.80631 
             19.6996   0.04136 0.0143164  -0.28324 -0.000194277   -0.0256801  0.000610849   -0.0384744   -0.0103626 -0.000120137  0.342238 0.0234156  0.129447  0.00170488 -0.00343302  0.00280925  0.00786091  0.00654613 0.000143201 -0.00285869     0.00674  0.00750879 0.203072 0.107416 -9.80631 
                19.8 0.0371742 0.0149012 -0.279436 -0.00110873  -0.0236339  0.00102356   -0.0379235  -0.00995628 -0.000171977  0.342238 0.0234157  0.129447 -0.00176889   0.0035351  0.00388154   0.0078653     0.00655 0.000135189 -0.00277083  0.00660469  0.00749755 0.203093 0.107532 -9.80631 
             19.9002 0.0389424 0.0100846 -0.286345 -0.00497297   -0.023714  0.00102147   -0.0382432  -0.00914526 -0.000384173  0.342238 0.0234153  0.129448 -0.00917484  0.00374447  0.00299696 0.00786547  0.0065572 0.00013999 -0.00258392  0.00667453  0.00756167 0.202957 0.107589 -9.80631 
             19.9995  0.0436935 0.00982547  -0.293195 -0.00172388  -0.0244784 0.000440616   -0.0382869   -0.0101936 -0.000142088  0.342238 0.0234156  0.129448 -0.000911659   0.00192092  0.000598857  0.00786495  0.00655336 0.000143454 -0.00282138  0.00671408   0.0077397 0.203059 0.107451 -9.80631 
             20.0999 0.0360859 0.0143803 -0.282882 -0.00186807  -0.0243424  0.00122382   -0.0383703   -0.0101887 -0.000138413  0.342238 0.0234153  0.129448 -0.00134532   0.0035447  0.00404812 0.00786688 0.00655096 0.00013695 -0.00281848  0.00671969  0.00761773 0.203057 0.107449 -9.80631 
             20.1993 0.0346253 0.0132559 -0.282519 -0.00400339  -0.0226317  0.00190401  -0.0381309 -0.00962881 -0.00026141  0.342238 0.0234154  0.129448 -0.0051887 0.00828199 0.00559312  0.00786399  0.00655418 0.000134197 -0.00269714    0.006658  0.00757547 0.203026 0.107541 -9.80631 
             20.2996 0.0382555 0.0126624 -0.292144 -0.00194397  -0.0213931  0.00190474   -0.0378449   -0.0102053 -0.000112469  0.342238 0.0234156  0.129448 -0.000221538   0.00945536   0.00426276  0.00785783  0.00655158 0.000145867 -0.00282685  0.00661311  0.00768628 0.203113   0.1075 -9.80631 
                20.4 0.0371698 0.0128155 -0.294902 0.00604518 -0.0196268 0.00169935  -0.0371799  -0.0120011 0.000325618  0.342238 0.0234164  0.129448 0.0168836 0.0124368 0.0031456  0.00785533  0.00654601 0.000147199 -0.0032243 0.00649941 0.00782638 0.203374  0.10736  -9.8063 
             20.4992  0.038188 0.0136542 -0.293057 0.00322102 -0.0220386 0.00121274  -0.0384072  -0.0112572 0.000134186  0.342238 0.0234162  0.129448 0.00778697 0.00545165 0.00242331  0.00785415  0.00654806 0.000148086 -0.00304968  0.00677205   0.0079743 0.203143 0.107307 -9.80631 
             20.5996 0.0397071 0.0141881  -0.29148  0.00236299  -0.0220003 0.000894048  -0.038609 -0.0109308 5.3545e-05  0.342238 0.0234161  0.129448 0.00469275 0.00493249 0.00148522  0.00785677  0.00654878 0.000142069 -0.00297458  0.00682273  0.00808149 0.203076 0.107319 -9.80631 
                20.7 0.0411747  0.016991 -0.290318  -0.0012817   -0.022695 0.000715868    -0.039155   -0.0100754 -0.000141595  0.342238 0.0234163  0.129448 -0.00347651  0.00278731  0.00150225  0.00785983  0.00655206 0.000139319 -0.00278668  0.00693673  0.00813616 0.202922 0.107356 -9.80631 
             20.8004 0.0407638  0.010235 -0.294565 -0.000450545   -0.0227096  0.000504785   -0.0391749   -0.0103943 -6.74589e-05  0.342237 0.0234163  0.129448 -0.00115092  0.00315231  0.00101224  0.00786144  0.00655666 0.000142196 -0.00285064  0.00694959  0.00821073 0.202945 0.107317 -9.80631 
             20.8996  0.0376268 0.00937464  -0.292423 0.00081138 -0.0226946 0.00164991   -0.0391865   -0.0104082 -5.65809e-05  0.342238 0.0234162  0.129448   0.0463336 0.000858406  0.00574138  0.00786127  0.00655445 0.000144831 -0.00285742  0.00694376  0.00810198 0.202954 0.107316 -9.80631 
                  21  0.173226 0.0997225 -0.231528 -0.000315378   -0.0288475   -0.0154824 -0.0446139 -0.0136088 0.00496345  0.342352 0.0232313  0.129469   0.149048  0.0504703 0.00347791  0.00793943  0.00655281 0.000117686 -0.00209654  0.00744978   0.0116992 0.201915 0.107409 -9.80633 
             21.1004  -0.18585 0.0426058 -0.644546  0.0425209 -0.0156803   0.011663 -0.0549524  0.0248136  0.0157956  0.342409 0.0226899  0.129485  0.368255  0.130031 0.0528415  0.00788577  0.00669086 0.000147768 -0.00652149  0.00587688  0.00674657 0.206292 0.108047 -9.80624 
             21.1997 -0.828531  0.270369  -1.16796  0.0911375 0.00406085  0.0181704 -0.0423349  0.0195959 -0.0167519   0.34226 0.0228534  0.129784  0.568734 0.0815928   0.15989 0.00760395 0.00672435 0.00018664 -0.00594677  0.00602051  0.00720833 0.206111 0.107602 -9.80624 
                21.3  0.400759   1.05673 -0.836754  0.163595  0.019129 0.0335288 -0.0442717  0.0780198 -0.0921133  0.341883 0.0236195   0.12945  0.694218 0.0205471 0.0603825  0.00750538  0.00660738 0.000171387 -0.0108908 0.00475696 0.00543641 0.212019 0.108748 -9.80611 
             21.3992  0.699703   1.31326 0.0226476  0.217779 0.0146358 0.0236643  -0.051259 -0.0445596  -0.069845  0.342095 0.0230925  0.129326     0.79917   -0.070371 -0.00809792  0.00774968  0.00646949 0.000119412 0.000296831  0.00459841  0.00833925 0.199993 0.109291 -9.80635 
             21.4996  1.07977  1.23123 0.879205    0.310288 -0.00179029   0.0291689   -0.0475986   -0.0161593 -2.84938e-06  0.341736 0.0231844  0.129492   1.04172 -0.058979  0.113361  0.00774882  0.00645895 8.66992e-05 -0.00237634  0.00582034  0.00773578 0.202222 0.108355 -9.80632 
             21.5999 0.331955  1.80463  1.56613    0.433824 -0.00391988   0.0342326 -0.0630513  -0.076858  -0.032543   0.34185 0.0230389  0.129661   1.08956 0.0130783 0.0219663  0.00785598  0.00649271 0.000118435 0.000818872  0.00409714  0.00892385 0.197427 0.109621  -9.8064 
             21.7003 0.490462  1.06168  1.51617    0.561957 -0.00157477   0.0217861 -0.0816298  -0.179841 -0.0352948  0.341208 0.0231964  0.129333     1.1622  0.0494446 -0.0506748  0.00776163  0.00666705 0.000180378 0.00697247 0.00349532  0.0109262 0.188129 0.111974 -9.80656 
             21.7997 0.850066   1.2852   1.1564    0.66802 0.00337059  0.0259536  -0.082612  -0.129694 -0.0128976  0.341374 0.0229948  0.129489    1.32728  0.0837506 -0.0110436  0.00772304  0.00644015 0.000196004   0.005259 0.00234443  0.0096905 0.192645 0.110586 -9.80648 
                21.9 -0.0118489   0.490251   0.494422   0.784163 0.00465887  0.0266093 -0.0728434  -0.151351  0.0104512  0.341249 0.0227502  0.129821    1.26429 0.00339657  0.0466809  0.00785028  0.00648827 0.000230729 0.00797521 0.00290223  0.0106474 0.189474 0.108755 -9.80657 
             21.9995 0.371648 0.350919 0.429474    0.89973 0.00151974  0.0222197  -0.06684 -0.168923 0.0262485 0.341239 0.022602 0.129915     1.16852 -0.00700388  -0.0443369  0.00787547  0.00667595 0.000177533 0.00962522 0.00356446  0.0113995 0.187449 0.107926 -9.80661 
             22.0999 0.726817 0.380242 0.990797     1.02883 -0.00041481   0.0162677 -0.0686455  -0.174677  0.0324945  0.341241 0.0225543  0.129881    1.33106 -0.0366545 -0.0634339  0.00772869  0.00662609 0.000125138 0.00944108 0.00415033  0.0116215 0.187241 0.108776 -9.80661 
             22.2003 0.942638 0.268363  1.53106    1.17729 0.00219399  0.0371523 -0.0730725  -0.158952   0.020597 0.341114 0.022855 0.129795    1.34514 -0.0234034    0.14257  0.00780273  0.00669828 0.000184252 0.00818043 0.00324791 0.00873227 0.189965 0.109318 -9.80655 
             22.2996  0.35232 0.845882   1.8012   1.30972 0.0023031 0.0427051 -0.0744717  -0.150092  0.0244889   0.34087 0.0226867  0.129825    1.27458  0.0255599 -0.0441015  0.00786191  0.00662337 0.000174747  0.0075011 0.00308253 0.00796107 0.191111 0.109337 -9.80653 
                22.4 0.254154 0.194752  1.63094    1.42422 0.00867344  0.0421612 -0.0697276  -0.148623  0.0198261  0.340901 0.0226032  0.129939   1.26323 0.0489474 -0.011889  0.00784398  0.00655114 0.000206329 0.00790271 0.00162974 0.00742654 0.190266 0.107633 -9.80656 
             22.5002  0.257411 -0.177053    1.2984   1.55108 0.0161578 0.0440194 -0.0697297  -0.154576  0.0200293  0.340918 0.0224956  0.130018   1.39207 0.0284655 0.0530079  0.00785837  0.00661339 0.000190629  0.00875108 0.000324714  0.00694495 0.189152 0.106645  -9.8066 
             22.5995  0.241306 -0.279797  0.747397    1.6817  0.025426 0.0606636 -0.0791544  -0.158718  0.0200503 0.340669 0.022496 0.130013    1.26286 0.00831055   0.086205  0.00781767  0.00650936 0.000216937  0.00787445 -0.00148281  0.00608561 0.187561 0.107662 -9.80662 
             22.6999 0.721517 0.402742  1.00735   1.80306  0.022397 0.0713605 -0.0788574  -0.153795   0.014399   0.34031 0.0227428  0.130039     1.21335 -0.00684247   0.0397904  0.00781513  0.00638385 0.000182726 0.00805007   -0.00177 0.00484515 0.188257  0.10687 -9.80661 
             22.8001  0.585907 -0.157255   1.38163    1.9413 0.0296806 0.0676885 -0.0862062  -0.151953   0.023549  0.340372 0.0226414  0.129987    1.41587  0.0117654 0.00651533  0.00788521  0.00665809 0.000163642   0.0062045 -0.00176584  0.00606748 0.187827 0.109299 -9.80659 
             22.8995 0.794108 0.187706  1.90213   2.06428 0.0399903 0.0757035 -0.086796 -0.157546 0.0265371 0.340677 0.022743 0.129857    1.2277  0.065099 0.0481243 0.00790591 0.00657712  0.0001535  0.00644918 -0.00309831  0.00685594  0.18613 0.109052 -9.80663 
             23.0003  0.82293 0.026331  1.77103   2.19762 0.0463601 0.0836053 -0.095516 -0.163513 0.0275466  0.340688 0.0226784  0.129877   1.17649 0.0935361 0.0119133  0.00788022  0.00666561 0.000151121   0.0061973 -0.00216063  0.00576559 0.186739 0.111059 -9.80659 
             23.0996  0.524036 -0.158434   1.46714   2.31059 0.0526282 0.0794348 -0.0888476  -0.150813  0.0180819  0.340647 0.0227933  0.129849   1.23224  0.110399 0.0110847  0.00791867  0.00660584 0.000194616  0.00603229 -0.00154613  0.00683538 0.188073 0.110063 -9.80658 
                23.2  0.095798 -0.461987  0.919494   2.43208 0.0666192 0.0718531 -0.0710099  -0.124763  0.0161926  0.340263 0.0230534  0.130031   1.25073  0.112866 0.0524542  0.00792348  0.00655361 0.000210301   0.00370259 -0.000627228   0.00861323 0.189276 0.108573 -9.80657 
             23.2994  0.549448 -0.229186  0.574248   2.56422 0.0825109 0.0831796 -0.0837809  -0.135775  0.0295971  0.339969 0.0234027  0.129991    1.18607  0.0830597 -0.0209305  0.00779461  0.00654439 0.000215514  0.00222706 -0.00126379  0.00739444 0.187465 0.111315 -9.80658 
             23.4002 0.896716 0.455613  1.15769   2.67033 0.0791066 0.0756222 -0.0824985  -0.124984  0.0144798   0.33991 0.0233809  0.130013    1.15371  0.0430981 -0.0709244  0.00783221  0.00649968 0.000146665  0.00360294 -0.00133995  0.00782998 0.189405 0.109512 -9.80656 
             23.4999  0.722411 -0.265649    1.4929   2.79488 0.0793665 0.0700846 -0.0832103   -0.12172 0.00951715  0.339765 0.0233003  0.129978   1.1168 0.050521  0.10872  0.00790835  0.00664972 0.000191431  0.00358174 -0.00042731  0.00786597 0.190528 0.109831 -9.80653 
             23.6004 -0.0312361   0.441212    1.70854   2.90434 0.0708003  0.082978  -0.076555  -0.121717 0.00448725  0.339339 0.0229807  0.129623   1.00021 0.0371298 0.0330756  0.00788319  0.00659867 0.000186977 0.00473374 0.00123232 0.00702678 0.192088 0.108582 -9.80652 
             23.6998  0.821945 -0.433894   1.53274   3.01558 0.0627341 0.0796668 -0.0891625   -0.11089 -0.0185062   0.33921 0.0228469  0.129648   0.987689 0.00739557 -0.0283905  0.00744545  0.00666714 0.000219715 0.00437788 0.00287945 0.00759533 0.195211 0.110788 -9.80643 
             23.8002     1.0101 -0.0979821    1.29261   3.10727 0.0724802 0.0871599 -0.0870166  -0.144067 0.00148363  0.339073 0.0230046  0.129497    1.06336  0.0442467 -0.0147301  0.00754003   0.0066571 0.000182636  0.00680036 0.000598323  0.00626982 0.190744 0.109192 -9.80654 
             23.8995   0.37295 -0.677047  0.650012   3.21299 0.0822558 0.0995218 -0.0916253   -0.15721  0.0271994 0.338967 0.022883 0.129631      1.02299 -1.49609e-05     0.105878  0.00759706  0.00672981 0.000187212    0.0068487 -0.000550935   0.00566229 0.188671 0.109689 -9.80657 
             23.9999 0.928894 0.127785 0.582136  3.31417 0.089214 0.102833 -0.0863074  -0.157698  0.0422521  0.339021 0.0228377  0.129566   0.955926 0.00455357   0.011595  0.00753602  0.00665552 0.000164036    0.0059397 -0.000215314    0.0061902 0.187915 0.110071 -9.80658 
             24.0992  1.10205 0.266498  1.19249   3.41498 0.0804445 0.0935387 -0.0957846  -0.144069  0.0338242  0.339035 0.0226451  0.129716    1.03896 -0.0355123 -0.0626524  0.00756385  0.00665406 0.000112405  0.00563735 0.000769427  0.00751239 0.190458  0.11154 -9.80652 
             24.1996   1.32389 -0.133854   1.83218   3.52925 0.0800557 0.0960132 -0.0981271  -0.147007  0.0382128  0.339072 0.0224997  0.129687    1.06013 -0.0284405  0.0449526  0.00760493  0.00674337 0.000118568 0.00533987 0.00101538 0.00734054 0.190426 0.112258 -9.80651 
             24.2999 1.10199 0.84007 1.93357   3.64581 0.0920908  0.104393 -0.100605 -0.148099 0.0475962  0.338926 0.0221969  0.130064    1.04672  0.0657273 -0.0158312  0.00749279  0.00672897 0.000130106 0.00316848 0.00027153 0.00612897  0.18956 0.113462 -9.80651 
             24.3998 0.605795 0.699449  1.75893   3.74743 0.0949158  0.100092 -0.0985619  -0.147288  0.0439945  0.338951 0.0222514   0.12993    1.07828  0.0675705 -0.0236122  0.00756578  0.00660786 0.000166916  0.00391106 0.000522802  0.00634066 0.189992 0.112812 -9.80651 
                24.5 0.716429 0.456705  1.28329   3.86882  0.108115 0.0959201  -0.10254 -0.148556 0.0484226  0.338828 0.0223022  0.129942     1.28077   0.0689845 -0.00928877  0.00757368  0.00667667 0.000187573  0.00303526 0.000196398  0.00627427 0.189344 0.113807 -9.80651 
             24.5997  0.155457 -0.151206  0.726288  3.98982 0.116559 0.107832 -0.108268 -0.145222 0.0501032  0.339044 0.0221532   0.12997    1.1989 0.0600175 0.0562513  0.00760747  0.00677812 0.000184849   0.00298336 -0.000855313   0.00563469 0.189732 0.113736 -9.80651 
                24.7 0.955457  1.10243 0.999287  4.10067 0.115695 0.114903  -0.11332 -0.125491 0.0465741  0.338674 0.0224397  0.129968    1.15074  0.0295156 -0.0110412   0.0075367  0.00665437 0.000171022 0.00294026 -0.0022951 0.00456887 0.192138 0.112375 -9.80647 
             24.7993 0.846835 0.624104  1.57578  4.22742 0.116171 0.114551 -0.115724 -0.123137 0.0512862  0.338657 0.0224248  0.129974    1.36744  0.0126809 -0.0168634  0.00762639  0.00667134 0.000138787  0.00277599 -0.00214266  0.00433303 0.192728 0.112736 -9.80646 
             24.8996  1.04551 0.511729  2.28545  4.35936 0.114916 0.126971 -0.114549 -0.118869 0.0545011  0.338587 0.0224556  0.130005      1.24949 -0.000708552    0.0563662  0.00765979  0.00675106 0.000106332  0.00280409 -0.00194758  0.00407353 0.193494 0.112404 -9.80645 
             25.0001  1.28291 0.368704  2.19144  4.48296 0.115756 0.135037 -0.112731  -0.10472 0.0556134  0.338699 0.0225629  0.130017     1.21188   0.0293353 -0.00365678 0.00763843 0.00670915 0.00014411  0.00220946 -0.00213458  0.00297154 0.195388 0.111735 -9.80642 
             25.0995   1.19953 -0.142698   1.65155  4.61892 0.121391 0.133211 -0.117714 -0.109322 0.0550656   0.33849 0.0227282   0.12983   1.35987 0.0388112 0.0232598  0.00764086  0.00679224 0.000165415    0.0010942 -0.000927679   0.00358157 0.194785 0.114153  -9.8064 
             25.1999  0.624655 -0.274265  0.756245  4.76513 0.127574 0.129374 -0.114343 -0.108232 0.0480149  0.338212 0.0231379  0.129909   1.42176  0.022892 0.0255952 0.00770712 0.00672285 0.00019214 -6.67802e-05  0.000129839   0.00473331  0.19402 0.115113 -9.80641 
             25.3002 0.890351 0.217106 0.139615  4.90582 0.133325 0.132491 -0.116347 -0.107814 0.0366354  0.337904 0.0232623  0.129965    1.31857  0.0100133 -0.0265083  0.00761678  0.00670503 0.000177772  -0.00135193 -0.000107546   0.00455512 0.193268 0.116069 -9.80641 
             25.3994  1.51376 0.535113 0.690537  5.04108 0.129102 0.124161 -0.123177 -0.110489 0.0504772  0.338082 0.0229952  0.130214    1.35978 -0.0165898 -0.0129056  0.00764525  0.00674592 0.000127315 -0.000950406   0.00122304    0.0055574 0.194022  0.11781 -9.80637 
                25.5  1.42067 0.296903  1.05221  5.17191 0.127602 0.126394 -0.122054 -0.110683 0.0496555  0.337944 0.0230013  0.130243     1.1426 0.00967083 -0.0249048  0.00768158  0.00664977 0.000167545 -0.000630165   0.00126709   0.00477193 0.194533  0.11711 -9.80637 
                25.6   1.92656 -0.935624   1.24991  5.25117 0.120293 0.138776 -0.116711 -0.110796 0.0228948  0.338102 0.0233859  0.130794   0.767164 -0.0243357  0.0968447  0.00766946  0.00663559 0.000154674  0.00110537 0.000462658  0.00403002 0.194538 0.114464  -9.8064 
             25.7003  1.50492 -1.08981 0.606237  5.31397 0.132893 0.148925 -0.107875 -0.130843 0.0977155  0.338064 0.0232714  0.131092  0.605554 0.0247154  0.023498  0.00768929  0.00666719 0.000180533   0.00212074 -0.000737863   0.00346147 0.191604 0.113287 -9.80647 
             25.7996    1.28347   -1.26938 -0.0473224  5.36899   0.1397 0.146065 -0.103954 -0.127667  0.135457  0.337943 0.0232494  0.131198   0.562517  0.0386939 -0.0676129  0.00771113  0.00664907 0.000186013    0.0016466 -0.000803238   0.00348555 0.191505 0.112996 -9.80648 
             25.8999   1.11741  -1.10059 -0.550495  5.43794 0.139956 0.132618  -0.100359 -0.0793193   0.112351  0.338158 0.0235411  0.131213   0.634161 0.00449663 -0.0764429  0.00767167  0.00663279 0.000191057 -0.00266851  0.00107363  0.00423271 0.196556 0.113983 -9.80637 
             26.0002  1.05145 -1.01147 -1.12117  5.50993 0.136474  0.13549 -0.0983248 -0.0743605  0.0914251  0.338227 0.0237471  0.131317    0.586959  -0.0173954 -0.00313227  0.00767269  0.00662959 0.000180064 -0.00388815  0.00189412  0.00419335 0.197545 0.114047 -9.80635 
             26.0995  1.12377 -0.49036 -1.28608  5.56385 0.131166  0.13943 -0.0991373 -0.0914283  0.0711647   0.33804 0.0237806  0.131335   0.498846 -0.0182117  0.0305313  0.00764609  0.00656991 0.000177004 -0.0029993 0.00158903 0.00363832 0.195543 0.113491 -9.80639 
             26.1998  0.762133 -0.311952 -0.788706  5.61479  0.12215 0.138781 -0.0998247  -0.095339   0.045895  0.337799 0.0237331  0.131321   0.515636 -0.0614377 -0.0636927  0.00771136  0.00660161 0.000152176 -0.00328868  0.00180384  0.00348633 0.194788 0.113124 -9.80641 
             26.3001  0.837887 -0.575229 -0.333026  5.67138 0.121481 0.131488  -0.100229 -0.0872821  0.0662102  0.337995 0.0236493  0.131302   0.544409 -0.0616033  0.0343112  0.00768509  0.00665165 0.000136963 -0.00338466  0.00153769  0.00389609 0.196321 0.113521 -9.80638 
             26.3994  0.795979 -0.392675 -0.107275  5.72751 0.117776 0.136085 -0.0999643 -0.0886177  0.0701179  0.338057 0.0236239    0.1313   0.549971 -0.0419485 -0.0284518  0.00772717  0.00662604 0.000166691 -0.0033487 0.00116864 0.00367124 0.196314 0.113329 -9.80638 
             26.4998    1.23601  -0.243998 -0.0864026  5.77294 0.126946 0.140061 -0.0940191 -0.0891722  0.0700575   0.33821 0.0238441  0.130979   0.481703 0.00229868  0.0224072  0.00769065  0.00666063 0.000163806 -0.00209211  0.00077637  0.00311265  0.19676  0.11355 -9.80637 
             26.6001   1.25325 0.0648214  -0.49461  5.82672 0.125203 0.138384 -0.0940087 -0.0901498   0.071203  0.338265 0.0238481  0.131038   0.535104   0.011557 -0.0335814  0.00772583  0.00668257 0.000174166 -0.00242319  0.00081918  0.00328311 0.196755 0.113247 -9.80637 
             26.7003   0.95821 -0.495853  -1.03529  5.88891 0.123872 0.138641 -0.0942799 -0.0931893  0.0732917   0.33842 0.0238756  0.130967  0.592121 -0.014253 0.0539566  0.00771627  0.00668429 0.000190064 -0.00270739 0.000414624   0.0028972 0.196481 0.112642 -9.80639 
             26.7995  0.989354 -0.651299  -1.37457  5.93105 0.126096 0.143369 -0.0997848 -0.0877707  0.0641277 0.338358 0.023618 0.131176   0.522537 -0.0234021 -0.0152499  0.00766383  0.00668053 0.000171496 -0.00187623 0.000399439  0.00269423 0.196495 0.114126 -9.80637 
             26.8999   1.16336 -0.168529  -1.16204  5.97736 0.124704 0.147776  -0.100516 -0.0859313  0.0622351  0.338333 0.0236222  0.131166   0.445572 -0.0195684  0.0416789  0.00768125  0.00661523 0.000143537  -0.0019117 0.000335599  0.00252547 0.196535 0.114244 -9.80637 
             26.9997  0.974487 -0.301565 -0.526747  6.02943 0.119333 0.146319  -0.100304 -0.0883729  0.0681444  0.338268 0.0235282  0.131144   0.510844 -0.0516651 -0.0477887  0.00774394  0.00665949 0.000145703 -0.00230084 8.60157e-05  0.00255553 0.196378 0.113667 -9.80638 
             27.0994   1.09359 -0.527545 0.0116229  6.08202 0.113385  0.14848  -0.100267 -0.0882658  0.0691214  0.338133 0.0234826  0.131139   0.502969 -0.0359117   0.126242  0.00772405  0.00669382 0.000140788 -0.00268625 0.000327539  0.00274702 0.196205 0.113503 -9.80638 
             27.1998   1.26906 -0.523245  0.249418  6.12315 0.111737 0.162613  -0.102191 -0.0875581  0.0602204  0.338159 0.0237308  0.131164   0.468892 0.00635599  0.0617577  0.00773387  0.00663648 0.000173721 -0.00248804 2.05217e-05  0.00155372 0.195489 0.113599 -9.80639 
             27.3001  1.47011 0.100521 0.170237  6.18104 0.113944 0.163491 -0.0964684 -0.0920738  0.0709994  0.338448 0.0236053  0.131342   0.47228 0.0230599 0.0585053  0.00777707  0.00662213 0.000193015 -0.00249528 0.000535581  0.00269702 0.196086  0.11321 -9.80639 
             27.3995   1.49889 0.0658514 -0.246839  6.23072 0.111238 0.152145 -0.0883611 -0.0892716  0.0705497  0.338735 0.0235816  0.131355   0.549696  0.0316704 -0.0424217  0.00778933   0.0065932 0.000182316 -0.00239653  0.00326449  0.00457785 0.196632 0.113773 -9.80637 
             27.4999     1.092 -0.488958 -0.785763  6.28792 0.116027 0.151384 -0.0854111 -0.0878662  0.0702351  0.338592 0.0236262  0.131399  0.563396 0.0258349 0.0617918  0.00776898   0.0066544 0.000195996 -0.00244934  0.00346163  0.00475153 0.196857 0.113794 -9.80636 
             27.6002  0.796322 -0.571855   -1.0435  6.34149 0.116348   0.1452 -0.0748654 -0.0917877  0.0661885  0.338465 0.0238124  0.131396   0.495227  0.0027592 -0.0129244 0.00775695 0.00664357 0.00018689 -0.00188382  0.00528977  0.00572018 0.196696 0.113799 -9.80637 
             27.6994  0.854596 -0.162023 -0.716467  6.39392 0.111812 0.144607 -0.0758064 -0.0936646  0.0770846  0.338431 0.0238153  0.131405   0.481317 -0.0234031 -0.0657754  0.00771008  0.00661524 0.000160471 -0.00229883  0.00538154  0.00570704 0.196537 0.113439 -9.80637 
             27.7997   0.783945  -0.474467 -0.0868254  6.45071 0.115013 0.141941 -0.0762979 -0.0965311  0.0824624  0.338716 0.0237678  0.131394   0.580969 -0.0105923 -0.0899672  0.00774471  0.00665487 0.000159627 -0.00222276  0.00390904  0.00473821 0.196574 0.112853 -9.80638 
             27.9001  0.815112 -0.415189  0.327236  6.50319 0.111079   0.1496 -0.0745775 -0.0974588  0.0783092   0.33864 0.0238896  0.131406   0.555954 -0.0237486  0.0186784  0.00772595  0.00665289 0.000169512 -0.00230502  0.00387275  0.00394612 0.195972 0.112294  -9.8064 
             27.9994   1.08727 -0.453119  0.471112  6.56556 0.111912 0.147585 -0.0743177 -0.0987098  0.0835892  0.338667 0.0237565  0.131371    0.519812 -0.00129008   0.0188609  0.00768653  0.00665615 0.000178882 -0.00265796  0.00348237  0.00410434  0.19637 0.112076 -9.80639 
             28.0997  1.04307 0.012896 0.170984  6.60552 0.110104 0.153022 -0.0746649 -0.0988463  0.0807643  0.33858 0.023732 0.131261    0.489391    0.003106 -0.00303332 0.00775755 0.00662897 0.00019665 -0.00220671   0.0035479  0.00354684 0.195717 0.112001 -9.80641 
             28.2001   1.01921 -0.470605 -0.426648  6.65806 0.112232 0.153609 -0.0750129 -0.0998128  0.0810655  0.338583 0.0237203  0.131264    0.566022 -0.00828491  0.00625994  0.00774738  0.00666285 0.000211091 -0.0021924 0.00324683 0.00322848 0.195526 0.111907 -9.80641 
             28.2995  0.607778 -0.999056 -0.967006  6.70919 0.116115 0.161732 -0.0771387 -0.0972391  0.0797003  0.338426 0.0235689  0.131435   0.550517 -0.0268568  0.0559799  0.00774602   0.0066598 0.000219853 -0.00212703  0.00256627  0.00304128 0.195527 0.112273 -9.80641 
             28.3998  0.947005 -0.514103  -1.10162  6.75742 0.119656 0.164182 -0.0736093 -0.0969536  0.0726679 0.338337   0.0235 0.131371   0.474083 -0.0194263  0.0697267  0.00768741  0.00652219 0.000235954 -0.00167544  0.00248984  0.00321285  0.19564 0.112452  -9.8064 
             28.5002  0.767242 -0.396436 -0.506856   6.8045 0.109872 0.163741 -0.0774586  -0.099181  0.0783081  0.33821   0.0235 0.131357   0.471668 -0.0635306 -0.0313053  0.00773089  0.00658756 0.000174954 -0.00168942  0.00287921  0.00360868 0.195361 0.112638 -9.80641 
             28.5995    1.0206 -0.776492  0.142213   6.85241 0.0999133  0.160212 -0.0800463 -0.0972391   0.077871  0.33802  0.02353 0.131406    0.50051 -0.0747553  0.0940364  0.00773989  0.00662559 0.000153999 -0.00179247  0.00320399  0.00388536 0.195331 0.112947  -9.8064 
             28.6993  0.557747 -0.451342  0.468778    6.9033 0.0969759  0.165473 -0.0818109 -0.0970109  0.0757857  0.338164 0.0235797  0.131453   0.504523 -0.0287389   0.018814  0.00779073  0.00659173 0.000173459 -0.00143721  0.00300995  0.00430867 0.195776 0.113437 -9.80639 
             28.8002   1.30178 -0.467256  0.443521   6.95171 0.0915166  0.168025 -0.0852444 -0.0963918  0.0790413  0.338149 0.0235478  0.131549   0.456438 -0.0175563  0.0657455  0.00770324  0.00664014 0.000166835 -0.0015615 0.00308484 0.00442871 0.195759 0.113619 -9.80639 
             28.9004   1.23802 0.0821159 -0.162619   7.00564 0.0939724  0.173983 -0.0823685 -0.0979975  0.0780791 0.338016  0.02364 0.131622  0.506493 0.0107203 0.0292776  0.00776457  0.00660851 0.000210644 -0.00189499  0.00285821  0.00433962 0.195891 0.113334 -9.80639 
             28.9997  0.873674 -0.510432 -0.833019  7.06016 0.102163 0.171092 -0.0714849 -0.0932397  0.0753311  0.337533 0.0237789  0.131724   0.55413 0.0157444 0.0879588  0.00774246   0.0066182 0.000205209 -0.0019984 0.00374068 0.00507875 0.196622 0.113257 -9.80638 
             29.1001   1.00981 -0.756535  -1.29778  7.10424 0.103521 0.175571 -0.0701031 -0.0880655  0.0676325 0.337435 0.023525 0.131851  0.516441 -0.011073 0.0111478  0.00770256  0.00663838 0.000201346 -0.00153968  0.00418466   0.0054048 0.196742 0.113609 -9.80637 
             29.1995   1.03216 -0.396896  -1.20568  7.14725 0.112116 0.175652 -0.0606541 -0.0895529  0.0525673  0.337486 0.0234979  0.131844  0.434693 0.0181477  0.051331   0.0077125  0.00663784 0.000169637 -0.000472067   0.00479219   0.00604537 0.197121 0.113757 -9.80636 
             29.2998  0.861883 -0.360735  -0.58279  7.19796 0.106897 0.169095   -0.06246 -0.0951933  0.0612137  0.337337 0.0234545  0.131822   0.495514 -0.0271889 -0.0580195 0.00772598 0.00662585 0.00014703 -0.000455197   0.00522712   0.00676731 0.196789 0.113788 -9.80637 
             29.4001  0.859951 -0.538591 -0.135824  7.26061 0.100474 0.163563 -0.0629257 -0.0970834  0.0707303  0.337089 0.0232147   0.13178   0.514123 -0.0181368  0.0540457  0.00775403  0.00665785 0.000155132 -0.00121692  0.00533899  0.00746567 0.196881 0.113276 -9.80637 
             29.4995   1.00015 -0.435673 0.0931779  7.31875 0.100719 0.173299 -0.0600449 -0.0966078  0.0722181  0.337108 0.0232059  0.131773    0.518267 -0.00153909 -0.00701333  0.00769456  0.00663229 0.000167776 -0.00200926  0.00438693  0.00618181  0.19679 0.112092 -9.80639 
             29.5999    1.14852 -0.0118658  0.0365765   7.36823 0.0917325  0.172205  -0.062308 -0.0985671  0.0780666  0.337179 0.0231554  0.131858   0.477504 -0.0186653  0.0192121    0.007736   0.0066422 0.000170817 -0.00223169  0.00517539  0.00666587  0.19625 0.112124  -9.8064 
             29.7002   1.24689  0.120769 -0.421736   7.41628 0.0920199  0.168067 -0.0613217 -0.0971323  0.0776282  0.337195 0.0231018  0.131831   0.543543 0.00120489 -0.0507422  0.00774626  0.00662425 0.000180328 -0.00199552  0.00555674  0.00712034 0.196455 0.112467 -9.80639 
             29.7999  0.818208 -0.489207 -0.966653  7.47522 0.091311  0.16905 -0.0622566 -0.0984302  0.0798433  0.337235 0.0231082  0.131812  0.549393 -0.051752 0.0894879  0.00774585  0.00668253 0.000192807 -0.00208502  0.00515334  0.00686412 0.196423 0.112307 -9.80639 
             29.8991  0.762485 -0.449222  -1.25811   7.52184 0.0884731  0.171356 -0.0627236 -0.0966476  0.0747014  0.337148 0.0230163  0.131882   0.479648 -0.0601362  0.0156192  0.00774502  0.00666041 0.000189936 -0.00167336  0.00520097  0.00699388 0.196497 0.112812 -9.80638 
             29.9999  0.946922 0.0717572 -0.967825    7.5715 0.0880556  0.173472 -0.0602019 -0.0977188  0.0739112  0.337226 0.0229996  0.131894    0.439245   -0.044107 -0.00334755  0.00773349  0.00661325 0.000172264 -0.00149137  0.00497582  0.00723404 0.196916 0.112742 -9.80638 
             30.1001   0.99947 -0.240134 -0.329789   7.62334 0.0854094  0.173354 -0.056911 -0.101221 0.0767111  0.337344 0.0229554  0.131866   0.518354 -0.0292073  0.0093236  0.00777456  0.00663883 0.000148117 -0.00132917  0.00460004   0.0068393  0.19689 0.112087 -9.80638 
             30.1995   1.02668 -0.361288 0.0683205   7.66761 0.0803688  0.174224 -0.0585799 -0.0990043  0.0740398  0.337306 0.0230681    0.1319   0.500679 -0.0529638   0.032436  0.00776431  0.00668109 0.000148514 -0.00111148  0.00501836  0.00709045 0.196863 0.112748 -9.80638 
             30.2999   1.12125 -0.197257  0.161125   7.71954 0.0840907  0.175296 -0.0560709 -0.0990791  0.0756156  0.337386 0.0230479  0.131867   0.470249 -0.0104331  0.0210652  0.00779987  0.00664052 0.000160966 -0.000821071   0.00445656   0.00692823 0.197388 0.112588 -9.80637 
             30.4002     1.2236   0.562571 -0.0784976   7.77624 0.0786153  0.173143 -0.0554397 -0.0994282  0.0775077  0.337678 0.0230541  0.132084    0.485156 -0.00852418  -0.0087901  0.00780238  0.00656589 0.000183181 -0.00157463  0.00477537  0.00760123 0.197633 0.112277 -9.80637 
             30.4994  1.18133 0.276272 -0.59192   7.83273 0.0817641  0.169924 -0.0531669 -0.0991365  0.0795762  0.337574 0.0231404   0.13209   0.543009   0.035912 -0.0181166  0.00778744  0.00655715 0.000204342 -0.00182256  0.00470573  0.00775613 0.197904 0.112144 -9.80636 
             30.5997  0.446827 -0.452859   -1.0869   7.88657 0.0906792  0.180964 -0.0555056 -0.0962751  0.0832214  0.337486 0.0230185  0.132298  0.557445 0.0343183  0.101335  0.00778692  0.00663384 0.000205608 -0.00182776  0.00386141  0.00745379 0.198313 0.112387 -9.80635 
             30.7003  0.300272 -0.554815 -0.980999   7.93647 0.0941936  0.182405 -0.0508408 -0.0935708  0.0784057   0.33738 0.0230713  0.132359  0.503843 0.0356639 0.0538329  0.00774675  0.00666647 0.000175102 -0.00182591  0.00467634  0.00798383 0.198395 0.112498 -9.80635 
             30.7993 -0.164987 -0.378278 -0.583692    7.9826 0.0942329  0.185489 -0.0539745 -0.0933635  0.0763926  0.337301 0.0231112  0.132286   0.502925  0.0232745 -0.0101206  0.00778285  0.00658822 0.000170719 -0.00189275  0.00488437  0.00807397 0.198071 0.112778 -9.80635 
             30.8995 -0.323508 -0.963844 -0.231054   8.03197 0.0958585   0.18457 -0.0577349 -0.0903466  0.0707403 0.337358 0.023189 0.132359  0.588853 0.0315862 -0.050754    0.007791   0.0066127 0.000160153 -0.00196943  0.00485728  0.00752096 0.197905  0.11328 -9.80635 
             30.9999  -0.545808  -0.877135 -0.0249331  8.09402 0.100529 0.194946  -0.059142 -0.0868209  0.0722457  0.337404 0.0231139  0.132335   0.528014  0.0053325 0.00767386  0.00779412  0.00662158 0.000180533 -0.00279117  0.00410526  0.00685539 0.198462 0.113213 -9.80634 
             31.1001 0.0712407 -0.914281  0.123474  8.14543 0.108452 0.191867 -0.0592766 -0.0903121  0.0655784  0.337478 0.0230247  0.132093   0.462573  0.0378412 -0.0108659  0.00774196  0.00662773 0.000172293 -0.0021976 0.00341552  0.0070275 0.198683 0.113316 -9.80633 
             31.1995  0.190991 -0.264786 -0.254001  8.20127 0.107107 0.189015 -0.0561031 -0.0859336   0.065173  0.337594 0.0230726  0.132415   0.504892   0.038097 -0.0405309  0.00773808  0.00655015 0.000198258 -0.00334003  0.00371193   0.0070706 0.199239 0.112475 -9.80633 
             31.2999  0.040338 0.0402221 -0.958263  8.25577 0.109552 0.176239 -0.0591788 -0.0818326  0.0657313  0.337898 0.0230569  0.132432    0.559213 -0.00572695  -0.0158181  0.00776426  0.00655191 0.000214318 -0.00301274  0.00296655  0.00812163   0.2003 0.112188 -9.80631 
             31.4003  0.23194 0.221382 -1.41456  8.30541 0.104548 0.181787 -0.0572893 -0.0859197  0.0705456  0.337989 0.0229482  0.132387    0.525571  -0.0437198 -0.00223497  0.00775602  0.00659856 0.000196804 -0.00253379  0.00371782  0.00784442 0.199508  0.11219 -9.80633 
             31.4997 0.531528 0.343323 -1.26113   8.35212 0.0984696  0.186372 -0.0568779 -0.0855052  0.0722287  0.337988 0.0229755  0.132413   0.453269 -0.0332285  0.0679773  0.00775511  0.00661951 0.000172614 -0.00271003  0.00414456  0.00754368 0.199251 0.112226 -9.80633 
             31.6001   0.36306  0.515976 -0.644871   8.40262 0.0956988  0.187069 -0.0548163 -0.0861631  0.0702116  0.338063 0.0228971  0.132448    0.49657 -0.0600633 -0.0373677   0.0077885  0.00653575 0.000168331 -0.00282447  0.00386073  0.00755243 0.199537 0.111822 -9.80633 
             31.6994   0.688438 -0.0729058   -0.11043   8.45609 0.0931044  0.181185 -0.0586321 -0.0796066  0.0723731  0.337876 0.0228049  0.132396   0.511236 -0.0428918  0.0571934  0.00776793  0.00664355 0.000155133 -0.0035015 0.00313132 0.00831601 0.200187 0.111976 -9.80632 
             31.7999  0.658612 -0.298255   0.16012   8.50089 0.0950413  0.182714 -0.0583233 -0.0751365  0.0795243  0.338021 0.0229486  0.132543   0.503897  -0.010041 -0.0329635  0.00778173  0.00661828 0.000174031 -0.00289041  0.00321862  0.00838368 0.200793 0.112693  -9.8063 
             31.9001   1.09396  0.228326 0.0778675   8.5619 0.089841   0.1832 -0.0587187 -0.0795492  0.0731024  0.338028 0.0228674  0.132614   0.483777 -0.0104981  0.0206783  0.00775937  0.00659723 0.000187142 -0.00363567  0.00281242  0.00843493 0.200554 0.111853 -9.80631 
             32.0004   1.14118  0.632698 -0.444485   8.61156 0.0904815  0.178588 -0.0583732 -0.0789873  0.0735857 0.338122 0.022862 0.132609  0.545562 0.0191942 -0.047905  0.00777679  0.00654329 0.000196631 -0.00371482  0.00301512  0.00884814 0.200481 0.112007 -9.80631 
             32.0997 0.708609 0.102761 -1.04487   8.67037 0.0932651   0.17815 -0.0592968 -0.0794562  0.0755817  0.338087 0.0228434  0.132634   0.582258 0.00186297   0.056147  0.00778375   0.0065932 0.000214184 -0.00368263  0.00261461  0.00860388 0.200628 0.111961 -9.80631 
             32.2001  0.649256 -0.118894   -1.3901   8.72937 0.0893285  0.181865 -0.0605655 -0.0804826   0.077393  0.338203 0.0228357  0.132575   0.535771 -0.0252548 -0.0211776  0.00776842  0.00664025 0.000202032 -0.00372687  0.00255184  0.00839187 0.200539 0.111794 -9.80631 
             32.2994 0.774355 0.156217 -1.06469   8.77081 0.0860363  0.184841 -0.0624758  -0.078703  0.0740883  0.338179 0.0228291  0.132574   0.457085 -0.0206602  0.0142771  0.00776316  0.00661356 0.000165715 -0.00349688  0.00282577  0.00833384 0.200354 0.112214 -9.80631 
             32.3998   0.39345 -0.133474 -0.611222   8.82171 0.0864183  0.184766 -0.0617969 -0.0794214  0.0783597  0.338326 0.0227462  0.132621   0.545449 -0.0409714 -0.0599953  0.00781284  0.00659604 0.000174716 -0.00317823  0.00229197  0.00793137 0.200751 0.111982 -9.80631 
             32.4996   0.67013 -0.195582 -0.272641   8.87697 0.0858281   0.18681 -0.0618833 -0.0792433  0.0801859  0.338367 0.0227231  0.132605   0.534488 -0.0214759  0.0579228  0.00777042  0.00661656 0.000176104 -0.00315138  0.00211907  0.00796713 0.200922 0.111971  -9.8063 
             32.5995   0.650582 -0.0386742  -0.313954   8.92661 0.0841229  0.194245 -0.0613573 -0.0790995  0.0776913  0.338273 0.0228126  0.132596    0.490071 -0.00416483   0.0119238  0.00778486  0.00659627 0.000196038 -0.00293176  0.00214002   0.0069562 0.200856 0.111868 -9.80631 
             32.6999  0.875956  0.511685 -0.455811   8.97328 0.0825698  0.193787 -0.0617142 -0.0799435  0.0789801  0.338418 0.0227502  0.132621   0.462687 0.00255099 0.00689552  0.00777138  0.00660993 0.000190299 -0.00299239  0.00232557  0.00742266 0.200656 0.111929 -9.80631 
             32.8002  0.987674   0.57185 -0.886388   9.02068 0.0867403  0.186599 -0.0613982 -0.0769024  0.0812625   0.33843 0.0226714  0.132576   0.536035  0.0280775 -0.0549615  0.00775115  0.00655609 0.000205021 -0.00304358  0.00245685  0.00806731 0.200895 0.112274  -9.8063 
             32.8995 0.532322 0.224438 -1.37325   9.07082 0.0886306  0.187708 -0.0594295 -0.0751079  0.0788328 0.338368 0.022717 0.132577  0.523784 0.0156394 0.0838078  0.00778943  0.00660003 0.000204518 -0.00318499   0.0029206    0.008516 0.200835 0.112368  -9.8063 
             32.9996  0.557826 0.0783719   -1.4245   9.12191 0.0914495  0.186327 -0.0551642 -0.0745654  0.0789297  0.338258 0.0227597  0.132579  0.462577 0.0176893 0.0247737  0.00777392  0.00660162 0.000200891 -0.00331433  0.00324905  0.00905149 0.200901 0.112204  -9.8063 
                33.1  0.40213 0.290545 -1.03891   9.17272 0.0866548  0.184517 -0.0564426 -0.0782015  0.0805424  0.338158 0.0227528  0.132534   0.462642 -0.0138698 -0.0531681  0.00777337  0.00661481 0.000179141 -0.00401705   0.0033285  0.00938683 0.200088  0.11182 -9.80632 
             33.1993  0.535611 -0.171044 -0.549613   9.23242 0.0843797  0.183964 -0.0552513  -0.085577  0.0865344  0.338265 0.0226433  0.132444   0.543176 -0.0193255  0.0128708  0.00777209  0.00665556 0.000176853 -0.00377353  0.00258185  0.00884946 0.199911 0.110847 -9.80634 
             33.2997   0.163462 -0.0854436   -0.36384   9.28272 0.0836021  0.192678 -0.0560547 -0.0852192  0.0864485  0.338304 0.0226572  0.132475   0.543093 -0.0243798 0.00967267  0.00779349  0.00662704 0.000191148 -0.00332817   0.0025824  0.00855905 0.200092 0.111202 -9.80633 
                33.4  0.922525 -0.287277 -0.432113   9.33277 0.0805471  0.192262 -0.0565832 -0.0845447   0.085947  0.338308 0.0226907  0.132514   0.471259 -0.0185412  0.0332912  0.00774035  0.00662227 0.000216871 -0.00339508  0.00269015  0.00847727 0.200027 0.111288 -9.80633 
             33.4995   1.11559  0.108668 -0.628312   9.37248 0.0821384  0.196498 -0.0569727 -0.0838487   0.085373 0.338215  0.02272 0.132408    0.467193  0.00551567 -0.00580049  0.00778161  0.00658696 0.000217047 -0.00288414  0.00280324  0.00823019 0.200089 0.111779 -9.80632 
             33.5999    1.0517 -0.266686  -1.14851   9.42194 0.0800128   0.19127 -0.0577786 -0.0836472   0.083796  0.338319 0.0226983  0.132417   0.524441  0.0234038 -0.0102253  0.00778832  0.00658013 0.000233818 -0.00303134  0.00318456   0.0085132 0.199853 0.111885 -9.80633 
             33.7001  0.600264 -0.756803  -1.68403   9.46973 0.0806465  0.197388  -0.059054 -0.0844164  0.0844265  0.338385 0.0225897   0.13243    0.502136 1.50974e-05   0.0256023   0.0077757  0.00661402 0.000230454 -0.00281635  0.00334913  0.00841105  0.19958 0.112135 -9.80633 
             33.7995 0.407083 -1.03878 -1.70684   9.52017 0.0800073  0.199603 -0.0576862 -0.0860009  0.0864279  0.338385 0.0226329  0.132382   0.449391 0.00248803  0.0586921  0.00776897   0.0066406 0.000215239 -0.0029668 0.00321094 0.00843383 0.199552 0.111716 -9.80633 
             33.8999 0.0774665 -0.842275  -1.09718   9.56717 0.0793923  0.200565 -0.0573934 -0.0861611  0.0880285 0.338387   0.0226 0.132391   0.482129 -0.0242451 -0.0445335  0.00775592   0.0065517 0.000180287 -0.00308185  0.00304324  0.00838968 0.199596 0.111507 -9.80634 
             33.9998 0.0342874  -1.17327  -0.54626  9.61567 0.075073 0.199965 -0.0577401 -0.0863146  0.0870941  0.338315 0.0226304  0.132387   0.485723 -0.0380878  0.0922145  0.00776715  0.00660988 0.000178631 -0.00315511  0.00327629  0.00846003 0.199379 0.111613 -9.80634 
             34.1002  0.262943  -1.26896 -0.276294    9.6701 0.0731156  0.206992 -0.0563707 -0.0860012  0.0865852  0.33839 0.022558  0.13234   0.487713 -0.0348296 0.00293648  0.00774325  0.00662789 0.000183513 -0.00324554  0.00269032  0.00834704 0.199811 0.111124 -9.80634 
             34.1996  0.662217  -1.37915 -0.907524    9.7146 0.0691973  0.210194 -0.0561311 -0.0858739  0.0868497  0.338403 0.0225802  0.132359   0.414975 -0.0307957  0.0410472  0.00776913   0.0065866 0.000221988 -0.00341673  0.00272361  0.00827603 0.199708 0.111045 -9.80634 
             34.2998  1.09449 -1.36818 -2.50995   9.75972 0.0738192  0.216856 -0.0507576 -0.0845775  0.0788889  0.337863 0.0227811  0.132183   0.460177 0.00776707  0.0059766  0.00781513  0.00652919 0.000286517 -0.00360791  0.00260694  0.00781332 0.199879 0.110725 -9.80634 
             34.4003 0.625491  -1.5269 -4.21886   9.80957 0.0734581  0.210426 -0.0500547 -0.0822601  0.0751286  0.337887 0.0229978  0.132185    0.49758 -0.0186761  0.0836836  0.00779006  0.00653068 0.000290455 -0.00280845  0.00267777  0.00869119 0.201145 0.110655 -9.80631 
             34.4996 0.494774 -1.78786 -5.47016   9.86081 0.0750059  0.220258 -0.0511824 -0.0757745  0.0707365  0.337611 0.0229288  0.132273   0.488943 -0.0384087  0.0179054  0.00778704  0.00654872 0.000279036 -0.00306686  0.00206955  0.00829012 0.202039 0.110765 -9.80629 
                34.6 0.758837 -1.58743 -5.64282   9.90556 0.0698752  0.218185 -0.0535635 -0.0831726  0.0741818  0.337689 0.0228958  0.132269   0.434695 -0.0454664  0.0176095  0.00777922  0.00653462 0.000233602 -0.00167898  0.00231385  0.00901529 0.202065 0.111255 -9.80629 
             34.6993 0.748459 -1.71996 -5.28581    9.9508 0.0576674  0.215412 -0.0549415  -0.088118  0.0819222  0.337382 0.0228944  0.132267   0.491181  -0.110477 -0.0597254  0.00779867   0.0065178 0.000193319 -0.00346185  0.00250269  0.00887516 0.199478 0.111101 -9.80634 
             34.7992 0.933711   -1.899 -5.00866  9.99261 0.047087 0.218956  -0.061921 -0.0911949  0.0842963  0.337221 0.0231278  0.132286   0.48035 -0.092908 0.0887929  0.00780251  0.00653527 0.000193117 -0.00373451  0.00436694  0.00891349 0.198061 0.113912 -9.80634 
             34.9002 0.854366 -1.86892 -5.00389   10.0453 0.0361764  0.227467 -0.0530009 -0.0891168  0.0895111  0.337065 0.0230005  0.132289   0.470742 -0.0727875  0.0111971  0.00782563  0.00650297 0.000200211 -0.00691976  0.00384249  0.00804424 0.195559 0.111564 -9.80642 
             34.9996  1.22735  -1.4392 -5.35141   10.0939 0.0279435  0.226515 -0.0498044 -0.0966185  0.0932105  0.337158 0.0228704  0.132351   0.448975 -0.0721064  0.0314259  0.00778076  0.00651117 0.000204078 -0.00617451  0.00278139  0.00858249 0.195376 0.109826 -9.80644 
             35.0994  1.31757 -1.44082 -6.02066   10.1499 0.0226064  0.226973   -0.03769 -0.0958754  0.0909688   0.33714 0.0228544  0.132394   0.546463 -0.0562244 -0.0206561  0.00778213   0.0064787 0.000235037 -0.00564763  0.00062928  0.00880327 0.196687 0.105757 -9.80646 
             35.2001 0.803514 -1.71454 -6.71732    10.203 0.0206878  0.229263 -0.0425669 -0.0834774  0.0805045 0.336998 0.022823 0.132528   0.554276 -0.0671493  0.0688126  0.00780451  0.00649917 0.000234328 -0.00357969  0.00126407  0.00885852 0.200559 0.107816 -9.80636 
             35.2995  1.02835 -1.66078 -6.99312   10.2536 0.0150854  0.231962 -0.0464887 -0.0781026  0.0752093  0.336984 0.0228103  0.132536   0.479952 -0.0681823  0.0215423 0.00777326 0.00651561  0.0002186 -0.00306377  0.00167838  0.00875082 0.201802 0.109106 -9.80632 
             35.3997  1.03228 -1.21132 -6.56591    10.2991 0.00887476   0.231528 -0.0461657 -0.0797482  0.0731551  0.337053 0.0228133  0.132534   0.446544 -0.0806504 -0.0271145  0.00778543  0.00648322 0.000187636 -0.00196552  0.00194112  0.00903892 0.202591 0.109404  -9.8063 
                35.5  1.33716 -1.55057   -5.863     10.3444 -0.00312919    0.231678 -0.0515714 -0.0826216  0.0723033 0.336971 0.022974 0.132584   0.510442 -0.0750767 -0.0098832  0.00778918  0.00650603 0.000158156 -0.00396037  0.00281924  0.00849739 0.199864 0.110938 -9.80634 
             35.6004 0.992497  -0.9772 -6.02359    10.3982 -0.0125846   0.236853 -0.0481335 -0.0849655   0.074436  0.336967 0.0229575  0.132588   0.543362 -0.0870269  0.0150004  0.00781101  0.00649207 0.000197585 -0.00449624  0.00239884  0.00855929 0.199075 0.109804 -9.80636 
             35.6997   1.18746 -0.730407  -7.12427     10.449 -0.0149897   0.234864 -0.0490652 -0.0751281  0.0668781  0.336791 0.0229348  0.132566   0.479416 -0.0527195  0.0174012    0.007783  0.00651439 0.000225708 -0.00240474  0.00252866  0.00865284 0.202742 0.110581 -9.80628 
             35.8001   1.29153 -0.117884  -8.26748    10.4905 -0.0213331   0.233685 -0.0572741 -0.0835284  0.0706715  0.337005 0.0227788  0.132519   0.464126 -0.0479832 -0.0171267  0.00779906  0.00646581 0.000247782 -0.00219293  0.00460556  0.00901636 0.201141 0.113839 -9.80628 
             35.9003   1.05879 -0.481287  -9.63052    10.5363 -0.0269979   0.231431  -0.067759 -0.0853315  0.0713978  0.337104 0.0225867  0.132534    0.522688  -0.0918515 -0.00726648 0.00782487 0.00648522 0.00024126 -0.00242571  0.00606415  0.00888988 0.200231 0.116996 -9.80626 
             35.9997   1.01743 -0.576106  -10.6694     10.584 -0.0389558   0.238829 -0.0756103 -0.0925771  0.0726416  0.337235 0.0224775  0.132553  0.513007 -0.113463  0.049643  0.00780741  0.00648567 0.000230242 -0.0035368 0.00767593 0.00885275  0.19759 0.119673 -9.80628 
             36.1002    1.26777 -0.0358229   -11.0147    10.6217 -0.0530506   0.243518   -0.10145 -0.0981257  0.0733418  0.337202 0.0224113  0.132573  0.415202 -0.117406 0.0645424  0.00782569  0.00640596 0.000197456 -0.00574669   0.0115161  0.00854321 0.193668 0.127533 -9.80626 
             36.2001  1.28923 0.153075   -10.82   10.6727 -0.065006  0.239759 -0.0747275 -0.0998779  0.0792295  0.337344 0.0222186  0.132585    0.43263  -0.145395 -0.0544768  0.00782642  0.00643995 0.000170775 -0.00463412  0.00665888   0.0092322 0.195362 0.118252 -9.80634 
             36.2993   1.70334 -0.156872  -10.9358    10.7153 -0.0760337   0.239418 -0.0829219 -0.0915219  0.0778776  0.337469 0.0223146  0.132578  0.458739 -0.134036 0.0659189  0.00782312    0.006439 0.000179475 -0.0026737 0.00829361 0.00915898 0.198451 0.121536 -9.80624 
             36.3997  1.62311 0.101343 -11.4732    10.7628 -0.0937897    0.23927 -0.0857036  -0.102921  0.0767986  0.337397 0.0223183  0.132581   0.487251   -0.13365 -0.0365736  0.00779352  0.00647895 0.000191573 -0.00527474  0.00897793  0.00964113 0.193899 0.122347 -9.80632 
             36.5001   2.2248 0.315061 -12.1504    10.807 -0.103246  0.240518 -0.0894208 -0.0912596  0.0755317  0.337383 0.0223502  0.132514  0.431269 -0.118036 0.0348149  0.00781563  0.00645776 0.000198239 -0.00276995   0.0097441  0.00954622 0.198237 0.124057 -9.80621 
             36.5995  2.14202 0.469737 -13.0693   10.8542 -0.115536  0.241615 -0.0813248 -0.0926814  0.0763804  0.337375 0.0223651  0.132515   0.487593  -0.122231 -0.0347858 0.00780407 0.00640482 0.00018839  -0.003089 0.00810292 0.00940125 0.197874 0.121013 -9.80626 
             36.6998  1.60647 0.116484 -14.1846   10.9103 -0.129538   0.23985 -0.0696885 -0.0941951  0.0788766   0.33739 0.0223794  0.132483  0.526468  -0.14389 0.0373182  0.00782695  0.00642173 0.000212542 -0.00329138  0.00567272  0.00924932 0.197694 0.116589 -9.80631 
             36.8002   1.35145 -0.332667  -15.3264   10.9694 -0.143562  0.246591 -0.0501192 -0.0863241  0.0826614  0.337374 0.0224257  0.132443   0.506342  -0.148876 -0.0090075  0.00779768  0.00642649 0.000219329 -0.00231389  0.00115345  0.00901489 0.200473 0.108889 -9.80635 
             36.8996    1.49849 -0.0158982   -16.0981   11.0156 -0.158252   0.24686 -0.0481479 -0.0920807  0.0832942  0.337398 0.0224392   0.13244  0.431993 -0.142193 0.0289929  0.00777162  0.00642038 0.000194873 -0.00299071  0.00151954  0.00929419 0.198841 0.108833 -9.80638 
             37.0001   1.51646 -0.228084  -16.3112   11.0571 -0.178582  0.243146 -0.0563623  -0.108706  0.0803367  0.337308 0.0224582   0.13246   0.463897  -0.208259 -0.0760947  0.00776249  0.00640822 0.000175903 -0.00651498  0.00287051  0.00916045 0.192364 0.111252 -9.80648 
             37.0994   1.79275 -0.449015   -16.277   11.0975 -0.197059  0.246182 -0.0796146  -0.108458  0.0738664  0.337314 0.0226413  0.132501  0.453733 -0.207159 0.0684779  0.00779034  0.00641268 0.000151135 -0.00564958  0.00720417   0.0089484 0.192826 0.119593 -9.80638 
             37.1999    1.8361 -0.461913  -16.5638   11.1386 -0.216109  0.256746 -0.0962589  -0.107624  0.0680283   0.33729 0.0228914  0.132502    0.436537   -0.190483 -0.00576992 0.00776601 0.00639974   0.000174 -0.00465587   0.0103573  0.00763727 0.193568 0.125664 -9.80628 
                37.3   2.12754 0.0563513  -17.0142   11.1796 -0.234941  0.254172 -0.0998042  -0.109509  0.0696735  0.337453 0.0228046  0.132503  0.408204 -0.188027 0.0117355  0.00776872   0.0063891 0.000168874 -0.00436215   0.0109472  0.00825473 0.193536 0.126842 -9.80627 
             37.4003     2.27389 -0.00681961    -17.8587    11.225 -0.253361  0.252225 -0.0960652  -0.103365   0.070101 0.337436 0.022801 0.132496   0.487906  -0.207991 -0.0559787    0.007754  0.00638374 0.000175924 -0.00314348   0.0101704  0.00830055 0.195854 0.125523 -9.80624 
             37.4996   1.89077 -0.332592   -18.716   11.2739 -0.271515  0.253725 -0.0971382 -0.0986693  0.0700616  0.337419 0.0227885  0.132514  0.489718 -0.177692   0.10192 0.00776436 0.00638394 0.00016218 -0.00226011   0.0101547  0.00827346 0.197524 0.125757  -9.8062 
                37.6   1.70302 -0.720328  -19.1682   11.3258 -0.283546  0.258047  -0.083288 -0.0686844  0.0665385  0.337381 0.0227767  0.132615  0.436789 -0.144972 0.0250776  0.00774321  0.00638636 0.000173812 0.00318416 0.00702315 0.00829314 0.208243 0.120688 -9.80605 
             37.6993   1.60512 -0.599578   -18.815   11.3769 -0.296849  0.256605 -0.0386116 -0.0642494  0.0739159  0.337468 0.0226839  0.132645   0.414751  -0.137736 -0.0216461  0.00776497  0.00638155 0.000140847  0.00517709 0.000513815  0.00884561 0.211527 0.106685 -9.80614 
             37.7998   1.55854 -0.939834  -18.3001    11.427 -0.312388  0.253265 -0.0176733 -0.0604181  0.0811242  0.337553 0.0225432  0.132627     0.4939  -0.154695 -0.0091756  0.00776426  0.00640186 0.000138476  0.00615207 -0.00352162  0.00879687  0.213434 0.0991505  -9.80618 
             37.9001   1.2314 -0.77027 -17.8763   11.4754 -0.333618  0.262887 -0.0221212 -0.0856481  0.0800894  0.337276 0.0224933  0.132574  0.511793  -0.18484 0.0550558  0.00777259   0.0063846 0.000143867 0.000895662  -0.0029845  0.00831176 0.203845 0.100107 -9.80637 
             37.9991   1.43018 -0.661658   -17.766   11.5281 -0.356207  0.259111 -0.00903051    -0.11054   0.0871419  0.337235 0.0223687  0.132654     0.485683    -0.164933 -9.82165e-05  0.00775051  0.00638897 0.000151967 -0.00392753  -0.0050608  0.00861825    0.195 0.095442  -9.8066 
             38.0998   1.57166 -0.290613  -18.0225  11.5738 -0.36586 0.259144 -0.0197722 -0.0862969   0.080233 0.337183 0.022373 0.132519   0.480398  -0.136051 -0.0169784  0.00773805  0.00638863 0.000171234 0.00152608 -0.0032607 0.00873489  0.204407 0.0994515  -9.80637 
             38.2001   1.52544 -0.531651  -18.5302   11.6227 -0.383614  0.255679 -0.0291461  -0.105074  0.0809694  0.337336 0.0223651  0.132549   0.550018  -0.165047 -0.0573013  0.00775509  0.00639889 0.000177767 -0.00224293 -0.00151128  0.00859917 0.197338 0.102521 -9.80648 
                38.3    1.0483 -0.996822  -18.9907   11.6734 -0.395622   0.26285 -0.0510868 -0.0849541  0.0771575  0.337323 0.0221915  0.132652  0.533734  -0.17093 0.0320223  0.00776148  0.00641476 0.000178327 0.000908294 0.000270207  0.00816294 0.203688 0.108298 -9.80629 
             38.3993   1.33213 -0.639818  -18.9488   11.7152 -0.414034  0.263092 -0.0801107 -0.0940682  0.0771487  0.337346 0.0221498  0.132659    0.45194  -0.164689 0.00346151  0.00769147  0.00636019 0.000169602 -0.00138106   0.0051014  0.00795747 0.199506 0.117898 -9.80626 
             38.4997 0.965281 -0.48144 -18.4249    11.762 -0.424304  0.264127 -0.0742936 -0.0658878    0.07138  0.337446 0.0221198  0.132717   0.44571 -0.165748 -0.059825  0.00773966  0.00640372 0.000134535 0.00332474 0.00301293 0.00770603 0.209079 0.115193 -9.80609 
             38.6001   1.10915 -0.897085  -17.9054   11.8127 -0.443464  0.260437 -0.0642514 -0.0667323  0.0726704 0.337464 0.022086 0.132702  0.470717 -0.184814 0.0429981  0.00773833     0.00644 0.000145707 0.00286607 0.00111129 0.00756778 0.208604  0.11157 -9.80615 
             38.6995   1.06097 -0.843232  -17.6472   11.8636 -0.462518  0.271301 -0.0533781 -0.0645701  0.0723841  0.337485 0.0220806  0.132699    0.498814   -0.179667 -0.00497212   0.0077478  0.00642654 0.000166077   0.00218222 -0.000584623   0.00697688 0.208397 0.108035 -9.80619 
             38.7999   1.61032 -0.886892  -17.7128  11.9026 -0.47867 0.276785 -0.0776832 -0.0672534  0.0720083  0.337501 0.0222523  0.132773  0.430706  -0.14657 0.0401275  0.00774261  0.00641241 0.000164733 0.000591193  0.00433806   0.0063835 0.205996 0.116998 -9.80614 
             38.9002   1.83271 -0.606826  -18.0985   11.9447 -0.496608  0.281252 -0.0808538 -0.0814445  0.0729822  0.337595 0.0222834   0.13285  0.464171 -0.145544 0.0242407  0.00772714  0.00639168 0.000177493 -0.00263871  0.00507616  0.00617317 0.200318 0.118053 -9.80624 
             38.9995  1.46548 -1.03303 -18.6676   11.9857 -0.507783  0.282365  -0.108136 -0.0721168  0.0743909  0.337542 0.0220993  0.132915  0.472607 -0.154718 0.0675835   0.0077524  0.00641668 0.000166923 -0.000746689   0.00966258   0.00619042 0.203442 0.127384 -9.80606 
             39.0999  1.18584 -1.42428 -19.1102   12.0375 -0.523933  0.290315  -0.096259 -0.0666955  0.0733457   0.33748 0.0221734  0.132919  0.464462 -0.176757 0.0203504 0.00776086 0.00640654 0.00017561 0.000100647  0.00750627   0.0062141  0.20536 0.123288 -9.80608 
             39.2002  1.30929 -1.19557 -18.8624   12.0829 -0.537724  0.293891   -0.08894 -0.0553397  0.0694759  0.33749 0.022182 0.132936   0.40829 -0.161414 0.0580946  0.00774658  0.00639665 0.000153735  0.0025001  0.0064943 0.00628398 0.209752 0.121212 -9.80601 
             39.3002  1.14464 -1.30754 -18.5414   12.1194 -0.557277  0.291864  -0.103173 -0.0615513  0.0695177  0.337453 0.0222194  0.132918   0.433174  -0.224553 -0.0560713 0.00777291 0.00640145 0.00014092 0.00162987  0.0092426 0.00645489 0.207645 0.126285 -9.80599 
             39.3996  1.50599 -1.30037 -18.9672   12.1684 -0.576032  0.292359  -0.092681 -0.0494315  0.0681334  0.337456 0.0221824  0.132864  0.447214 -0.215016  0.120056  0.00776024  0.00642165 0.000162503  0.0046413 0.00673296 0.00680975 0.212871 0.122178 -9.80593 
                39.5  1.76593  -1.2265 -20.0194    12.216 -0.591683  0.295782 -0.0941543 -0.0304215  0.0637272  0.337243 0.0221162  0.132762    0.457051   -0.188754 -0.00925709  0.00774966  0.00639517 0.000208995 0.00908078 0.00643893 0.00704174 0.220525 0.122422 -9.80576 
             39.6004   2.2271  -0.7756 -21.1698    12.249 -0.613236  0.295675  -0.124598 -0.0471613  0.0797752  0.337574 0.0218338  0.132795  0.388845 -0.202723 0.0241499  0.00778783  0.00636435 0.000184943 0.00681878  0.0110945 0.00726942  0.21512 0.131996 -9.80575 
             39.6997   2.20354 -0.805412  -22.6214    12.289 -0.642469    0.2955  -0.127055 -0.0758646  0.0853463 0.338014 0.021911 0.132811   0.457031  -0.263538 -0.0271785  0.00780967  0.00634893 0.000184922 0.00182029  0.0113871 0.00727876  0.20526 0.132378 -9.80596 
             39.8001   1.80329 -0.831541  -23.9662   12.3389 -0.667337  0.298769  -0.119004 -0.0680971  0.0830811  0.337929 0.0219179  0.132856  0.475583 -0.244599  0.103635  0.00781911  0.00634492 0.000177865 0.00258197 0.00985114 0.00706613 0.207412 0.129552 -9.80595 
             39.8994  1.73365 -1.23074 -24.8132    12.385 -0.688554  0.301335    -0.1205 -0.0616933   0.079788  0.337847 0.0219467  0.132908  0.425264  -0.21388 0.0136486  0.00777251  0.00634232 0.000159454 0.00468399  0.0103893 0.00737879  0.21058 0.130422 -9.80587 
             39.9998   1.78564 -0.903529  -24.8075    12.427 -0.703995  0.301589  -0.112113 -0.0491963  0.0735012  0.338046 0.0219707   0.13293   0.379636  -0.180736 -0.0095493  0.00778667  0.00632732 0.000131895 0.00898166 0.00991994 0.00783684 0.217026 0.128675 -9.80575 
             40.1001     1.69 -1.22427 -24.5969   12.4724 -0.720018  0.298089 -0.0951607 -0.0319064  0.0748064  0.338378 0.0218842  0.132939    0.450315   -0.200307 -0.00219071 0.00777058 0.00635348 0.00012612  0.0130964 0.00720967 0.00791131 0.224169 0.123221 -9.80566 
             40.1995  1.47861 -1.12469 -24.4744   12.5215 -0.743991  0.306055 -0.0774902 -0.0434588  0.0797748 0.338241 0.021659 0.132922  0.465291 -0.221224 0.0806276  0.00779904  0.00634105 0.000155475  0.0102985 0.00379302 0.00774089 0.219541 0.116721 -9.80585 
             40.2997    1.5526 -0.941971   -24.521   12.5696 -0.768129   0.30785 -0.0700802  -0.053832  0.0824579 0.338155 0.021571 0.132949  0.435029 -0.192688 0.0104541   0.0077705  0.00635523 0.000126382 0.00809488 0.00210981  0.0076677  0.21564 0.113713 -9.80597 
             40.4004   1.71306 -0.644851  -24.8482   12.6095 -0.783567  0.313377 -0.0782625 -0.0448501  0.0795707  0.338116 0.0216511  0.132906  0.414149 -0.156572 0.0118293  0.00777082  0.00634255 0.000145652  0.0092189 0.00316863 0.00733676 0.218234 0.116223 -9.80588 
             40.5002   1.69159 -0.935262  -26.0677   12.6506 -0.804157  0.308507 -0.0820581 -0.0645641  0.0786367  0.338271 0.0216438  0.132935   0.455592  -0.196142 -0.0227977 0.00776893 0.00634314 0.00016524 0.00563348 0.00473932 0.00770804 0.211286  0.11831 -9.80601 
             40.6006 0.878304 -1.46194  -28.209   12.6951 -0.833192  0.315291  -0.075387 -0.0862525  0.0778896  0.338687 0.0217769  0.132754  0.439304 -0.283274 0.0796151 0.00777443 0.00635915 0.00018485 0.00220289 0.00410321 0.00759391   0.2042 0.116454 -9.80618 
             40.6999   1.28402 -0.846583  -30.2201   12.7292 -0.853514  0.318773  -0.105864 -0.0616308  0.0835038  0.338311 0.0212151  0.132655  0.359949 -0.258754 0.0454816 0.00771677 0.00631614 0.00017877 0.00659395 0.00895685 0.00762255 0.212639 0.126559 -9.80588 
             40.8003   1.31844 -0.359222  -31.4304    12.765 -0.881819  0.320429 -0.0990212 -0.0676767  0.0819377  0.338387 0.0212872  0.132699   0.330738  -0.291034 -0.0267695   0.0077532  0.00631771 0.000161679 0.00590432 0.00761883 0.00778245 0.210951 0.124049 -9.80595 
             40.8992   1.62434 -0.760463  -32.0972   12.8034 -0.911872   0.32183 -0.0869652 -0.0592092  0.0792053  0.338417 0.0213622  0.132649  0.375581 -0.306914 0.0783523  0.00774839  0.00632239 0.000133703 0.00741749 0.00631243 0.00750189 0.213904  0.12073 -9.80592 
             40.9991   1.38833 -0.492772  -32.5017   12.8473 -0.945342  0.325622 -0.0746932 -0.0653814   0.074734  0.338428 0.0212971  0.132669    0.427156   -0.310859 -0.00111783  0.00779031  0.00629237 0.000137422 0.00688371 0.00254271 0.00795579 0.212363 0.114884 -9.80603 
             41.0996   2.26623 -0.536179  -33.1295   12.8784 -0.976924  0.322023  -0.111192 -0.0813725  0.0845524  0.338208 0.0213411  0.132885   0.35881 -0.287739 0.0159387  0.00771643  0.00630955 0.000114875 0.00292375 0.00797433  0.0081673 0.205704 0.126463 -9.80603 
             41.1999   2.34997 -0.187678  -34.1411  12.9135 -1.00311 0.320969  -0.116557 -0.0743263  0.0849702  0.338247 0.0213527  0.132856   0.374684  -0.290633 -0.0298508  0.00777247  0.00628103 0.000132153 0.00474161 0.00891239 0.00827476 0.208717 0.128299 -9.80594 
             41.3002   1.88627 -0.556432  -35.5911  12.9546 -1.03334 0.316323  -0.116678 -0.0665979   0.085063  0.338225 0.0213504    0.1329  0.410437 -0.337266 0.0232037  0.00778522  0.00628842 0.000137699 0.00618499 0.00887481 0.00831675 0.211469 0.128265 -9.80588 
             41.3997   1.73383 -0.807038  -36.8815  12.9979 -1.06592  0.32446  -0.112194 -0.0552579  0.0853354  0.338264 0.0212618  0.132936    0.40807   -0.34184 -0.0046815  0.00773688  0.00628554 0.000146836 0.00731989 0.00697795 0.00795875 0.214507 0.125596 -9.80585 
             41.4999   1.92898 -0.493565  -37.2839  13.0344 -1.09622 0.329965  -0.116109 -0.0495281  0.0854209  0.338236 0.0212519  0.132937  0.341037  -0.28205 0.0579782  0.00774608  0.00625894 0.000108173 0.00664217 0.00692806  0.0074763 0.214802 0.126214 -9.80584 
             41.5992   2.06047 -0.493902  -37.0751  13.0638 -1.12135 0.331934   -0.12911 -0.0377126  0.0824895  0.338313 0.0213964  0.132928   0.328582  -0.321781 -0.0415517  0.00772404  0.00626365 9.14899e-05 0.00866851 0.00920257 0.00731251 0.218863 0.130661 -9.80569 
             41.6995   2.33853 -0.772997   -36.773  13.1017 -1.15403 0.331748  -0.123606 -0.0396073  0.0841922  0.338288 0.0212992  0.132921  0.379861 -0.319262  0.085715    0.007733  0.00628318 9.35852e-05 0.00836702 0.00834394  0.0075596 0.218229 0.128865 -9.80573 
             41.7999   1.68821 -0.194964  -36.9515  13.1382 -1.18791 0.334906  -0.131038 -0.0497949  0.0824786  0.338206 0.0213488  0.132852   0.386465  -0.307118 -0.0244425   0.0077648  0.00626272 0.000120997 0.00654083   0.009927 0.00761329 0.214714 0.131755 -9.80576 
             41.9003  2.01174 0.363924 -38.0611  13.1781 -1.21741  0.32957  -0.115734 -0.0509013  0.0833937   0.33836 0.0213255  0.132897  0.352906 -0.278121 0.0104476  0.0077235   0.006272 0.00013341  0.0080071 0.00824333 0.00827549 0.215941 0.127446 -9.80579 
             41.9996   1.8352 0.634948 -39.7094  13.2175 -1.25256  0.32556 -0.0980161 -0.0712091  0.0809728  0.338607 0.0215305  0.132962    0.41302  -0.317828 -0.0542552   0.0077081  0.00626318 0.000127759 0.00426305 0.00564257 0.00838366 0.208683 0.121949 -9.80602 
                42.1  1.25762 0.220838 -41.3631  13.2601 -1.28798 0.322346 -0.0919776 -0.0711345  0.0794186  0.338513 0.0216517   0.13296  0.412354  -0.36488 0.0703851  0.00771837  0.00628593 0.000139263 0.00423535 0.00550506 0.00872038 0.208655 0.120783 -9.80604 
             42.2003   1.2698  0.35451 -42.3398  13.2986 -1.32612 0.328765  -0.101076 -0.0747729  0.0795756  0.338627 0.0216008  0.132963   0.373485  -0.363366 -0.0104562  0.00769362  0.00625916 0.000109509 0.00300549 0.00621771 0.00824483 0.206841 0.123072 -9.80605 
             42.2997  1.60009 0.700755 -42.4117  13.3227 -1.35959 0.332155  -0.135136 -0.0820592  0.0783018  0.338508 0.0216575  0.133046     0.302369    -0.339821 -0.000996826  0.00769561  0.00622423 8.65182e-05 0.000350596   0.0118776  0.00805609  0.20316  0.13457 -9.80597 
                42.4  1.71328 0.297493 -42.4277  13.3539 -1.39124  0.33249  -0.135777 -0.0656564  0.0804497  0.338755 0.0218046  0.133014   0.330985  -0.388588 -0.0298879  0.00769452  0.00625603 6.86855e-05 0.00383482  0.0125664 0.00769777 0.209419 0.135228 -9.80583 
             42.4995  1.92653 0.142895 -42.8092  13.3882 -1.42478 0.336785 -0.136737 -0.048693 0.0871346  0.338904 0.0218464   0.13296  0.334252 -0.382945 0.0591066  0.00770629  0.00626002 8.50978e-05 0.00771341  0.0123702 0.00781067 0.216166 0.135028 -9.80569 
             42.5998  2.16842 0.141035 -43.5483  13.4232 -1.46573 0.335166  -0.130774 -0.0595093  0.0831193 0.338883 0.021817 0.132974   0.325404  -0.357236 -0.0233981  0.00772733  0.00625213 8.57857e-05 0.00553994  0.0111601 0.00778954 0.212114 0.132915 -9.80581 
             42.7002   2.4847 0.541822 -44.3714  13.4564 -1.50118 0.331135   -0.12677 -0.0606561   0.083319  0.338942 0.0217568  0.132979   0.328457  -0.348144 -0.0222374   0.0077238  0.00622161 0.000101498 0.00564694  0.0100507 0.00820392 0.211996 0.131132 -9.80583 
             42.7996  2.58413 0.291677 -45.4765  13.4884 -1.54227 0.328325  -0.13012 -0.074317 0.0791745  0.339046 0.0217763  0.132985   0.373482   -0.42368 -0.0808537 0.00768881 0.00622313 9.2935e-05  0.0030201  0.0107393 0.00795048 0.207083 0.132526 -9.80592 
                42.9   2.11262 0.0661656  -46.8157   13.525 -1.58459 0.333873  -0.135474 -0.0742187  0.0824705   0.33913 0.0215952  0.132975  0.368341 -0.431796 0.0662478  0.00773072  0.00622983 0.000100629 0.00290145   0.010675 0.00739516 0.206992 0.133372 -9.80591 
             43.0004    2.02765 -0.0391031   -48.2709  13.5591 -1.62088 0.338529  -0.144469 -0.0553431  0.0853103  0.339034 0.0213908  0.133064  0.299042 -0.368745 0.0367415  0.00770852  0.00619558 0.000118056 0.00536054  0.0109907 0.00696727 0.212689 0.135048 -9.80576 
             43.0998  1.97662  0.49335 -49.8594  13.5904 -1.65598 0.342652  -0.135971 -0.0469239   0.084332 0.338924 0.021419 0.133105   0.267445    -0.3726 -0.0102891  0.00771867  0.00617116 0.000119253 0.00673229 0.00939401 0.00696202 0.215393 0.131932 -9.80575 
             43.2002  1.59893 0.449825 -51.8821  13.6126 -1.69695 0.337332   -0.15298 -0.0515992  0.0847448  0.33907 0.021324 0.133037  0.266458  -0.44715 0.0275756 0.00770624 0.00618327 0.00013187 0.00609054  0.0124734 0.00718696 0.214154 0.137929 -9.80569 
             43.2996  1.24758  1.00409 -54.0726   13.641 -1.74584 0.340158  -0.142423 -0.0555371  0.0790363  0.339146 0.0215307  0.133099     0.27567    -0.46942 -0.00343105  0.00771204  0.00613607 0.000122653 0.00515715  0.0106122 0.00755457 0.212439  0.13435 -9.80578 
                43.4   2.4602  1.10873 -56.0477  13.6585 -1.79382 0.333168  -0.164946 -0.0739339  0.0823462   0.33939 0.0212498  0.133399   0.203612   -0.44637 0.00693904  0.00764826  0.00613768 0.000107692 0.00125831   0.012425 0.00805094 0.205671 0.140234 -9.80584 
             43.4998  2.60194  1.45363 -58.0235  13.6759   -1.843 0.334438  -0.162243 -0.0849671  0.0743468  0.339367 0.0214439  0.133512   0.195859  -0.497069 -0.0594424  0.00767784  0.00610889 0.000102603 -0.00154102   0.0127926  0.00753472 0.200991 0.140361 -9.80594 
             43.5995  2.25521  1.35029 -60.0686  13.6949 -1.89594 0.328627  -0.165093 -0.0866105  0.0741486  0.339377 0.0214416  0.133511  0.197774 -0.527865 0.0134483   0.0076719  0.00610347 0.000103639 -0.00186781   0.0133232  0.00752351 0.200431 0.141401 -9.80593 
             43.6999  1.81933  1.24366 -61.5478  13.7204 -1.94616 0.335437  -0.161191 -0.0757623   0.076285  0.339433 0.0214734  0.133602  0.235213 -0.506731 0.0313463  0.00764751  0.00611551 7.78816e-05 0.000296134   0.0121614  0.00764299 0.204344 0.139383 -9.80588 
             43.7992  1.84511  1.62623 -62.5145  13.7518 -1.99323 0.336824  -0.134726 -0.0693574  0.0778582  0.339649 0.0213172   0.13365  0.231504 -0.432005 0.0479425  0.00763299  0.00610438 7.97706e-05 0.00246471 0.00808213 0.00793404  0.20717 0.130667 -9.80594 
             43.8997  1.73111  1.48788 -63.3937  13.7777  -2.0402 0.333693  -0.120338 -0.0737626  0.0806336  0.339635 0.0211381  0.133628    0.23033  -0.478177 -0.0606888  0.00763327  0.00610518 5.92892e-05 0.00189726 0.00579039 0.00821697 0.205625 0.126011 -9.80603 
             44.0002  1.25884   1.6822 -64.5934   13.798 -2.08507   0.3322  -0.133963 -0.0609201  0.0802039  0.339706 0.0213513   0.13365  0.191101 -0.489252 0.0920182  0.00768458  0.00609629 6.95852e-05 0.00406508 0.00865236 0.00823149 0.210231 0.130926 -9.80587 
             44.0995  1.52323  1.96575 -66.1539  13.8171 -2.13612 0.342249  -0.132577 -0.0635272  0.0795713  0.339676 0.0214061  0.133658   0.180271  -0.500625 -0.0133039  0.00765453   0.0060723 7.83607e-05 0.00466567  0.0079987 0.00766379 0.210319 0.130036 -9.80588 
             44.1999  2.28905  2.25561 -68.1763  13.8314 -2.19006 0.338747   -0.12791 -0.0779954  0.0719161 0.339785  0.02131 0.133842     0.13238   -0.482519 -0.00708686  0.00764236  0.00605003 8.57709e-05 0.00100809 0.00626674 0.00807902 0.204101  0.12791 -9.80604 
             44.3003  2.33016  2.14089 -70.7503  13.8425 -2.23453  0.33315  -0.143945 -0.0650387   0.085481  0.339711 0.0210538  0.133866   0.131769  -0.536252 -0.0806763  0.00763776  0.00604141 9.97197e-05  0.0030051 0.00880477 0.00814347 0.208605 0.132852 -9.80588 
             44.3998  1.90413  2.11365 -73.1466  13.8537 -2.28633 0.328965  -0.154998 -0.0601175  0.0921686  0.339714 0.0209227  0.133913   0.13648 -0.538869 0.0716905   0.0076626  0.00602593 9.12131e-05 0.00401697  0.0105439 0.00819517 0.210676 0.136315 -9.80579 
             44.5002   1.7282  2.03517 -74.7443  13.8637 -2.34621  0.33624  -0.151451 -0.0801438  0.0815096   0.33975 0.0209095  0.133777   0.12892 -0.518025 0.0135911 0.00762707 0.00600897 5.9295e-05 -6.30428e-05    0.0109039    0.0079616 0.203204   0.1366 -9.80594 
             44.6002   1.9838  2.28492 -75.3342  13.8739 -2.39646 0.335724  -0.152428 -0.0851139  0.0804688   0.33971 0.0208422  0.133782  0.0943474  -0.468502 -0.0124028  0.00762922  0.00600075 3.58167e-05 -0.00128829   0.0108079  0.00833875 0.201165 0.136819 -9.80598 
             44.6999  1.84435  1.95189 -75.7575  13.8754 -2.44219 0.328815  -0.169683 -0.0830361  0.0728146  0.339543 0.0211215  0.133805   0.069298  -0.537356 -0.0724119  0.00765957  0.00601949 3.32782e-05 -0.00193985   0.0140535    0.008418 0.201306 0.142998 -9.80589 
             44.7993   1.9505   1.9268 -76.2301  13.8816 -2.49471 0.333367  -0.172306 -0.0850548  0.0715016  0.339532 0.0211831   0.13381 0.0541102 -0.545989 0.0668112  0.00765069  0.00600448 2.69631e-05 -0.00141938   0.0145212  0.00814841 0.201537 0.143897 -9.80587 
             44.8998  1.80159  2.11617 -77.1567  13.8896 -2.55302   0.3383  -0.165362 -0.0917986  0.0727451  0.339504 0.0210426  0.133833   0.061385  -0.521361 -0.0119132 0.00764245 0.00599931  3.698e-05 -0.00191007   0.0129167  0.00764955 0.199686 0.141255 -9.80595 
             45.0002  1.98809   2.5539 -78.3231  13.8959 -2.59277 0.333584  -0.178333 -0.0739776  0.0792822  0.339606 0.0210052  0.133619  0.0578363  -0.462457 -0.0416276  0.00764437   0.0059816 3.64794e-05 0.00210849  0.0154801 0.00830448 0.207068 0.145428 -9.80574 
             45.1005    1.811  2.15048 -80.2042  13.9116 -2.63777 0.325273  -0.172932 -0.0522998  0.0919561  0.339355 0.0208314  0.133683  0.0935762  -0.517854 -0.0922312  0.00766368  0.00600811 6.21551e-05 0.00551784  0.0144931 0.00855217 0.213974  0.14294 -9.80562 
                45.2  1.04217  1.72776 -82.4694  13.9258 -2.69507 0.326424  -0.156909 -0.0466462  0.0953833 0.339196  0.02094  0.13374 0.0496554 -0.556737 0.0642301  0.00764344  0.00599654 6.90495e-05 0.00644911  0.0109728 0.00839311 0.215354 0.136583 -9.80568 
             45.2993  1.26592  2.15368 -84.5166  13.9255 -2.74616 0.319447   -0.16565 -0.0476653   0.097317  0.339334 0.0208193  0.133716 0.00926875  -0.494331 -0.0197807  0.00762657   0.0059907 7.53033e-05 0.00624555  0.0124349 0.00906619 0.215237 0.139537 -9.80565 
             45.3997   1.5017  2.67511 -85.9333  13.9176 -2.79877 0.318036  -0.168789 -0.0644844  0.0888047  0.339427 0.0208964  0.133932 -0.0508328  -0.480667  -0.070565  0.00764191  0.00596271 3.37362e-05  0.0023023  0.0129381 0.00898039 0.208573 0.141156 -9.80577 
             45.4992  1.64929  2.15755 -87.3773  13.9124 -2.85215 0.313069  -0.162832 -0.0662872  0.0873263 0.339456 0.020946 0.133916 -0.0547439  -0.566753 -0.0343681  0.00764263   0.0060091 3.96062e-05 0.00273689  0.0127056 0.00870404 0.208583 0.139913 -9.80578 
             45.5997   1.2254  2.62403 -88.8742  13.9034 -2.91825 0.314998  -0.152721 -0.0781875  0.0738354  0.339399 0.0208365  0.133984 -0.0825486  -0.614348 -0.0364801  0.00773431   0.0059153 5.39699e-05 -0.000333808    0.0108097   0.00864805 0.203213 0.136818 -9.80594 
             45.6995  2.21838  2.60563 -90.9071  13.8933 -2.97255 0.317171  -0.155789 -0.0722618  0.0780729  0.339424 0.0210331  0.134004 -0.100373 -0.559426 0.0299913  0.00766133  0.00595182 4.29139e-05 0.000534155    0.013242  0.00818934 0.205323 0.139555 -9.80586 
             45.8004  2.35038  3.00911 -93.5213  13.8864 -3.02736 0.314485  -0.154389 -0.0663048  0.0817378  0.339373 0.0209634  0.133945  -0.102316  -0.575991 -0.0861643  0.00766359   0.0058976 5.80444e-05 0.00185215  0.0130227 0.00823699 0.207592 0.138873 -9.80582 
             45.8998  1.45034  2.84984 -96.6032  13.8792 -3.08015 0.305019  -0.163137 -0.0463847  0.0983803  0.339271 0.0205151  0.134106 -0.129135   -0.6336 -0.088822  0.00767746  0.00590174 6.02594e-05 0.00531382  0.0143899  0.0082483 0.214655 0.140988 -9.80564 
             46.0002  1.10537  2.97838 -99.5404  13.8573 -3.13621 0.305709  -0.178624 -0.0531442    0.10546  0.339574 0.0203468  0.134001  -0.151232   -0.59047 -0.0014611  0.00767341  0.00588295 5.50831e-05 0.00513948  0.0180042 0.00813788 0.213956 0.147278 -9.80556 
             46.0995  1.29849  3.49425 -101.665  13.8364 -3.18014 0.299847  -0.201012 -0.0559142    0.11129  0.339867 0.0203844  0.133904 -0.145745 -0.478365 0.0171854  0.00766773  0.00587191 2.46574e-05 0.00609916  0.0218152 0.00890843 0.215245 0.154743 -9.80542 
                46.2  1.29877  3.54688 -103.216  13.8192 -3.22456 0.292421  -0.206985 -0.0541083   0.109973  0.339858 0.0204501  0.133899 -0.181877 -0.486501 -0.119722   0.0076807  0.00584735 2.79677e-06 0.00572539  0.0228599 0.00918019 0.215411 0.156788 -9.80538 
             46.2993 0.930481  3.57122 -104.914  13.8013 -3.28044  0.28767  -0.197296 -0.0634253   0.116425  0.339872 0.0201437  0.133895 -0.213534 -0.485197 0.0447972  0.00770059  0.00583874 -7.2152e-06 0.00513177  0.0206099 0.00898697 0.212819 0.153172 -9.80549 
             46.3992   1.3259  4.13461 -106.659  13.7693 -3.33616 0.294187  -0.195282 -0.0876531   0.105677  0.339477 0.0200454  0.134044    -0.2615  -0.488028 -0.0234158   0.00763928   0.00579998 -1.41817e-05 0.00265606  0.0204644 0.00821244 0.206216 0.153477 -9.80563 
             46.5001  2.09062  4.31026 -108.867  13.7453 -3.38401 0.293944  -0.189497 -0.0842122    0.11333  0.339536 0.0198474  0.133945  -0.279161  -0.434941 0.00955657 0.00765556 0.00583097 9.7054e-07 0.00271841  0.0188864 0.00847432 0.206567 0.150856 -9.80566 
             46.6005 1.73129 4.09934 -111.92  13.7227 -3.43101  0.28595  -0.179177 -0.0746474   0.127416   0.33942 0.0197953  0.133908 -0.311283 -0.475851  -0.12738  0.00767233  0.00579193 1.15307e-05 0.00369727  0.0171912  0.0086529 0.208731 0.147102 -9.80568 
             46.7001 0.934101  3.96722 -115.174  13.7031 -3.47431  0.27728   -0.17838 -0.0503382   0.159511  0.339233 0.0195077  0.134178 -0.270407 -0.442557 0.0426634  0.00766647  0.00579321 1.35677e-05 0.00677816  0.0164415 0.00884653  0.21575 0.145248 -9.80555 
             46.8004 0.664984  3.62303 -118.331  13.6779 -3.51652  0.28372  -0.177687 -0.0551126   0.158811  0.339332 0.0194566  0.134161 -0.199536 -0.374709  0.025467   0.00760933   0.00580583 -9.22909e-06 0.00714201  0.0169634 0.00861422 0.215347 0.145703 -9.80555 
             46.8997  0.80467  3.77229 -120.832  13.6653 -3.55355 0.282276  -0.169279 -0.0465944   0.166456   0.33928 0.0193997  0.134145  -0.129162  -0.295505 -0.0185911   0.00761708   0.00578015 -1.15072e-05 0.00615205  0.0152365 0.00911147 0.215413 0.142518  -9.8056 
             47.0001  0.85139  3.52301 -123.039  13.6463 -3.58303 0.272442  -0.172556 -0.0485007    0.15713   0.33919 0.0193273  0.134119 -0.150577 -0.266583 -0.115642   0.00763541   0.00576238 -1.64846e-05 0.00325612  0.0153384 0.00937803 0.212351 0.143625 -9.80565 
             47.0994 0.372041  3.85111 -125.292  13.6247 -3.60208 0.273596  -0.181627 -0.0640566   0.133574   0.33895 0.0193033  0.134073  -0.141285  -0.182877 0.00695659   0.00765098   0.00573378 -3.13627e-05 0.00259471  0.0166641 0.00912519 0.209482 0.146966 -9.80566 
                47.2 0.781211  3.68958 -127.712  13.6026 -3.62011 0.259587  -0.185921 -0.0462573   0.118236  0.338824 0.0190104  0.134116  -0.143806  -0.130324 -0.0807325   0.00762985   0.00574089 -3.23405e-05 -0.00489401   0.0168702  0.00983633 0.205293 0.148559 -9.80573 
             47.3004  1.58226  4.11852 -130.291  13.5832 -3.62545 0.264862  -0.190472 -0.0850531  0.0836054  0.338466 0.0197229  0.134276  -0.141232  -0.058796 -0.0434384   0.00758885   0.00567655 -2.60387e-05 0.000684978   0.0190389   0.0087872  0.20465 0.151699 -9.80569 
             47.3998 0.621478   3.5914 -133.793  13.5584 -3.63319 0.261956 -0.190957 -0.112719 0.0599009  0.338512 0.0197501  0.134151  -0.171383 -0.0603831 -0.0780017   0.00763919   0.00571275 -3.48496e-05 7.66755e-05   0.0194774  0.00837618 0.199499 0.153092 -9.80578 
             47.5002   0.5373  3.60862 -137.571  13.5518 -3.63909  0.26431 -0.191365 -0.107535 0.0790549  0.338503 0.0195124  0.134196  -0.108988 -0.0732145  0.0412783   0.00761328   0.00567727 -1.09584e-05 0.00276632  0.0191415 0.00832098 0.202945 0.152218 -9.80572 
             47.5995 0.221997  3.13082 -141.221  13.5524 -3.63737 0.278305 -0.202914 -0.130726 0.0928991  0.339124 0.0188735  0.134358  -0.049978 -0.0489291  0.0449884   0.00757576   0.00564144 -9.51449e-06  0.0122864  0.0204575 0.00685356 0.208848 0.154498 -9.80556 
             47.6999 0.260867  2.92561 -143.732   13.547 -3.64257 0.274911 -0.198036 -0.117288 0.0926704   0.33903 0.0188578   0.13434 -0.0403649 -0.0423011 0.00446303   0.00759267   0.00562388 -5.73961e-05 0.00941451  0.0209817  0.0076296 0.208259 0.154286 -9.80558 
             47.8001 -0.143329   2.92034  -146.031  13.5392 -3.64519 0.269873 -0.197599 -0.112087 0.0867344  0.338969 0.0189584  0.134299 -0.0653712 -0.0483105  0.0173142   0.00761136   0.00559869 -7.55001e-05 0.00753113  0.0223328 0.00812319 0.207524 0.155709 -9.80557 
             47.9001 -0.783662   2.92415  -148.641  13.5398 -3.64553 0.271254  -0.193784 -0.0997884  0.0758025  0.339191 0.0193001  0.134274 -0.0837112 -0.0352154 -0.0280547   0.00759743   0.00559044 -6.11664e-05 0.00947911  0.0232713 0.00847073 0.211518 0.155302 -9.80549 
             47.9995 -0.557102   3.08294  -151.288  13.5307 -3.65291 0.263022 -0.187842 -0.102762 0.0807244  0.339286 0.0191057  0.134316  -0.069855 -0.0254244 -0.0486816   0.00756359   0.00558924 -7.81326e-05 0.00881945  0.0223766 0.00873225 0.210044 0.153647 -9.80555 
             48.0998 -0.903881    3.1573  -154.386  13.5174 -3.65196 0.259277 -0.192981 -0.106984 0.0854358  0.339122 0.0191616  0.134346 -0.0852064  -0.017604 -0.0782581   0.00758012   0.00556468 -6.12912e-05 0.00723504  0.0235034 0.00839855 0.208176 0.156004 -9.80555 
             48.2002 -1.14258  2.92022 -158.165  13.5096   -3.655 0.255521 -0.190757 -0.105096 0.0841399  0.339159 0.0191273  0.134339   -0.134464 -0.00811645  -0.0048768   0.00755264   0.00556309 -5.03569e-05 0.00807121  0.0234972 0.00808117 0.209218 0.155412 -9.80554 
             48.2995 -1.13565  3.07751 -162.058  13.5017 -3.65313 0.257266 -0.194669 -0.100331 0.0882277   0.33931 0.0188611  0.134275    -0.169965 -0.000232156  -0.00516668   0.00756041   0.00552501 -5.14924e-05  0.0106648  0.0236341 0.00837856 0.212672 0.155505 -9.80546 
             48.3999 -1.06163  3.09151 -164.815  13.4787  -3.6521 0.262942 -0.189604 -0.101805 0.0880225  0.339226 0.0190016  0.134318  -0.20362 0.0120718 0.0356532   0.00755421   0.00551014 -9.01405e-05 0.00902578  0.0249059 0.00763638 0.210918 0.156277 -9.80549 
             48.4992 -0.762263   3.13392  -166.233  13.4577 -3.64722 0.261385 -0.193968 -0.100833  0.090742  0.339162 0.0190938  0.134338  -0.253368  0.0469659 -0.0340206   0.00753066   0.00550142 -0.000137003 0.00952762  0.0249766   0.007867 0.211733 0.156918 -9.80546 
             48.5995 -0.574657   2.94236  -167.085  13.4192 -3.64886  0.26201 -0.191317 -0.112229 0.0922007 0.339382 0.018273 0.134257   -0.35769 0.00981076  0.0920836   0.00753668    0.0055114 -0.000140471 0.00800388  0.0236022  0.0077991 0.208007 0.155889 -9.80556 
             48.6999 -0.539231   2.91056   -167.63  13.3792 -3.64681  0.26016 -0.201924 -0.118002 0.0976249  0.339056 0.0184796  0.134269  -0.423817 -0.0257174 -0.0436551   0.00756238   0.00550498 -0.000156894  0.0093212   0.023106 0.00850256 0.208616 0.157067 -9.80552 
             48.7993 -0.0279023    3.25451   -168.347  13.3387 -3.66273 0.264576 -0.180108 -0.116573 0.0599029   0.34004 0.0181609  0.134185   -0.40802 -0.0723353  0.0197251   0.00752761   0.00547561 -0.000158464 0.00856993  0.0214604 0.00794557 0.206958 0.152141 -9.80564 
             48.8995 -0.0701468    3.05732   -169.312  13.2998 -3.67451 0.259824 -0.173795 -0.118483 0.0429121  0.340265 0.0183161  0.134206 -0.451373 -0.102445 -0.059677  0.00755171  0.00547192 -0.00014288  0.0101025  0.0210617 0.00822652 0.207794 0.150508 -9.80564 
             48.9999 -0.696967    2.8488  -170.467  13.2478 -3.68342  0.25759 -0.180187 -0.116521 0.0577476  0.340232 0.0180679  0.134119  -0.499799 -0.0978721  0.0255048   0.00756344   0.00547982 -0.000150798 0.00867881  0.0209146 0.00780773 0.206955 0.151614 -9.80564 
             49.1002 -1.01424  2.35889 -171.968  13.1931 -3.68911 0.265251 -0.187093 -0.114917 0.0753936  0.340318 0.0179031  0.133986   -0.517571  -0.0688408 -0.00722453   0.00754474   0.00548812 -0.000127496  0.0074079  0.0212753 0.00742302 0.206343 0.153261 -9.80563 
             49.1995 -0.955642   2.45807  -173.375   13.153 -3.69516 0.264172  -0.18552 -0.110244 0.0644544 0.340289 0.017847 0.134016  -0.448733 -0.0547583 0.00847162   0.00753688   0.00547658 -0.000132555 0.00938802  0.0218825 0.00773228 0.209078 0.152971 -9.80558 
             49.2998  -1.0827  2.31776 -174.372  13.1045 -3.69005 0.256184 -0.194189 -0.113974 0.0820914  0.340304 0.0177487  0.133961   -0.519082 -0.00103095  -0.0906744   0.00753538   0.00545437 -0.000136389 0.00946819   0.023517 0.00817009 0.209271 0.156011 -9.80553 
             49.4001   -1.104  2.22719 -174.951   13.053 -3.68737 0.260051 -0.195577 -0.110489 0.0820909  0.340222 0.0177795  0.133961 -0.536413 0.0149245 0.0746394   0.00753553   0.00547164 -0.000154617 0.00967294  0.0243326 0.00757825 0.210268 0.156825 -9.80549 
             49.4995 -0.852888   2.13201  -175.441  12.9983 -3.69347 0.266789 -0.186477 -0.110292 0.0702653  0.340393 0.0178848  0.133895   -0.517271 -0.00961942 -0.00636823   0.00753314   0.00546358 -0.000156352 0.00931582  0.0233487 0.00703787  0.20936 0.154528 -9.80555 
             49.5998 -0.226895   2.36962    -176.2   12.943 -3.69253 0.266724 -0.189327 -0.115565 0.0756823   0.34046 0.0177254  0.133973    -0.495474   0.00181079 -0.000523207    0.0075216   0.00545521 -0.000154571 0.00839918  0.0231006 0.00722694 0.207693 0.155171 -9.80557 
             49.7002 -0.281128   2.05332  -177.741 12.8907 -3.6931 0.26143 -0.189086  -0.11595 0.0749141  0.340443 0.0177163  0.133963  -0.561259 0.00702217  -0.065023   0.00753979   0.00544115 -0.000118462 0.00844915  0.0227731 0.00742997 0.207592 0.154828 -9.80558 
             49.8004 -0.909865   1.56628  -179.693  12.8315 -3.68736 0.257006 -0.191413 -0.117232 0.0759872  0.340495 0.0177735  0.133911 -0.590193 0.0432846 0.0711598   0.00755667   0.00546119 -0.000113472 0.00832793  0.0232522 0.00769895 0.207486 0.155735 -9.80557 
             49.9004 -0.878587   1.88915   178.046  12.7733 -3.67967 0.255537 -0.193725 -0.119971 0.0785889  0.340654 0.0177981  0.133892  -0.533369  0.0605215 -0.0179799   0.00754296   0.00542135 -0.000113455 0.00857945  0.0235903 0.00802908 0.207466 0.156471 -9.80556 
             49.9998 -0.672547   2.48914   175.853  12.7193 -3.66927 0.256546 -0.198257  -0.12442 0.0831394 0.340924 0.017943 0.134005   -0.485732   0.0693431 -0.00608714   0.00750416   0.00542266 -0.000136764 0.00787123  0.0241257 0.00815267  0.20641 0.158058 -9.80555 
             50.1001 -1.15088  2.36954  173.928  12.6764 -3.66071 0.253697  -0.19984 -0.116388 0.0850967  0.340876 0.0176697  0.133892 -0.546389 0.0869413  -0.03773   0.00755719   0.00540395 -0.000132109 0.00905244  0.0243822 0.00795224 0.208944   0.1579  -9.8055 
             50.1994 -1.2409 2.40592 172.587  12.6274 -3.65305 0.259252 -0.198574 -0.113751 0.0841178  0.340847 0.0176553  0.133878 -0.532191  0.094351 0.0494885    0.0075251   0.00541551 -0.000164627 0.00978113  0.0243848 0.00787355 0.209996 0.157399 -9.80549 
             50.2996 -0.833278   2.77911   171.245  12.5769 -3.64441  0.26031 -0.198233 -0.113545 0.0836649  0.340831 0.0176766  0.133874 -0.471454 0.0801126 0.0249744   0.00753178   0.00538513 -0.000159442 0.00985759   0.024461 0.00775581 0.210104 0.157389 -9.80549 
                50.4 -0.561071   3.19981   170.227  12.5391 -3.63414 0.254668 -0.202322 -0.104961 0.0796834  0.340741 0.0177379   0.13388  -0.443776  0.0715562 -0.0398279   0.00753678    0.0053676 -0.000159872  0.0102991  0.0251247 0.00850002  0.21227  0.15816 -9.80543 
             50.4994 -0.967521   2.67269   168.792   12.488 -3.62597 0.245987 -0.202646  -0.10618 0.0820724  0.340717 0.0176925  0.133851   -0.53435   0.099872 -0.0648121   0.00754368   0.00538374 -0.000162885 0.00976779  0.0250612 0.00865204 0.211578 0.158344 -9.80544 
             50.5998 -1.52938  2.28583  167.717   12.427 -3.61293 0.245998 -0.203901 -0.108927  0.087862  0.340606 0.0175997  0.133701 -0.564634  0.106285 0.0261243   0.00754362   0.00538871 -0.000157737 0.00842332  0.0253058 0.00892526 0.210015 0.159251 -9.80546 
             50.6991 -1.31742  2.50609  167.447  12.3783 -3.60779 0.242758 -0.198768 -0.105805 0.0814213  0.340748 0.0177875  0.133742    -0.493919    0.0674937 -0.000583166   0.00750107   0.00536596 -0.000181408 0.00904823   0.025161 0.00911708 0.210818 0.157997 -9.80546 
             50.7996 -1.60423   2.7758   167.76  12.3297  -3.5995 0.242493 -0.200874  -0.10593 0.0827904  0.340637 0.0177286  0.133729  -0.486724  0.0779205 -0.0728869   0.00754169    0.0053786 -0.000201972 0.00894571  0.0251886  0.0088766 0.210805 0.158389 -9.80546 
             50.8999 -1.47302  2.46832  168.108  12.2651 -3.58596 0.237039 -0.206687 -0.114729  0.100178  0.340569 0.0171132  0.133646 -0.568248 0.0966004  0.004463   0.00753865   0.00540288 -0.000211714 0.00777098  0.0248903 0.00858922 0.208499 0.159739 -9.80548 
             50.9997 -1.93322  2.63273  168.247  12.2081 -3.56794 0.241425 -0.210185 -0.114698  0.102575  0.340233 0.0169816  0.133568  -0.567768   0.129375 -0.0425661   0.00756126   0.00540418 -0.000207772 0.00743889  0.0260708 0.00845096 0.208696 0.161469 -9.80545 
             51.1004 -1.25516   2.5926  168.202  12.1575 -3.55912 0.237777 -0.207698 -0.112926 0.0976643  0.340266 0.0171345  0.133534    -0.50187    0.102507 -0.00949494   0.00752035   0.00540439 -0.000196044 0.00803072  0.0259904 0.00838091  0.20938 0.160761 -9.80545 
             51.1996 -1.07972   2.9004   167.95  12.1079  -3.5502 0.236972 -0.206796 -0.113378 0.0961652  0.340236 0.0172077  0.133516 -0.529338  0.095352 -0.056695   0.00751777   0.00540937 -0.000198915 0.00821576  0.0259005 0.00816129 0.209406 0.160511 -9.80545 
             51.2995 -1.21188  2.38922  167.457  12.0544 -3.54052 0.228215 -0.207232 -0.109828 0.0948101 0.340191 0.017164 0.133545 -0.566585 0.0855284 0.0165075   0.00753187    0.0054206 -0.000196282 0.00824209   0.026121 0.00844928  0.21008 0.160604 -9.80543 
             51.3994 -1.60787   1.9022  167.143  11.9994 -3.53514 0.236055 -0.207024 -0.108931 0.0936873  0.340203 0.0171222  0.133612 -0.555692 0.0830243 0.0162457   0.00753884   0.00543048 -0.000197097  0.0087825   0.025682 0.00819012 0.210577 0.159972 -9.80543 
             51.4998 -1.69708  2.07833  167.369  11.9497 -3.52369 0.240774 -0.212615 -0.107287 0.0952841  0.340177 0.0170503  0.133561 -0.497087 0.0719619 0.0288083   0.00753589   0.00542564 -0.000197763 0.00888706  0.0259047 0.00793851 0.211262 0.160941  -9.8054 
             51.6002 -2.06747  2.01484  167.848  11.9009 -3.51219 0.240756 -0.216727 -0.107429 0.0964526  0.340107 0.0170045  0.133494   -0.52048  0.0950684 -0.0368181   0.00757192   0.00542486 -0.000198448 0.0088629 0.0261155 0.0078597 0.211474 0.161791 -9.80539 
             51.6996 -2.18598  1.93889  168.133  11.8529 -3.50101 0.240293 -0.217957 -0.103417 0.0918816  0.340021 0.0170575  0.133464 -0.521382   0.11101  0.106318   0.00756391   0.00543096 -0.000182787 0.00922661  0.0265373 0.00801755 0.212623 0.162084 -9.80536 
             51.7999 -1.87667  1.75526  168.303  11.7997 -3.48637 0.242997 -0.220184 -0.103482 0.0940447  0.340004 0.0169915  0.133488  -0.50367  0.115507 -0.011929   0.00754305   0.00545001 -0.000175696 0.00896685   0.026707 0.00825086 0.212533  0.16266 -9.80535 
             51.9002 -1.38179  1.86942  168.214  11.7554 -3.48011 0.240572 -0.218901 -0.102551 0.0940496  0.340004 0.0168848  0.133393  -0.44492 0.0902161  0.005135   0.00754565   0.00541205 -0.000180714 0.00954189  0.0262118 0.00865176 0.213006 0.161796 -9.80535 
             51.9997 -0.957687   1.84752   167.771  11.6974 -3.46855 0.235135  -0.21971 -0.109698 0.0931905  0.340082 0.0169758  0.133429   -0.53227  0.0927109 -0.0656958   0.00753314   0.00541937 -0.000169147 0.00850445  0.0259047 0.00887113 0.210898 0.162287 -9.80539 
             52.0997 -1.42289  1.53811  167.236  11.6401 -3.45995 0.230709 -0.219132 -0.110392 0.0927078  0.340061 0.0170213  0.133435  -0.55801 0.0808951 0.0556878   0.00754004   0.00543862 -0.000172523 0.00830654   0.025741 0.00889892 0.210535 0.162139  -9.8054 
             52.2003 -1.7439 1.16913 166.885  11.5791 -3.45006 0.230778 -0.218637 -0.112913 0.0914375  0.340054 0.0171597  0.133424  -0.528538  0.0917098 -0.0284863   0.00756866   0.00544857 -0.000184622 0.00769226  0.0255457 0.00907363 0.209506 0.162185 -9.80542 
             52.2995 -1.77161  1.64177  167.207  11.5343 -3.44462  0.23181 -0.217687  -0.11012 0.0887088  0.340008 0.0171673  0.133372  -0.479747  0.0748331 -0.0247099   0.00751662   0.00541355 -0.000198242 0.00831827  0.0255778 0.00905023 0.210476 0.161761 -9.80541 
             52.3999 -2.00659  1.38847    167.8  11.4837 -3.43397 0.225941  -0.21882 -0.109895 0.0897435  0.339971 0.0171432  0.133353  -0.560019    0.10528 -0.0719648   0.00755464   0.00545818 -0.000210639 0.00828416  0.0256762 0.00894471  0.21056 0.162023  -9.8054 
             52.4994 -2.17386    1.423  168.122  11.4322 -3.42293 0.230067 -0.218774 -0.108962 0.0896809  0.339914 0.0171614  0.133333 -0.533767   0.12841 0.0618336   0.00755813   0.00548912 -0.000202518 0.00855212   0.025981 0.00883515 0.211031 0.162172 -9.80539 
             52.5998 -1.74643  1.51437   168.16  11.3849 -3.40248  0.23263 -0.222296   -0.1033 0.0963471  0.339775 0.0172091  0.133422  -0.483506   0.135096 -0.0145618   0.0075553  0.00547931 -0.00017082 0.00824913  0.0270703 0.00840706 0.212104 0.163501 -9.80534 
             52.7001 -1.41358  1.93327  168.071  11.3363 -3.39387 0.235378 -0.218465  -0.10373 0.0890898  0.339737 0.0172933  0.133345 -0.471606   0.11819  0.015651   0.00754288   0.00545737 -0.000186353 0.00815926  0.0267069 0.00824386 0.211673 0.162644 -9.80537 
             52.7994 -1.01508  1.89431  167.523  11.2838 -3.38304  0.23421 -0.217979 -0.104759 0.0874708  0.339713 0.0173096  0.133314  -0.559477   0.130774 -0.0487313   0.00753103   0.00545382 -0.000177255 0.00809781  0.0264425  0.0083171 0.211362 0.162402 -9.80538 
             52.8998 -1.42682  1.67912  166.878  11.2299 -3.37051 0.234931 -0.218723 -0.103804  0.089081 0.339699 0.017255 0.133316 -0.568189  0.118892 0.0571351   0.00756424   0.00546638 -0.000167637 0.00842852  0.0264389 0.00844789 0.211843  0.16237 -9.80537 
             53.0002 -1.5185 1.70842 166.782  11.1824 -3.35892 0.232562 -0.219914 -0.102784 0.0914518  0.339659 0.0172209  0.133306 -0.482859 0.0968049 0.0104309   0.00755509   0.00547184 -0.000187266 0.00928499  0.0265863 0.00874691 0.212873  0.16239 -9.80535 
             53.0996 -1.68789  2.02921  167.296  11.1276 -3.35249 0.230404 -0.218075 -0.106563 0.0888126  0.339798 0.0171936  0.133416  -0.486319  0.0924666 -0.0571474   0.00753161   0.00547072 -0.000217955 0.00869372   0.026009 0.00887589 0.211511  0.16194 -9.80538 
             53.1997 -1.67438  1.82134  167.955  11.0698 -3.34357 0.227337 -0.218411  -0.10901 0.0921965  0.339925 0.0170806  0.133411 -0.560522 0.0853673 0.0013674   0.00755259   0.00548409 -0.000220465 0.00839342  0.0256014 0.00854116 0.210759 0.161816  -9.8054 
                53.3 -2.03082  2.19847  168.311   11.018 -3.32965 0.234136 -0.218961 -0.108435 0.0924578  0.339775 0.0171017  0.133318  -0.550489   0.111871 0.00660281   0.00756871   0.00546391 -0.000197064 0.00875532  0.0264495 0.00849547 0.211435 0.162534 -9.80537 
             53.4003 -1.38072  2.10448   168.39  10.9719 -3.31883 0.230475 -0.220257 -0.105443 0.0923619  0.339715 0.0170426  0.133369 -0.468347 0.0891533 0.0252324   0.00752442   0.00549052 -0.000185086 0.00904988  0.0266458 0.00881596  0.21228 0.162684 -9.80535 
             53.4996 -1.15499  2.44967  168.123  10.9281 -3.30683 0.232533 -0.222269 -0.104313 0.0930474  0.339742 0.0170199   0.13342   -0.473194   0.0931573 -0.00997336   0.00752333   0.00551445 -0.000178657 0.00902422  0.0269351 0.00875312 0.212605 0.163203 -9.80534 
                53.6 -1.32489  1.94884  167.561  10.8781 -3.30023  0.22383  -0.22048 -0.100356 0.0933205  0.339579 0.0169854  0.133437  -0.536264   0.101911 -0.0115524    0.0075518   0.00553493 -0.000168147 0.00872403  0.0268302 0.00918932 0.212834  0.16273 -9.80534 
             53.7003 -1.35168  1.61989    167.1  10.8184 -3.28602 0.227157 -0.220732 -0.103272 0.0949119 0.339638 0.017117 0.133346  -0.536713   0.135713 -0.0105751   0.00754983   0.00551346 -0.000172587 0.00817027  0.0269293 0.00921147 0.211931 0.163146 -9.80535 
             53.7996 -1.4668 2.02319  166.61  10.7763 -3.27926  0.22963  -0.218624 -0.0981684  0.0923979  0.339484 0.0169582   0.13334 -0.455178  0.107363 0.0456669   0.00754411   0.00549414 -0.000171427 0.00859279  0.0266794 0.00893985 0.212917 0.162248 -9.80535 
                53.9 -1.69886  2.24347  165.691  10.7336 -3.26736 0.224076  -0.219296 -0.0977961   0.092049  0.339551 0.0169687  0.133316  -0.466822   0.149402 -0.0768654   0.00754821   0.00553245 -0.000150533 0.00884052  0.0265834 0.00940053 0.213207 0.162177 -9.80534 
             54.0004 -1.70306  2.13462  164.254  10.6875 -3.24958 0.221282  -0.220067 -0.0972099  0.0935872  0.339617 0.0168578  0.133304 -0.464713  0.181431 0.0758006   0.00755377   0.00552763 -0.000136768 0.00912923  0.0267785  0.0093159 0.213643 0.162354 -9.80533 
             54.0997 -1.24581  2.26356  162.555   10.641 -3.22647 0.224203  -0.220648 -0.0973659  0.0937121  0.339812 0.0168941  0.133373    -0.4513   0.196589 -0.0421157  0.00754547  0.00551035 -0.00012956 0.00899923  0.0273252  0.0092426 0.213688 0.162971 -9.80532 
                54.2 -0.665526   2.41154   161.075   10.587 -3.20598 0.224353  -0.21622 -0.102577 0.0795674 0.339692 0.017344 0.133296   -0.431653    0.210194 -0.00603628  0.00755047  0.00546425 -0.00014815 0.00828732  0.0273572 0.00912954 0.212069 0.162832 -9.80536 
             54.3004 -0.509665   2.23995   159.298   10.535 -3.18313 0.222232 -0.212913 -0.106249 0.0733002  0.339641 0.0175743  0.133236  -0.507992   0.259891 -0.0697952   0.00754494   0.00547373 -0.000148649 0.0080372 0.0274899 0.0089251 0.211169 0.162727 -9.80538 
             54.3997 -1.03719  2.16397  157.678  10.4802 -3.15809 0.214923  -0.21406 -0.105331  0.071456  0.339583 0.0176717  0.133268 -0.532193  0.245269 0.0532779   0.00755071   0.00546149 -0.000165869 0.00760859  0.0269264 0.00918448 0.210825 0.162491 -9.80539 
             54.4996 -1.10786  1.83509  156.504   10.425 -3.13423  0.21741 -0.214612 -0.105875 0.0698761  0.339576 0.0177026  0.133246  -0.492263   0.207838 0.00127858   0.00751036   0.00546949 -0.000182034  0.0073582  0.0268281 0.00927113 0.210525 0.162596 -9.80539 
             54.5995 -0.997282   2.15849   156.213  10.3696 -3.11192 0.219998 -0.215851 -0.109393 0.0731694 0.339613 0.017476 0.133265  -0.456585   0.195197 -0.0248623   0.00752032   0.00545202 -0.000220327 0.00662662  0.0266147 0.00917517 0.209355 0.163002 -9.80541 
             54.6999 -1.04814  1.86893  156.351  10.3235  -3.0926 0.215102  -0.21455 -0.109226 0.0724043  0.339724 0.0175442  0.133289  -0.503837   0.238441 -0.0802281   0.00752668   0.00546979 -0.000233231 0.00682931  0.0265746 0.00909489 0.209473 0.162703 -9.80541 
             54.7992 -1.00228  1.79527  156.519  10.2762 -3.06578 0.216569 -0.215165 -0.107861 0.0657306  0.339422 0.0176269   0.13328 -0.505512  0.257368 0.0541332   0.00752825    0.0054816 -0.000230586 0.00690155  0.0271098 0.00902569  0.20995 0.163177  -9.8054 
             54.8995 -1.0048 1.83996 156.475   10.225  -3.0393 0.217541 -0.215948 -0.108889 0.0667186  0.339423 0.0175963  0.133281  -0.482114   0.250298 -0.0220939  0.00752703  0.00548765 -0.00023707 0.00698978  0.0269699 0.00881428 0.209868   0.1632  -9.8054 
             54.9999 -0.790974   2.11875   156.186  10.1842 -3.02002 0.215677 -0.213424 -0.107815 0.0595437  0.339498 0.0178011  0.133214   -0.45349   0.223983 -0.0353386   0.00753028   0.00548173 -0.000209973 0.00778274  0.0270067 0.00901294 0.210586 0.162556 -9.80539 
             55.1002 -0.644378   1.91654   155.621  10.1397 -2.99478 0.211359 -0.214585 -0.106817 0.0556932 0.339482 0.017846 0.133238  -0.524502   0.260085 -0.0966648   0.00753512   0.00547762 -0.000198119 0.00809924  0.0272646 0.00882893 0.211157 0.162796 -9.80538 
             55.2001 -1.00266  1.62647      155  10.0883 -2.96952 0.211876 -0.214972 -0.106697 0.0545733  0.339487 0.0178373  0.133246 -0.525951  0.253842 0.0620207   0.00755866   0.00548821 -0.000196085 0.00830013  0.0272152  0.0087165 0.211352  0.16274 -9.80537 
             55.2995 -1.23002   1.6541  154.785  10.0395 -2.94824  0.21353 -0.214809 -0.105591 0.0507247  0.339465 0.0178395  0.133289 -0.452768  0.220519 0.0129055  0.00753675  0.00549114 -0.00021404 0.00834264   0.026781 0.00859431 0.211396 0.162281 -9.80538 
             55.3999 -1.29678  1.87594  155.192  9.99671 -2.92746 0.214491 -0.214839 -0.105447 0.0503342  0.339463 0.0178429  0.133288  -0.412741   0.214628 -0.0415107   0.00750927   0.00549989 -0.000225978 0.00836065  0.0267646 0.00857612 0.211428 0.162259 -9.80538 
             55.5001 -1.39042   1.4037  156.113   9.9518 -2.90146  0.20676 -0.215477 -0.105338 0.0514635   0.33938 0.0178052   0.13327  -0.482416   0.243945 -0.0405153   0.00755962   0.00553182 -0.000247571 0.00820988  0.0269319 0.00866482 0.211408 0.162534 -9.80537 
             55.5994 -1.55311  1.26672  157.452  9.90863 -2.87736 0.213766 -0.215792 -0.105408 0.0479133  0.339319 0.0178885  0.133279 -0.462938  0.240058 0.0145166   0.00753856   0.00553824 -0.000253345 0.00856656  0.0270476 0.00837915 0.211757 0.162574 -9.80537 
             55.6998 -0.960852   1.33539   158.448  9.87108 -2.86669 0.213228 -0.209947 -0.104644  0.033711  0.339615 0.0183364   0.13313   -0.415427    0.165807 -0.00162338   0.00752793   0.00554269 -0.000240059 0.00977018  0.0269326 0.00832522 0.212534 0.161224 -9.80537 
             55.8001 -0.853593   1.78721   158.637  9.82941 -2.84914 0.212734 -0.210595 -0.104498 0.0347501  0.339602 0.0183227  0.133162  -0.429456   0.158882 -0.0270152   0.00753932   0.00552129 -0.000200467 0.00962774  0.0270079 0.00830088 0.212494 0.161418 -9.80537 
             55.8995 -0.881822   1.56237    158.56  9.77529 -2.82766 0.210979 -0.212759 -0.107196 0.0407639  0.339656 0.0184122  0.133193   -0.52453   0.209807 -0.0250147   0.00755583   0.00552264 -0.000196047 0.00902873  0.0268332 0.00803866 0.211654 0.161916 -9.80538 
             55.9999 -1.01042   1.1759  158.444  9.72434 -2.80374 0.215323 -0.214364 -0.107133 0.0419818  0.339754 0.0183928  0.133186  -0.502642   0.228591 0.00176964   0.00755608   0.00552951 -0.000194458 0.00904989  0.0269154 0.00787271 0.211794 0.162205 -9.80537 
             56.1002 -0.625836   1.66607   158.791  9.67226 -2.78257 0.217082 -0.215007 -0.106689 0.0433705  0.339702 0.0185087  0.133219  -0.43265  0.186641 0.0343087   0.00749995   0.00549189 -0.000216111  0.0082658  0.0265154 0.00762882 0.211101 0.162186 -9.80539 
             56.1996 -1.06088  1.81837  159.966  9.63512 -2.76888  0.21104 -0.210774 -0.107818 0.0347437   0.33978 0.0186465  0.133223  -0.407237   0.191997 -0.0691878   0.00752847   0.00552511 -0.000226973 0.00903074  0.0267773 0.00811025 0.211452 0.161633 -9.80539 
             56.2995 -0.920505   1.47599   161.946  9.58832 -2.74541 0.203097 -0.210695 -0.107013 0.0385588   0.33954 0.0185335  0.133186 -0.457974  0.162527 0.0495624   0.00755552   0.00555859 -0.000246491 0.00842943  0.0273406 0.00844774 0.211228  0.16223 -9.80538 
                56.4 -1.38756  1.93459    163.5  9.53588 -2.72757 0.206534 -0.212266 -0.107586 0.0447201  0.339548 0.0183478  0.133222  -0.500331   0.161823 -0.0573709   0.00755228   0.00559618 -0.000231162 0.00806761  0.0270394 0.00827073 0.210821 0.162328 -9.80539 
             56.4995 -0.973445   2.31929   164.195  9.49347 -2.71028 0.203533 -0.213782 -0.106041 0.0416554  0.339489 0.0183732  0.133209  -0.451974   0.132919 -0.0077018   0.00760014   0.00557307 -0.000200969 0.00822492  0.0273796 0.00831695 0.211358 0.162716 -9.80537 
             56.5997 -0.830247   2.89576    164.15  9.45446 -2.69707 0.202386 -0.215772 -0.105006 0.0361319  0.339527 0.0182752  0.133129  -0.480172   0.116606 -0.0503722     0.007589   0.00554332 -0.000177707 0.00878336   0.027423 0.00820062 0.212094  0.16284 -9.80535 
                56.7 -1.11759  2.32369  163.879  9.39811 -2.68307 0.199132 -0.216964 -0.107097 0.0406618  0.339543 0.0184619  0.133082 -0.528314  0.148858 0.0298361   0.00758292   0.00560281 -0.000167774 0.00854337   0.027128 0.00805414 0.211558 0.162925 -9.80536 
             56.8003 -1.14243  2.09613  163.688   9.3477 -2.66199 0.201221 -0.218951 -0.107761 0.0426946  0.339805 0.0184467  0.133082  -0.481859   0.183726 -0.0503866   0.00758718   0.00561606 -0.000165933 0.00864074  0.0273903 0.00794609 0.211711 0.163434 -9.80535 
             56.8996 -1.18336  2.37228   164.18  9.29871 -2.64725 0.200276 -0.217961 -0.108521 0.0435132  0.339747 0.0185296  0.133074  -0.437688    0.15678 0.00164051   0.00762265   0.00558644 -0.000192339 0.00839915  0.0271594 0.00789117 0.211286 0.163197 -9.80537 
             56.9999 -1.35992  2.22432  164.995  9.25705 -2.63461 0.196293 -0.217503  -0.10783 0.0412881  0.339767 0.0185068   0.13312 -0.463842  0.194968 -0.107991   0.00762834   0.00561475 -0.000195445 0.00865817  0.0267334 0.00765463 0.211465 0.162675 -9.80537 
             57.0998 -1.14805   2.0073   165.67  9.20694 -2.62163 0.194316 -0.217354 -0.108726 0.0448136  0.339831 0.0185198  0.133073 -0.473986  0.159364 0.0634605   0.00761584   0.00562198 -0.000188825 0.00860951  0.0261088 0.00766449 0.211118 0.162172 -9.80539 
             57.1996 -0.864904   1.86488    165.97  9.15303 -2.60964 0.196276 -0.215531 -0.111992 0.0459306  0.339897 0.0186059  0.132969  -0.486234   0.142625 -0.0220023   0.00761219    0.0056246 -0.000179685 0.00873222  0.0256976 0.00730082 0.210553 0.161678 -9.80541 
             57.3001 -0.404509   2.36889   165.895  9.10511 -2.59013 0.198176 -0.216526 -0.111423  0.045593  0.339946 0.0186244  0.133082  -0.474084   0.145078 0.00593955   0.00761291   0.00560145 -0.000163086 0.00840749  0.0261254 0.00721979 0.210518 0.162243  -9.8054 
             57.3999 -0.282775   2.28924   165.329  9.05484 -2.57334 0.194746 -0.217239 -0.111243 0.0454518  0.340004 0.0186085    0.1331    -0.5546   0.169875 -0.0649115   0.00760529   0.00562062 -0.000153375 0.00837575  0.0262164 0.00726554 0.210574 0.162422 -9.80539 
             57.5002 -0.66591  1.98303   164.56   9.0022  -2.5556 0.197807  -0.21963 -0.110915 0.0469665  0.340088 0.0184056  0.133098 -0.560316  0.165733 0.0787349   0.00762757   0.00561874 -0.000140999 0.00877581  0.0260296 0.00689413 0.211008 0.162488 -9.80538 
             57.5995 -0.687232   1.93152   164.034  8.94941 -2.53526 0.200633 -0.221625 -0.110935 0.0507109   0.34022 0.0183921  0.133058  -0.488039   0.163965 0.00729082   0.00760985   0.00560211 -0.000149388 0.00868799   0.026147 0.00673155 0.211046 0.162889 -9.80538 
             57.6998 -0.657203    2.1665   164.335  8.90615 -2.52147 0.199894 -0.218817 -0.112171  0.047739 0.340236 0.018414 0.133044  -0.438547   0.145536 -0.0297353  0.00762501   0.0056183 -0.00017828 0.00922061   0.026594 0.00709866 0.211313 0.162779 -9.80537 
             57.8002 -0.687431   1.80164   164.956  8.86411 -2.50454 0.191752 -0.217613 -0.109554 0.0415416  0.340153 0.0184925   0.13306  -0.496964   0.159646 -0.0372586    0.0076244   0.00565075 -0.000181486 0.00928923  0.0269604 0.00727232 0.211793 0.162793 -9.80536 
             57.8994 -0.753352   1.87487   165.464  8.81992  -2.4906 0.197349 -0.217195   -0.1091 0.0363028  0.340119 0.0185753  0.133058 -0.490838  0.134816 0.0483897   0.00763546   0.00561023 -0.000176146 0.00965588  0.0270753 0.00726768 0.212178 0.162728 -9.80535 
                  58 -0.592277    1.9046   165.516  8.77656 -2.47986 0.196448 -0.215525 -0.106871 0.0306005  0.340105 0.0186207  0.133048 -0.443046  0.098451 0.0278566   0.00759349   0.00564566 -0.000154538 0.00979327  0.0273555  0.0074407 0.212614 0.162601 -9.80535 
             58.1004 -0.444115   2.28059   165.241  8.73433 -2.47318   0.2002 -0.215073 -0.106553 0.0280458  0.340072 0.0186398  0.133013 -0.439073 0.0850977 0.0059677   0.00758701   0.00561796 -0.000148182 0.00993342  0.0271315 0.00734235 0.212698 0.162308 -9.80535 
             58.1997 -0.688032   1.80465   164.712  8.68105 -2.45991 0.198148 -0.213329 -0.109676 0.0363913  0.340097 0.0187441  0.132977 -0.505307  0.146312 0.0139245   0.00760965   0.00564286 -0.000140856 0.00966362  0.0275398 0.00754623 0.212057 0.162584 -9.80536 
             58.2999 -0.32461  1.99822  164.435  8.62662 -2.44273 0.208447 -0.216158 -0.111557 0.0409862  0.340123 0.0188429  0.132993 -0.510717  0.164263 0.0829817   0.00760553   0.00562433 -0.000149059 0.00949134  0.0271613 0.00729069  0.21167 0.162792 -9.80536 
             58.4003 -0.457423    2.3585   164.476  8.57576 -2.41723 0.212588  -0.21718 -0.111642 0.0414828  0.340172 0.0188294  0.132977 -0.561229  0.295412 0.0843332   0.00763855   0.00561882 -0.000157033 0.00961901   0.027376 0.00753394 0.211866  0.16308 -9.80536 
             58.4993 0.00222245    2.86087    165.035   8.5104 -2.37752 0.207019 -0.219219 -0.119524 0.0480853  0.340399 0.0186597  0.133044 -0.753304    0.4919 0.0197242  0.00764011  0.00564506 -0.00018568 0.0106021 0.0272077 0.0085815 0.211617 0.163289 -9.80536 
             58.5996 1.20266 3.10273 166.091  8.41955 -2.32823 0.211266 -0.222547 -0.121602 0.0536673 0.340331 0.018512 0.133176  -0.940165   0.467757 -0.0403188   0.00762448   0.00567941 -0.000203585  0.0105797  0.0269212 0.00868198 0.211374 0.163602 -9.80536 
             58.7001 -1.80987  4.93599  165.725  8.31517 -2.29262 0.195986 -0.213028 -0.103926  0.018623  0.340122 0.0180219  0.134146   -1.0135  0.370177 -0.250622   0.00771331   0.00566204 -0.000172148 0.00706143  0.0275407 0.00831055 0.210733 0.162989 -9.80538 
             58.8006 -1.32362  4.56756  165.518  8.20716 -2.25581 0.179894  -0.209384 -0.0711042  0.0291871  0.340214 0.0178103  0.134102  -1.16913  0.338784 -0.209946   0.00762641   0.00571637 -0.000156252 0.00138934  0.0283889 0.00738496 0.210727 0.163177 -9.80538 
             58.8998 -1.05234  4.22945  165.052  8.07549 -2.22325 0.169486  -0.222155 -0.0265185 0.00638931   0.34067 0.0180381  0.134043  -1.38265  0.329708 -0.166756   0.00763924   0.00573883 -0.000165099 -0.00639288   0.0257399  0.00603394 0.210482 0.162921 -9.80539 
             59.0001 -1.68557  3.91968  164.228  7.94162 -2.18956 0.177576  -0.254997  0.0467601 -0.0116102  0.341436 0.0179542  0.134028   -1.28414   0.363974 -0.0736522   0.00766115    0.0057109 -0.000153153 -0.0189302  0.0197355  0.0040254 0.210362 0.162684 -9.80539 
             59.0995 -1.06238  4.08232  164.385  7.82175 -2.15944 0.173965  -0.266961  0.0669661 -0.0359923  0.341558 0.0181479   0.13404   -1.25474   0.328612 -0.0790316   0.00765758    0.0057563 -0.000163481 -0.0218288  0.0173404 0.00324767 0.210726  0.16233 -9.80539 
             59.1998 -1.21836  3.22224   164.95  7.68218 -2.12132  0.17107  -0.271662  0.0749461 -0.0288528    0.3418 0.0181931  0.133974   -1.50424   0.361536 -0.0341111   0.00765195   0.00575396 -0.000187973 -0.0234363  0.0167306 0.00270502 0.210559  0.16254 -9.80539 
             59.3002 -1.11973  3.26834  165.668  7.54566 -2.08942 0.179768  -0.272769  0.0757007 -0.0352249  0.341834 0.0182714  0.134017   -1.32463   0.294607 0.00349296   0.00765729   0.00572017 -0.000181261  -0.023268  0.0164549 0.00256909 0.210778 0.162412 -9.80539 
             59.3995 -0.869059   2.75089   165.582  7.42065  -2.0663 0.176042   -0.27256  0.0790389 -0.0470567  0.341899 0.0183697  0.134077   -1.27789   0.253393 -0.0987081   0.00763807   0.00571366 -0.000139797 -0.0232806  0.0161557 0.00231491 0.211147  0.16203 -9.80539 
             59.4997 -0.987387    2.3691   165.241  7.29373 -2.03117 0.165379  -0.274445  0.0817211 -0.0541914  0.341938 0.0183108  0.134156  -1.39868  0.305219 -0.104025   0.00764886   0.00573334 -0.000116865 -0.0234308  0.0168784  0.0024843 0.211668 0.162807 -9.80536 
             59.6002 -1.5811  1.9525 164.759  7.14243 -1.99155 0.157323   -0.27266  0.0811912 -0.0491261  0.342023 0.0184425  0.134017   -1.39347   0.353337 -0.0322485   0.00762769   0.00572644 -0.000134417 -0.0241303   0.017579 0.00261665 0.211133  0.16331 -9.80537 
             59.6995 -1.19559  2.27198  164.308  7.00703 -1.95203 0.157152  -0.277702  0.0834361 -0.0479318  0.341868 0.0185415  0.134075  -1.29485  0.371626 -0.110999   0.00761942   0.00569754 -8.99757e-05  -0.024782   0.016928 0.00187091 0.210954 0.163552 -9.80537 
             59.7998 -0.945461   2.51098   164.772  6.88348 -1.91372 0.150987  -0.277935  0.0829429 -0.0520279 0.341801 0.018554 0.133996   -1.34739   0.405089 -0.0841151   0.00765389   0.00571168 -0.000158465 -0.0241375  0.0171982 0.00175525 0.211479 0.163671 -9.80535 
             59.9001 -0.664164   2.32214   165.279  6.74163 -1.86597  0.15021 -0.277186  0.082601 -0.059797  0.341654 0.0185417  0.134077 -1.38602 0.386482 0.110549   0.00762928   0.00574213 -0.000170303 -0.0241218  0.0180039 0.00156124 0.211614  0.16424 -9.80534 
             59.9991 -1.5184 3.06957 165.548  6.62143 -1.83338 0.153397   -0.27722  0.0814491 -0.0619771  0.341618 0.0186851  0.133803   -1.23437   0.286546 -0.0420709   0.0077048  0.00568122 -0.00012841 -0.0230992  0.0182191 0.00162362 0.212329 0.164217 -9.80533 
             60.0999 -1.44397  2.04342  165.408  6.49553 -1.80661 0.150879  -0.277156  0.0784529 -0.0597279  0.341682 0.0186671   0.13378   -1.22296   0.260557 -0.0114178    0.0076467    0.0057593 -9.99182e-05 -0.0228965  0.0181197  0.0014762 0.212051 0.164202 -9.80533 
             60.2003 -1.61814  2.04055  165.203  6.35053  -1.7842 0.149874  -0.273467  0.0737705 -0.0327212  0.34167 0.018798 0.133808   -1.41397   0.304032 0.00276561   0.00763625   0.00575589 -0.000134747 -0.0233651  0.0177888 0.00150281 0.210789 0.163695 -9.80537 
             60.2996 -2.00884  1.53844  164.773   6.2129 -1.74461 0.149746  -0.273395  0.0772986 -0.0455733  0.34171 0.018815 0.133717   -1.33876   0.359768 -0.0217172   0.00765506   0.00577043 -0.000118729 -0.0240065  0.0185565 0.00188769  0.21096 0.164327 -9.80535 
             60.3999 -1.04502  2.40893  164.844   6.0845 -1.70124 0.132168  -0.276178  0.0779105 -0.0424503  0.341995 0.0184775  0.133897  -1.24643  0.382387 -0.151604   0.00761566   0.00575743 -0.000124198 -0.0241891  0.0187841 0.00263652 0.211079 0.164889 -9.80534 
                60.5 -0.661147   2.55584   165.359  5.94886 -1.66934 0.116354  -0.274929   0.075146 -0.0359402  0.342138 0.0184777  0.133662  -1.40127  0.438988 -0.154309   0.00764539   0.00574903 -0.000154198 -0.0239266  0.0179238 0.00272867 0.210649 0.164079 -9.80537 
             60.5995 -0.156144   2.27293   166.003  5.81213 -1.63553 0.113937  -0.273194   0.071832 -0.0348844  0.342265 0.0186963  0.133539   -1.30031   0.348401 -0.0674912  0.00762514  0.00581447 -0.00014211  -0.022963  0.0176952 0.00233054 0.210828 0.163571 -9.80537 
             60.6999 -0.927556   2.81073   165.901  5.68476 -1.60184 0.114835   -0.26677  0.0783537 -0.0269581  0.341988 0.0182115  0.133495  -1.25991  0.300681 -0.166897   0.00761319   0.00576676 -0.000114375  -0.0239721   0.0190555 0.000894779 0.210946 0.163737 -9.80536 
             60.8002 -1.35055  2.26453  165.401  5.55964 -1.57439 0.108881   -0.26805  0.0749069 -0.0217416  0.342103 0.0179324  0.133526  -1.30531  0.280692 -0.101406   0.00766204   0.00580085 -9.04152e-05   -0.023231   0.0187876 0.000218145 0.211039 0.163654 -9.80536 
             60.8996 -1.46936    2.107  164.868  5.41996 -1.54142  0.10478  -0.270216  0.0704703 -0.0210895  0.342218 0.0178758  0.133486 -1.44558 0.370642 0.019526   0.00763001   0.00578527 -0.000111674   -0.0226781    0.0185346 -0.000246373 0.210898 0.163797 -9.80536 
                  61 -1.34522  1.85537  164.298  5.28705 -1.50901 0.109624  -0.275618  0.0689657 -0.0214746  0.342248 0.0178022  0.133534   -1.29173    0.35099 -0.0672449   0.00764003   0.00581363 -8.79913e-05   -0.0220458    0.0174138 -0.000838637 0.211134  0.16356 -9.80536 
             61.1002 -0.800825   2.87445   164.457  5.17009 -1.46471 0.111941  -0.278399  0.0713636 -0.0265346  0.341943 0.0179674   0.13361   -1.23596   0.368636 -0.0164748   0.00765194   0.00568692 -8.99954e-05  -0.0219264   0.0180108 -0.00174378 0.211791 0.164287 -9.80534 
             61.1995 -0.911449   2.48085   164.807  5.03104 -1.42829 0.106686  -0.279013  0.0726812 -0.0221049  0.342006 0.0179269  0.133594   -1.44332   0.403275 -0.0178124  0.00767805  0.00579897 -0.00013453  -0.0227458   0.0174697 -0.00156176 0.211226 0.164081 -9.80535 
             61.2999 -0.629575   2.48103   165.338   4.8859 -1.39154 0.111584  -0.280196  0.0727861 -0.0194375  0.342029 0.0177307  0.133582    -1.31593    0.309725 -0.00401935   0.00765921   0.00576587 -0.000128544  -0.0236236   0.0172087 -0.00136276 0.210548 0.164234 -9.80536 
             61.4002 -1.01673  2.49722  164.857  4.74599 -1.35504 0.109646   -0.28466  0.0657336 -0.0171023  0.342064 0.0176506  0.133532   -1.30056   0.287356 -0.0792749   0.00771862   0.00576745 -6.69766e-05  -0.0234657     0.01692 -0.00171806 0.209845 0.164851 -9.80537 
             61.4997 -1.07532  2.19468  164.527  4.61693 -1.32627 0.100917  -0.282652  0.0691153 -0.0192219  0.342014 0.0176464  0.133569   -1.39738   0.329707 -0.0665505   0.00767515   0.00581035 -0.000109528  -0.0237031   0.0172067 -0.00150048 0.210099 0.164727 -9.80537 
             61.6004 -1.60089  1.61322   163.92   4.4708 -1.29311 0.095361 -0.279819 0.0720293 -0.017211  0.341898 0.0177253  0.133609  -1.37891  0.364442 0.0170207   0.00766518   0.00579154 -8.70155e-05  -0.0242371   0.0174284 -0.00125674 0.210012 0.164529 -9.80537 
             61.7001 -1.23859  1.70397  163.437    4.3292  -1.26085 0.0932589 -0.281081 0.0715951 -0.014227  0.341828 0.0178951  0.133557  -1.30594  0.347838 -0.110334  0.00763217  0.00578568 -9.8147e-05  -0.0247597   0.0166255 -0.00167218 0.209406 0.164223 -9.80539 
             61.7994 -0.979339   1.79103   163.731   4.20304  -1.21899 0.0831482  -0.281769  0.0725004 -0.0162956  0.341791 0.0178882  0.133621   -1.3656  0.423969 -0.138934   0.00766659   0.00578967 -0.000122583  -0.0247709   0.0171209 -0.00175793 0.209665  0.16466 -9.80538 
             61.8998 -0.808592   1.53623   164.164   4.06971   -1.1768 0.0809757  -0.278993  0.0689531 -0.0207776  0.341737 0.0181273  0.133663  -1.38573    0.3969 0.0569702   0.00765539   0.00581059 -0.000124846   -0.023171   0.0177701 -0.00225716 0.210459 0.164563 -9.80536 
             62.0003 -1.69699  2.34904  164.384   3.94033  -1.12945 0.0720284  -0.277386  0.0676981 -0.0169367  0.341576 0.0181298  0.133474  -1.28279  0.364712 -0.183538   0.00772721   0.00574974 -9.59608e-05  -0.0227912   0.0188694 -0.00225516 0.210781  0.16514 -9.80534 
             62.0996 -1.69177  1.48292  164.074   3.82471  -1.08667 0.0678111  -0.270987  0.0699065 -0.0103458  0.341798 0.0179831   0.13344  -1.24396  0.350349 -0.122435    0.0076775   0.00580126 -6.95063e-05  -0.0225867   0.0209611 -0.00357814 0.211453 0.165738 -9.80532 
                62.2 -1.66915  1.47383  163.797  3.69258 -1.05594 0.068239   -0.275074   0.0650544 -0.00982107   0.34186 0.0180246  0.133449  -1.39942  0.368465 -0.071404   0.00766701   0.00582336 -9.83377e-05  -0.0216607   0.0198826 -0.00460462 0.211423 0.165433 -9.80533 
             62.3004 -2.03852  1.03349  163.239   3.56359   -1.0239 0.0825539   -0.284645   0.0600996 -0.00944934  0.341971 0.0178138  0.133575  -1.28071  0.409223 0.0191051  0.00766318  0.00582236 -7.6416e-05  -0.0199498   0.0178225 -0.00579861 0.211958 0.164905 -9.80532 
             62.3996 -1.30058  1.82429  163.215   3.43333 -0.987083 0.0802106  -0.284652  0.0609181 -0.0123452  0.341926 0.0178942  0.133586   -1.20993   0.385162 -0.0558376   0.00765758   0.00581071 -7.85123e-05  -0.0205686   0.0173593 -0.00591407 0.211488 0.164683 -9.80534 
                62.5 -0.861882   2.00969   163.717   3.30902 -0.949954 0.0805476  -0.282577   0.060562 -0.0147478  0.341863 0.0180663  0.133479   -1.34237   0.433182 -0.0257804   0.00767505   0.00580286 -0.000117656  -0.0202354   0.0174466 -0.00628987 0.211625 0.164422 -9.80534 
             62.5995 -0.516407   1.92697    164.28   3.17406 -0.907846 0.0902332  -0.280118  0.0606506 -0.0161207  0.341801 0.0181463  0.133521  -1.28502  0.355318 0.0850248   0.00769441   0.00580651 -0.000121443  -0.0202208   0.0180902 -0.00664548   0.2117 0.164584 -9.80533 
             62.6995 -1.02649  2.30881  164.215   3.04624 -0.875239 0.0965985  -0.279444   0.064446 -0.0134728 0.341705 0.017969 0.133532   -1.24279   0.284064 -0.0656459   0.00764185   0.00584311 -0.000127463  -0.0210381   0.0182939 -0.00735318 0.211589 0.164687 -9.80533 
             62.7999 -1.40912  1.83719  163.756   2.91931 -0.839929 0.0866243  -0.27653 0.0638366 -0.016096  0.341635 0.0181912  0.133412    -1.2806   0.314071 -0.0129693   0.00770195   0.00580627 -6.06458e-05  -0.0213134   0.0192058 -0.00671314 0.211416 0.165089 -9.80533 
             62.9002 -1.50385  1.71139  163.284    2.7815  -0.80801 0.0789359  -0.269943  0.0693804 -0.0160714   0.34147 0.0183137   0.13346  -1.40355   0.38128 0.0852089   0.00767506   0.00582821 -8.76891e-05  -0.0222459   0.0199987 -0.00609393 0.211354 0.164835 -9.80534 
             62.9995 -1.30697  1.60039  162.745  2.64466 -0.77496 0.073959 -0.264862 0.0686361 -0.015074  0.341314 0.0183542  0.133445    -1.2959   0.364858 -0.0907451   0.00768787   0.00583095 -7.51349e-05  -0.0223411      0.0204 -0.00555514  0.21108 0.164539 -9.80535 
             63.0999 -0.85391  2.60958  162.958    2.5226 -0.729226 0.0667323  -0.268842  0.0721737 -0.0146544  0.341145 0.0184316   0.13352   -1.25382   0.411253 -0.0997453   0.00775621   0.00571338 -6.86011e-05  -0.0228085    0.020551 -0.00601829 0.211378 0.165121 -9.80533 
             63.2002 -0.932981   2.07408   163.331   2.38317 -0.683176 0.0537226  -0.269349  0.0726556 -0.0134964  0.341146 0.0183686  0.133501   -1.45014   0.448956 -0.0839454  0.00772024   0.0058736 -0.00010014  -0.0233523   0.0204777 -0.00584515 0.211044  0.16524 -9.80534 
             63.2994 -0.628872   1.98785   163.921   2.24234 -0.636451  0.045795  -0.269587  0.0737187 -0.0128065 0.341103 0.018238 0.133484  -1.33084  0.403593 -0.192458  0.00769539  0.00586056 -0.00010308  -0.0240133   0.0206474 -0.00578307 0.210745 0.165508 -9.80534 
             63.3998 -0.923159   2.08093   163.672   2.10841 -0.588829 0.0394222  -0.263882  0.0826588 -0.0068693  0.341106 0.0179714  0.133437  -1.29559  0.389298 -0.236441   0.00773303   0.00591077 -0.000113325    -0.02593   0.0222939 -0.00756397 0.210603 0.166087 -9.80533 
             63.5003 -1.24559  2.03887  163.244   1.98246 -0.555715 0.0314676   -0.268306   0.0757459 -0.00212393  0.341087 0.0176659  0.133494  -1.37689  0.391665 -0.172968   0.007706 0.00589872 -6.805e-05  -0.0240038   0.0213249 -0.00869999 0.211071 0.165751 -9.80533 
             63.5995 -1.7769 1.62907  162.73   1.83757 -0.516817  0.032869 -0.278612  0.073323 0.0052741  0.341267 0.0173556  0.133517   -1.38492   0.412638 -0.0574298   0.00770895   0.00588105 -0.000103063  -0.0238415   0.0193082 -0.00991166 0.210805 0.165621 -9.80534 
                63.7 -1.26127  1.81913  162.266   1.70573 -0.478902 0.0390348   -0.287409   0.0788585 -0.00066108  0.341139 0.0175807  0.133501  -1.25157  0.396982 -0.113664   0.00767351   0.00586497 -5.92726e-05 -0.0245805  0.0174186 -0.0113908  0.21085 0.165317 -9.80534 
             63.8001 -1.32644  2.11514  162.662   1.59497  -0.44536 0.0387806   -0.286693   0.0728363 -0.00283307  0.341004 0.0176697   0.13341   -1.21494   0.365742 -0.0736754   0.00774508    0.0058691 -8.71449e-05 -0.0225901  0.0175604 -0.0119441 0.211539 0.165105 -9.80533 
             63.8994 -1.31124  1.68672  163.184   1.47479 -0.413544 0.0393902   -0.286804   0.0663457 -0.00222017   0.34108 0.0177564  0.133421  -1.14601  0.316965 0.0244007   0.00772224   0.00586795 -0.000113571 -0.0212496  0.0173563 -0.0124137 0.211653 0.164916 -9.80533 
             63.9998 -1.5066 2.16968 163.209   1.36228 -0.387515 0.0388445  -0.287589  0.0677694 0.00149398  0.341126 0.0177276  0.133461   -1.04327   0.230939 -0.0662132   0.00774782   0.00584589 -9.04643e-05 -0.0217995  0.0169973 -0.0123683 0.211377 0.164822 -9.80534 
             64.1002 -1.54445  1.62432  162.795   1.26484 -0.374267  0.027706 -0.286611 0.0727609 0.0119219  0.341063 0.0177343  0.133513  -1.01082   0.19173 -0.103984 0.00770492 0.00586956 -7.726e-05 -0.0220377  0.0167334  -0.012224 0.211707 0.164345 -9.80534 
             64.1996 -1.82918   1.7693  162.439   1.15833 -0.343171 0.0220963  -0.288928  0.0591557 -0.0100012  0.341142 0.0176932  0.133475  -1.08955  0.251608 -0.115147   0.00772913   0.00587379 -6.82762e-05 -0.0201774  0.0169996 -0.0126639 0.211543 0.164972 -9.80533 
             64.2998 -2.08942 0.958455  161.937   1.05744 -0.314149 0.0264027  -0.292401  0.0449071 -0.0162044  0.341375 0.0176374  0.133438   -0.9051  0.249192 -0.037122   0.00771271   0.00592665 -4.95028e-05 -0.0178468  0.0166374 -0.0132188 0.211519 0.165174 -9.80533 
             64.3993 -1.65795  1.41012  161.943  0.959164 -0.286344 0.0140723 -0.292192 0.0540828  -0.01453  0.341491 0.0175999  0.133489  -0.767377   0.185812 -0.0723203  0.00767834  0.00589291 -6.1043e-05 -0.0207675  0.0167576  -0.012674 0.210591 0.165559 -9.80534 
             64.4997 -1.66723   1.4807  162.557  0.883464 -0.270373 0.0142014 -0.289914 0.0326613 -0.011946  0.341391 0.0176621  0.133503 -0.70298 0.147895 -0.12597   0.00771011   0.00589849 -0.000116386  -0.017308  0.0170579 -0.0134429 0.210409 0.165539 -9.80535 
             64.6001 -2.04938  1.56478  162.967  0.825571 -0.262452 0.0197218   -0.28898  0.0133591 0.00991919 0.341404 0.017618 0.133537  -0.442668   0.118186 0.00479144   0.00771185   0.00593925 -8.65453e-05 -0.0140846  0.0168625 -0.0139337  0.21024 0.165264 -9.80535 
             64.6994 -0.961122   1.42083   162.949  0.781248 -0.252224 0.0214023  -0.288369 0.00761833   0.016366  0.341431 0.0176145  0.133512 -0.322939 0.0921631  0.026613   0.00764524   0.00589703 -9.77084e-05 -0.0136096  0.0168499 -0.0140088 0.209849 0.165292 -9.80536 
             64.7997 -0.794641   1.05461   162.404  0.761068 -0.246497 0.0235385    -0.286868 -0.000660055    0.0236121  0.341431 0.0176184  0.133554   -0.227609   0.0829975 -0.00522126   0.00770112   0.00593585 -7.19638e-05 -0.0115879  0.0170965 -0.0141771 0.210261 0.165122 -9.80536 
             64.8998 -0.606558  0.986057   161.993  0.750377 -0.234605 0.0267333   -0.286366  -0.0150832 -0.00839556  0.341497 0.0175202  0.133639 -0.137544 0.0664269 0.0782902   0.00771038   0.00591134 -5.23888e-05 -0.00855794    0.017568  -0.0144372 0.210765 0.165315 -9.80534 
             65.0002 -0.738581   1.07424   161.472  0.739961 -0.222896 0.0294897  -0.286788 -0.0199037 -0.0381237  0.341568 0.0175107  0.133639  -0.056226  0.0501036 -0.0297159  0.00771449  0.00589126 -5.3872e-05 -0.00793257   0.0177621  -0.0145073 0.210712 0.165606 -9.80534 
             65.0996 -0.465761   1.16034    161.52  0.735219  -0.22128 0.0243105   -0.287712 -0.00294606  -0.0280673  0.34161 0.017549  0.13364 -0.00713742    0.015131   0.0105217   0.00773212   0.00587829 -5.68895e-05 -0.0109316  0.0174759 -0.0141377 0.210611  0.16552 -9.80534 
                65.2 -0.181227    1.3037   161.716  0.730786 -0.217551 0.0238939   -0.288185 -0.00208664    -0.03615 0.341622 0.017514 0.133681 0.00908245 -0.0153226  0.0550223   0.00769262   0.00587454 -7.82596e-05 -0.0115227  0.0174799 -0.0140999 0.210332 0.165702 -9.80534 
             65.3003 -0.707333   1.47611   161.299  0.732485  -0.22051 0.0303252    -0.287685 -0.000754848   -0.0331064  0.341629 0.0175353  0.133697  0.0234985 -0.0332586  0.0183617   0.00773799   0.00587616 -5.82636e-05  -0.011804  0.0175144 -0.0140542 0.210281 0.165674 -9.80535 
             65.4001 -0.976111   1.29666   158.757  0.732024 -0.232245 0.0238152 -0.277445 0.0123543 -0.006743  0.341235 0.0177455  0.133824  0.0414093  -0.061451 -0.0229846  0.00769306  0.00589667 1.33087e-05 -0.0141122  0.0186828 -0.0135576 0.210073 0.165235 -9.80536 
             65.5005 -1.69774 0.968138  154.988   0.74156 -0.231783 0.0226165  -0.282838 0.00629111 -0.0249976  0.341923 0.0175955  0.133653   0.064228 -0.0624739 -0.0572253  0.00772192   0.0058634 6.88006e-05 -0.0130036  0.0183108 -0.0137414 0.210277 0.165625 -9.80535 
             65.5999 -1.83106 0.506271  150.271  0.740663 -0.237007  0.026607  -0.281502 0.00509695 -0.0243212  0.341529 0.0182545  0.133636 0.0461882 -0.056832 0.0412598  0.00768756  0.00585768 6.18176e-05 -0.0132533  0.0182765 -0.0138743 0.209901 0.165574 -9.80536 
             65.7002 -1.52774 0.915715  145.212  0.760833   -0.2475 0.0167329   -0.285497  0.00898172 -0.00475454  0.342141 0.0163343   0.13357  0.0889332 -0.0605095 -0.0446049  0.00769259   0.0058427 6.32015e-05  -0.012861  0.0178644 -0.0131016  0.21066 0.165401 -9.80534 
             65.8003 -0.872257    1.0073   140.673  0.769708 -0.245295 0.0151814  -0.285219 0.00795705 -0.0158057  0.342757 0.0170668  0.133773   0.095811 -0.0558052 -0.0177986  0.00767343  0.00578117 5.75654e-05 -0.0130322  0.0183985 -0.0132659 0.210605 0.165848 -9.80534 
             65.8997 -1.26734 0.897087  135.881   0.77174  -0.24364 0.0193421   -0.28346 0.00733155 -0.0242489   0.34269 0.0179328  0.133829   0.103035 -0.0471913  0.0993565 0.00769868 0.00579464  2.431e-05 -0.0136097  0.0188307 -0.0134219  0.21023 0.166186 -9.80534 
                  66 -1.61497  1.01741  130.597  0.782222 -0.237112 0.0271785  -0.285989 0.00482472 -0.0291306  0.343199 0.0186254  0.133859  0.0794385 -0.0288401 -0.0278022   0.0077064  0.00577085 7.25155e-05 -0.0135228  0.0191432 -0.0137188 0.210326 0.166785 -9.80533 
             66.1004 -2.29789 0.966601  124.762  0.781764 -0.239393 0.0241058  -0.284593 0.00500312 -0.0295159  0.342698 0.0187567  0.133956  0.0570509 -0.0421488 -0.0728111   0.0077123  0.00570155 1.56025e-05 -0.0140031  0.0191198 -0.0139652 0.209945 0.166828 -9.80533 
             66.1996 -2.27699  0.35714  118.114  0.785834 -0.246411  0.018635  -0.285617 0.00531972  -0.027023 0.342662  0.01852 0.133975  0.0763825 -0.0193717 -0.0189701  0.00768513  0.00571439 5.89847e-05 -0.0139931  0.0187804 -0.0142221 0.209892 0.166706 -9.80534 
                66.3 -1.49262 0.343993   111.14  0.782982 -0.240438 0.0243857  -0.285216 0.00763029  -0.031087  0.341917 0.0190078  0.133904  0.0421758 0.00890145  0.0352118  0.00765941  0.00565381 8.54463e-05 -0.0150873  0.0187736 -0.0140698 0.209503 0.167036 -9.80534 
             66.3993 -1.09569 0.553054  105.562  0.783304 -0.234164 0.0235062  -0.285322 0.00697736 -0.0316138   0.34161 0.0191254  0.133916    0.02219  0.0187522 0.00449769  0.00763555  0.00555775 2.33738e-05 -0.0153369  0.0188082 -0.0137511 0.209367  0.16726 -9.80534 
             66.4997 -0.93195 0.138156   100.02  0.777709 -0.237064 0.0204928  -0.286197 0.00454864 -0.0249283  0.341594 0.0184414   0.13383 0.00289157  0.0230015  0.0139009  0.00764978  0.00563842 6.78951e-05 -0.0148772  0.0181103 -0.0133202 0.209019 0.167001 -9.80535 
                66.6  -1.14419 0.0710688    94.341  0.772298 -0.241184 0.0279611  -0.285946 0.00513028 -0.0208035  0.341812 0.0179122   0.13384 -0.00765239 -0.00446061   0.0654958  0.00767614  0.00559414 4.20589e-05 -0.0148372  0.0177027 -0.0134297 0.208752 0.166754 -9.80536 
             66.6994 -0.939641  0.242563   88.4748  0.771853 -0.248128 0.0318033  -0.286079 0.00904285 -0.0200342  0.342238 0.0177374  0.133831 -0.00372995  -0.0235211  -0.0496515   0.0076715  0.00550751 2.90678e-05 -0.0151173  0.0175359   -0.01396 0.208757 0.166459 -9.80537 
             66.7996  -1.52901 0.0290302   82.0402  0.762102 -0.246254 0.0276387 -0.287581 0.0101299  -0.01265   0.34177 0.0171282  0.133911 -0.0294692 -0.0154719 -0.0718304  0.00766579  0.00551362 2.79339e-05 -0.0156673  0.0169162 -0.0141808 0.208393 0.166647 -9.80537 
             66.8995  -1.28942 -0.232051   74.8596  0.762584 -0.241496 0.0223189 -0.286942 0.0120277 -0.016889  0.341349 0.0175283  0.133861   -0.030206 -0.00136425   0.0703386  0.00762835  0.00547794 6.35372e-05 -0.0163083  0.0172309 -0.0141128 0.208527 0.166902 -9.80536 
             66.9992  -0.710016 -0.0473771    67.8627  0.762722  -0.23634 0.0240485  -0.286378  0.0139328 -0.0187066  0.341077 0.0177003  0.133861 -0.0126841  0.0288809 0.00880878 0.00758172 0.00543661 5.2073e-05 -0.0168489  0.0174292 -0.0139019 0.208605 0.167063 -9.80536 
             67.0997 -0.572959   -0.2057    62.392  0.766025 -0.233839 0.0226613  -0.284582   0.013972 -0.0245708  0.341139 0.0181187   0.13389 -0.0134834  0.0468721 0.00254328   0.00763654   0.00544011 -3.63237e-05 -0.0167891  0.0180234 -0.0136817 0.208835 0.166994 -9.80535 
              67.199 -0.639115 -0.493412   56.5665  0.772943  -0.23491 0.0205774  -0.282149  0.0134395 -0.0353671 0.341435 0.018875 0.133902 -0.000246885    0.0234075    0.0527145  0.00763679  0.00538765 3.15363e-05 -0.0163752  0.0188885 -0.0136179 0.209159 0.166685 -9.80535 
             67.2994 -0.312197 -0.331686   50.7378  0.784012 -0.227111 0.0342439 -0.282742 0.0183835 -0.041257   0.34052 0.0195095  0.133902 0.0102408  0.018715 0.0384217  0.00764083  0.00538518 2.65057e-05 -0.0177621  0.0193565   -0.01416 0.209707 0.166967 -9.80534 
             67.3997  -0.46042 -0.144396   44.6369  0.777812 -0.230924 0.0294961 -0.281613 0.0177308 -0.040031  0.341199 0.0193332  0.133887 -0.0152936  0.0145498 -0.0437194    0.0076432   0.00533051 -3.67997e-05 -0.0172183   0.019297 -0.0138095 0.209402 0.166728 -9.80535 
             67.4997 -0.555329 -0.663947   37.7248  0.791469 -0.216687 0.0194147  -0.281731  0.0211907 -0.0461672  0.339627 0.0198907   0.13373 0.0182962 0.0407197 -0.070961  0.00763368   0.0053382 3.42325e-05 -0.0188233  0.0196035  -0.013241 0.210025 0.167273 -9.80532 
             67.6004 -0.194933  -0.62418   30.2894  0.812965 -0.174338 0.0218103  -0.292398  0.0328482 -0.0277434  0.335789 0.0195111  0.133464 0.0728227  0.126268 0.0457701   0.0076361  0.00529533 0.000173513 -0.0230676  0.0172647 -0.0133145 0.210772 0.168993 -9.80528 
             67.6998 0.199771 -0.17649  23.9628   0.81288 -0.164099 0.0236276 -0.292618 0.0308486 -0.023753  0.336376 0.0193076  0.133441 0.0487817  0.152073 0.0117156  0.00760825  0.00520674 5.23893e-05 -0.0223199  0.0171131 -0.0133113 0.210483 0.168826 -9.80529 
             67.7993  0.206218 -0.362549   18.7034  0.808329 -0.173741  0.020524  -0.288329  0.0281843 -0.0446317  0.337776 0.0208328  0.133512  0.0487748   0.117437 -0.0044675  0.00763095  0.00520071 -6.5575e-05 -0.0204511  0.0185493 -0.0129792 0.210037  0.16762 -9.80532 
             67.8999 -0.109101 -0.382982   13.0539  0.801635 -0.178984 0.0258664  -0.285962  0.0270551 -0.0575107  0.338785 0.0218251  0.133408 -0.017488 0.0864521  0.125677   0.00762649   0.00519754 -0.000100355 -0.0192315  0.0193817 -0.0132239 0.209591 0.166844 -9.80534 
             67.9996  0.703104 -0.177123   7.04121  0.811343 -0.177253 0.0375372  -0.288376  0.0330708 -0.0676642  0.338068 0.0226755  0.133496  0.0132323  0.0524299 -0.0409153    0.0075846   0.00513948 -9.72274e-05 -0.0205938  0.0195273 -0.0141587 0.210044 0.166571 -9.80534 
             68.0999  0.0390719 0.00793556    1.05722  0.813049 -0.194521 0.0339405  -0.284351  0.0315764 -0.0954934  0.338267 0.0244664  0.133224 0.00586688 0.00925784 -0.0278055   0.00762573   0.00510449 -9.76195e-05 -0.0199166  0.0214043 -0.0140919 0.210073 0.165493 -9.80535 
             68.1993  0.181558 -0.222585  -4.19996  0.804355 -0.197172 0.0262847 -0.282332 0.0292126 -0.099956 0.338861 0.024742 0.133259 -0.00426187  -0.0143311  -0.0224161   0.00758364   0.00511801 -0.000188961 -0.0189604  0.0217548 -0.0136403 0.209671 0.165334 -9.80537 
             68.2997  0.343549 -0.297622  -8.20468  0.801617 -0.203537 0.0280018 -0.281771 0.0300509 -0.105859 0.338859 0.025061 0.133277  0.0176714 -0.0360392  0.0315504   0.00759231   0.00507092 -0.000232458 -0.0188637   0.022039  -0.012876 0.209522 0.165128 -9.80537 
             68.3989  0.862575 0.0289701  -10.2891  0.787369 -0.194651 0.0217042  -0.283447  0.0222581 -0.0996957  0.340946 0.0253362  0.133089 0.0132675 0.0106731 0.0370578   0.00758586   0.00505036 -0.000304743 -0.0167571  0.0207442 -0.0119725  0.20883  0.16576 -9.80538 
             68.4993 0.648909  0.21957 -11.3977  0.787139 -0.204979 0.0259342 -0.282635 0.0267785 -0.109166  0.339749 0.0259231  0.133081   0.0388901 -0.00375078  -0.0184126   0.00760314   0.00503872 -0.000356491 -0.0171856  0.0215992 -0.0123124 0.208659 0.165202 -9.80539 
             68.5996 0.232256 0.460762 -11.7878  0.800337 -0.199087 0.0280247   -0.28653  0.0237823 -0.0948857  0.340183 0.0244979  0.133229 -0.000896372    -0.013215    0.0174663   0.00762891   0.00507421 -0.000377396 -0.0175621  0.0206515 -0.0121392 0.209247 0.165494 -9.80537 
             68.6989 0.224093 0.195122 -11.9088  0.804005 -0.211742 0.0170539  -0.298449  0.0217509 -0.0914938  0.338718 0.0239779  0.133102 -0.0556906 -0.0673978  0.0244865   0.00759688   0.00509731 -0.000433499 -0.0175499  0.0193972 -0.0109071 0.209453 0.164985 -9.80538 
             68.7993 0.318004 0.173383  -11.867  0.788148 -0.214841 0.0199159   -0.29455   0.021414 -0.0941755  0.339161 0.0244987  0.133134   -0.17605 -0.0606954  0.0125559   0.00757517   0.00507973 -0.000407036 -0.017164 0.0197529  -0.01106 0.209253 0.165188 -9.80538 
             68.8997  0.335152 -0.100686  -12.5803  0.762023 -0.215047 0.0200054  -0.292354  0.0216159 -0.0875533  0.339543 0.0247369   0.13317   -0.29017 -0.0465809 -0.0118299   0.0076024  0.00507306 -0.00039318 -0.0169826  0.0197152   -0.01104 0.209162 0.165493 -9.80537 
             69.0001 0.911397 0.249994 -13.2487  0.730367 -0.212924 0.0230438  -0.286071  0.0132819 -0.0768728  0.339716 0.0247908   0.13308   -0.371525 -0.00622145   0.0691069   0.00756632   0.00504377 -0.000395209 -0.0156031  0.0204068 -0.0113391 0.209249 0.165754 -9.80537 
                69.1 0.700929 0.160822 -13.9142  0.691314 -0.212485 0.0252849 -0.287461 0.0175247 -0.065148  0.339699 0.0249689  0.133079  -0.318288 -0.0200804 -0.0615724   0.00757281   0.00508527 -0.000412679 -0.0159677  0.0200653 -0.0112283 0.209055 0.165912 -9.80537 
             69.1994    1.34292 -0.0599282   -13.8818  0.659636 -0.196215 0.0191377   -0.287016    0.021086 -0.00600992  0.339882 0.0252433  0.132859  -0.284831   0.019671 -0.0104429   0.00758605   0.00513682 -0.000421431 -0.0161346  0.0191611 -0.0110603    0.209 0.166776 -9.80535 
             69.2998  1.60311 -0.30477 -13.6061  0.638022 -0.194343 0.0180089   -0.286151   0.0183047 -0.00643173 0.339978 0.025156 0.132817 -0.238557 0.0075172 -0.078874    0.0075583   0.00507409 -0.000406244 -0.0159852  0.0192059 -0.0112045 0.209215 0.166781 -9.80535 
             69.4002   1.58856 -0.273968  -13.0334  0.625228 -0.187225 0.0184699   -0.286637   0.0179673 -0.00346018    0.3401 0.0250817  0.132809  -0.105289   0.064615 -0.0449666  0.00757753   0.0050694 -0.00041157 -0.0162148  0.0188911 -0.0113251 0.209435 0.166883 -9.80534 
             69.4996  0.919142 -0.286747  -12.9294  0.619589 -0.177989 0.0231863   -0.291015   0.0242243 0.000406732  0.340125 0.0248703  0.132883 -0.0323412   0.046046  0.0210068   0.00758278   0.00508076 -0.000410003  -0.017269  0.0179191 -0.0120024 0.209491 0.167053 -9.80534 
             69.5999  0.665612 -0.226278  -12.9888  0.615559 -0.177372 0.0184538   -0.285332   0.0124276 0.000341109  0.340124 0.0250104  0.132836 -0.00266825  0.00345454 -0.00167753   0.00759693   0.00506785 -0.000381931  -0.015126  0.0190549 -0.0114354 0.209358 0.166965 -9.80534 
             69.7004  0.603505 -0.262793  -12.9985  0.617711 -0.183264 0.0188975 -0.285166 0.0143913 0.0146807  0.340171 0.0249898  0.132786  0.00345064  -0.0192101 0.000967572  0.00760209   0.0050845 -0.00038997 -0.0157158  0.0194943 -0.0115216 0.209446 0.166709 -9.80535 
             69.7997  0.693024 -0.227104  -13.0193   0.61445  -0.18894 0.0173033 -0.284872 0.0100168 0.0287902   0.34018 0.0249579   0.13277 -0.00812256 -0.00983276 -0.00224251    0.0075985   0.00508673 -0.000396988 -0.0148659  0.0199859 -0.0113651 0.209304 0.166506 -9.80535 
                69.9  0.746778 -0.231831  -13.0334  0.616805 -0.188839  0.017032    -0.2848 0.00995124  0.0264099    0.3402 0.0249765  0.132778  -0.00104106   -0.0011187 -0.000243926   0.00759814   0.00509391 -0.000391116 -0.0150426  0.0199097  -0.011355 0.209432 0.166516 -9.80535 
             70.0005  0.703664 -0.233585  -13.0236  0.620356 -0.181101 0.0176152  -0.284325  0.0108024 0.00774738  0.340166 0.0250216  0.132759 0.00818649 0.00518229 0.00216015   0.00759704   0.00509665 -0.000379034 -0.0152296  0.0192879 -0.0113912 0.209578 0.166875 -9.80534 
             70.0995  0.664917 -0.242864  -12.9987  0.617585 -0.181111 0.0169111  -0.284646  0.0101129 0.00973062  0.340145 0.0250016  0.132755 0.000283121 0.000481055  0.00140671   0.00760553   0.00510768 -0.000383192 -0.0148986  0.0193018 -0.0113078 0.209436  0.16688 -9.80534 
             70.1999  0.692383 -0.230483  -13.0274  0.615013 -0.180208 0.0171544 -0.284724 0.0102127  0.011047   0.34013 0.0249907  0.132752 -0.0037545  0.0140236  0.0034564   0.00761412   0.00510759 -0.000375594 -0.0147481  0.0193179 -0.0113111 0.209331 0.166898 -9.80535 
             70.3002  0.720829 -0.232156   -13.016  0.615521 -0.180906 0.0184991 -0.284504 0.0104032 0.0120385  0.340143 0.0249843   0.13276 -3.69629e-05   0.00796671   0.00809111   0.00760594   0.00511514 -0.000384072 -0.0148753  0.0194973 -0.0113968 0.209364 0.166798 -9.80535 
             70.3996  0.685638 -0.235483  -13.0128  0.618332 -0.182548 0.0185176  -0.28475 0.0100309 0.0114312  0.340163 0.0249807  0.132763  0.00506111 -0.00704971  0.00741229   0.00760445   0.00511918 -0.000374639 -0.0150251  0.0195433 -0.0113218 0.209474 0.166705 -9.80535 
             70.4999  0.666981 -0.246216  -12.9928  0.618034 -0.183587 0.0165476  -0.285601 0.00956111  0.0119338  0.340158 0.0249795  0.132763  0.00458051 -0.00524408  0.00126029   0.00761684   0.00512849 -0.000382668 -0.0149006   0.019436 -0.0110682 0.209438 0.166692 -9.80535 
             70.6002  0.715163 -0.228552  -13.0154  0.615717 -0.182198 0.0180304  -0.285179 0.00999356   0.013125  0.340138 0.0249854  0.132761 0.00115438 0.00488874 0.00648435   0.00760963    0.0051238 -0.000376357 -0.0147637  0.0194475 -0.0111833 0.209326 0.166769 -9.80535 
             70.6996  0.697848 -0.223447   -13.009  0.619778  -0.18552 0.0199177  -0.284919 0.00995166  0.0118087  0.340168 0.0249666  0.132763  0.00958771 -0.00844283   0.0120616   0.00761691   0.00512328 -0.000376201 -0.0150726  0.0196818 -0.0112852 0.209479 0.166596 -9.80535 
                70.8  0.656904 -0.235531  -13.0119  0.624683 -0.184768 0.0192523  -0.285193 0.00930307 0.00983884  0.340184 0.0249878  0.132764   0.0185493 -0.00852099  0.00833726   0.00762833    0.0051324 -0.000364774 -0.0151662  0.0194459 -0.0110951  0.20963 0.166665 -9.80534 
             70.9003  0.699615 -0.241495  -13.0257  0.624233 -0.180678 0.0188537  -0.285421 0.00918184  0.0102055 0.340159 0.025014 0.132762  0.0150501 0.00778084 0.00616247    0.0076128   0.00513707 -0.000358272 -0.0149066  0.0191202 -0.0109709 0.209539 0.166877 -9.80534 
             70.9997  0.695058 -0.227226  -13.0194   0.62278 -0.181923 0.0190871  -0.285746 0.00915973  0.0117804  0.340146 0.0249973  0.132762 0.00996892 0.00452571 0.00608026   0.00762578   0.00513496 -0.000364697 -0.0147621  0.0192584  -0.010937 0.209423 0.166793 -9.80535 
             71.0998 0.703149 -0.23877 -13.0382  0.622605 -0.178572 0.0172005 -0.286281 0.0085792 0.0116589  0.340131 0.0250145  0.132762  0.00711304  0.00667728 0.000205547   0.00761197   0.00514451 -0.000348641 -0.0145357  0.0189765 -0.0107106  0.20938 0.166927 -9.80534 
             71.1995  0.691829 -0.238915  -13.0263  0.620037 -0.179915 0.0177205  -0.286333 0.00878912  0.0132278  0.340117 0.0249998  0.132761 4.33928e-06  0.00117493  0.00277584   0.00761992   0.00514704 -0.000353217 -0.0144141   0.019142 -0.0107542 0.209259 0.166858 -9.80535 
             71.2999  0.709606 -0.241932  -13.0279  0.621703 -0.181012 0.0179714  -0.286346 0.00868848  0.0128857  0.340129 0.0249928  0.132762 0.00416596 0.00160257 0.00353339   0.00762106   0.00515311 -0.000350653 -0.0145201  0.0192078 -0.0107505 0.209318 0.166796 -9.80535 
             71.4002  0.699874 -0.228486   -13.036  0.626697 -0.182292 0.0183162  -0.286277 0.00850755  0.0114375  0.340157 0.0249892  0.132763   0.0141302 -0.00347658  0.00463761   0.00763284    0.0051551 -0.000343743 -0.0147846  0.0192437 -0.0107442 0.209484 0.166726 -9.80535 
             71.4995  0.675752 -0.237195  -13.0367  0.631288 -0.181694 0.0202928    -0.2858 0.00882746  0.0100573  0.340173 0.0249977  0.132765   0.0219365 -0.00491643   0.0107657   0.00763828   0.00516403 -0.000338572 -0.0150021  0.0192003 -0.0108683   0.2096 0.166765 -9.80534 
             71.5999  0.694953 -0.242257  -13.0319  0.630599 -0.184906 0.0195507  -0.286484 0.00835533   0.011749  0.340161 0.0249782  0.132765   0.0170318 -0.00945665  0.00731434   0.00763479   0.00516951 -0.000340884 -0.0147999  0.0193114 -0.0107023  0.20949 0.166661 -9.80535 
             71.7003  0.710768 -0.242079   -13.037  0.628504 -0.183872 0.0192569 -0.286866 0.0081996 0.0128746  0.340135 0.0249849  0.132763  0.00906034 -0.00357863  0.00560487  0.00763453  0.00517372 -0.00033974 -0.0145103   0.019177  -0.010602  0.20935 0.166749 -9.80535 
             71.7996  0.687192 -0.228332  -13.0314  0.632273 -0.183345 0.0202675  -0.286666 0.00824513  0.0115855 0.340149 0.024993 0.132765    0.015424 -0.00326621  0.00810539   0.00764603   0.00516988 -0.000338997 -0.0146692  0.0191041 -0.0106325 0.209455 0.166781 -9.80535 
             71.9001   0.68642 -0.233014  -13.0302  0.630839 -0.183146 0.0182425  -0.287496 0.00757217  0.0126132   0.34013 0.0249946  0.132764   0.0096024 -0.00194387  0.00106876   0.00764697    0.0051787 -0.000339579  -0.014362  0.0189714 -0.0103703 0.209341 0.166812 -9.80535 
             71.9994  0.707943 -0.249891  -13.0312  0.630234 -0.183573 0.0174977 -0.287796 0.0073831 0.0133151  0.340121 0.0249904  0.132764  0.00656832 -0.00137793 -0.00091383   0.00764336   0.00519126 -0.000340727 -0.0142404  0.0189685 -0.0102909 0.209282 0.166802 -9.80535 
             72.0998  0.690853 -0.238151  -13.0326  0.629144 -0.185527 0.0177238  -0.287824 0.00746157  0.0143873  0.340115 0.0249775  0.132764 0.00339628 -0.0071723  0.0011773   0.00765518   0.00518939 -0.000340624  -0.014179  0.0191128 -0.0103176 0.209215 0.166733 -9.80535 
             72.1997 0.672265 -0.23461 -13.0216  0.628388 -0.184808 0.0191566   -0.28749 0.00785636  0.0144876  0.340106 0.0249848  0.132764 0.00163703 -0.0056628 0.00579695   0.00766224   0.00519245 -0.000341151 -0.0141489  0.0190807 -0.0104315 0.209176 0.166801 -9.80535 
             72.3003  0.696606 -0.243664  -13.0324  0.628266  -0.18776 0.0171368  -0.288313 0.00711888  0.0151404 0.340108 0.024969 0.132765   0.00253788   -0.0104149 -1.96316e-05   0.00765297   0.00520038 -0.000334203 -0.0140493  0.0191092 -0.0101909  0.20916 0.166703 -9.80535 
             72.3995  0.678494 -0.232482  -13.0286   0.62996 -0.189595 0.0173426   -0.28825 0.00711519  0.0147888  0.340117 0.0249653  0.132765 0.00682677 -0.0120011 0.00108576   0.00766751   0.00519861 -0.000335072 -0.0141472  0.0191577  -0.010206 0.209209 0.166664 -9.80535 
             72.4999 0.705664 -0.23375 -13.0147  0.625505 -0.187784 0.0164983   -0.28858 0.00699731  0.0160674  0.340084 0.0249784  0.132762  -0.00439167  -0.00629324 -0.000654894   0.00765075   0.00520836 -0.000340248 -0.0137641  0.0189667 -0.0101132 0.209028 0.166805 -9.80535 
             72.6003   0.68819 -0.230643  -13.0204  0.621322  -0.18667 0.0186571  -0.288038 0.00770913  0.0171437   0.34006 0.0249834  0.132761 -0.0112365 -0.0019612 0.00603673   0.00766094    0.0052126 -0.000334648 -0.0136273  0.0189995 -0.0103129 0.208897 0.166884 -9.80536 
             72.6996  0.702344 -0.227964  -13.0368  0.620203 -0.185997 0.0186978  -0.288192 0.00755859  0.0169817  0.340058 0.0249878  0.132761 -0.0111825  0.0012835 0.00536731   0.00765858   0.00521845 -0.000324491 -0.0135859  0.0189193 -0.0102567 0.208897 0.166917 -9.80535 
                72.8  0.680501 -0.231385  -13.0153  0.618123 -0.184425  0.020881  -0.287761 0.00804041  0.0170779  0.340051 0.0249939  0.132761 -0.0120923  0.0039091  0.0104461   0.00767056   0.00522277 -0.000334481 -0.0135796  0.0189112 -0.0104046 0.208863 0.166977 -9.80535 
             72.9003  0.688473 -0.219758  -13.0199  0.613437  -0.18252 0.0205046 -0.288196 0.0077316 0.0180426  0.340029 0.0249994   0.13276 -0.0186585 0.00754203 0.00788871   0.00766692   0.00522027 -0.000333595 -0.0132909  0.0187863 -0.0102699  0.20874 0.167047 -9.80536 
             72.9996  0.712908 -0.236458  -13.0097  0.614961 -0.179105 0.0199522   -0.28847 0.00732599  0.0163107  0.340041 0.0250165  0.132758 -0.0110578  0.0142974 0.00547959   0.00765635     0.005235 -0.000338412 -0.0133688  0.0185146 -0.0101343 0.208856 0.167142 -9.80535 
             73.0999   0.69003 -0.229418  -13.0064  0.611014 -0.181675  0.018745  -0.289059 0.00681896  0.0181685  0.340033 0.0249918  0.132757 -0.0154564 0.00542858  0.0025968   0.00767273   0.00523416 -0.000339893  -0.0131884   0.0187264 -0.00997148 0.208752 0.166991 -9.80536 
             73.1999  0.692726 -0.236346  -13.0168  0.609766 -0.185455 0.0174255   -0.28953 0.00630931  0.0189232  0.340043 0.0249693  0.132757  -0.0143988 -0.00637276 -0.00145749   0.00766808   0.00524269 -0.000332289 -0.0131997   0.018919  -0.009829  0.20876 0.166828 -9.80536 
                73.3  0.684506 -0.231754  -13.0185  0.611868  -0.18365 0.0180977  -0.289227 0.00645362  0.0171991  0.340056 0.0249865  0.132758  -0.00672852 -0.000530541   0.00253605   0.00767239   0.00524306 -0.000327757  -0.0133842   0.0187582 -0.00988578 0.208881 0.166912 -9.80536 
             73.3996  0.680698 -0.228249  -13.0066  0.613121 -0.185489 0.0195334  -0.288965 0.00664623   0.016928  0.340069 0.0249774  0.132758 -0.00138541 -0.00342237  0.00743228     0.007675   0.00524547 -0.000332247 -0.0135612  0.0188988 -0.0099836 0.208945 0.166836 -9.80536 
             73.4999 0.709358 -0.23647 -13.0063  0.613846 -0.184814 0.0180289  -0.289497 0.00605496   0.016484  0.34007 0.024982 0.132757 0.00204783 -0.0015971 0.00163727   0.00766015   0.00525685 -0.000332153  -0.0134875   0.0187285 -0.00977384  0.20897 0.166873 -9.80535 
             73.5993  0.686908 -0.234351  -13.0087  0.618321 -0.190222 0.0167304  -0.289943 0.00540652   0.016135  0.340101 0.0249585  0.132757    0.0125868   -0.0143024 -0.000715669   0.00767618   0.00526144 -0.000330967   -0.013719   0.0189365 -0.00963424 0.209107 0.166663 -9.80535 
             73.6996  0.688099 -0.233908  -13.0179  0.623084 -0.184211 0.0183354  -0.289261 0.00588412  0.0133423  0.340104 0.0250023  0.132758  0.0203251 0.00405192 0.00468965   0.00767593   0.00526522 -0.000319352 -0.0138705  0.0185143 -0.0097689 0.209232 0.166934 -9.80535 
             73.7999  0.698795 -0.233166  -13.0225   0.62646  -0.18477 0.0188373   -0.28927 0.00581945  0.0131314  0.340112 0.0249985  0.132758   0.024916 0.00180746  0.0057091   0.00766925   0.00526892 -0.000316034 -0.0139509  0.0185584 -0.0097656 0.209274 0.166894 -9.80535 
             73.9003  0.685869 -0.241493  -13.0249  0.630002 -0.183301  0.019277  -0.289261 0.00575218   0.012484  0.340115 0.0250071  0.132759  0.0271661 0.00332832 0.00663853   0.00767294   0.00527509 -0.000312496  -0.0139759   0.0184555 -0.00974128 0.209309 0.166942 -9.80535 
             73.9996   0.69289 -0.239874  -13.0243  0.624326 -0.183292 0.0188701  -0.289735 0.00567843  0.0153154  0.340073 0.0249966  0.132758  0.0113244 0.00348888 0.00517418   0.00766971   0.00527708 -0.000314649   -0.013482   0.0185175 -0.00964372  0.20903 0.166951 -9.80535 
                74.1  0.706875 -0.244381  -13.0335  0.627073 -0.179719 0.0187248  -0.289806 0.00547842  0.0141017 0.340074 0.025015 0.132756  0.0147042  0.0118362 0.00473419   0.00766312   0.00528346 -0.000310345  -0.0134828   0.0182742 -0.00956877 0.209084 0.167065 -9.80535 
             74.1993  0.689197 -0.243091  -13.0389  0.629852 -0.182532 0.0177849  -0.290244 0.00496033  0.0145419  0.340088 0.0249957  0.132756  0.0188858 0.00296484 0.00235203   0.00767309   0.00528818 -0.000305283  -0.0135425   0.0184459 -0.00943771 0.209122 0.166912 -9.80535 
             74.2998  0.691965 -0.239149  -13.0258  0.628243 -0.184424 0.0198922  -0.289951 0.00550083  0.0161306  0.340075 0.0249807  0.132755  0.0117987 -0.0022396 0.00887354   0.00766957   0.00529019 -0.000311747  -0.0134731   0.0186858 -0.00961013 0.209009 0.166842 -9.80535 
             74.3997  0.669179 -0.228516  -13.0364  0.627918 -0.187635 0.0211801 -0.290003 0.0055555 0.0173104  0.340072 0.0249622  0.132753   0.0110906 -0.00710299   0.0115792   0.00768533    0.0052856 -0.000305639  -0.0134476    0.018904 -0.00964474 0.208956 0.166731 -9.80536 
             74.5001  0.700329 -0.233422  -13.0358   0.63093 -0.187492 0.0204826  -0.290371 0.00501585  0.0165643  0.340079 0.0249671  0.132753   0.0151812 -0.00586528  0.00750062   0.00766798   0.00529156 -0.000301296  -0.0134468   0.0187573 -0.00946532 0.209015 0.166759 -9.80535 
             74.5995  0.693943 -0.217209  -13.0324  0.632776 -0.184265 0.0208018  -0.290347 0.00494497  0.0156678  0.340074 0.0249878  0.132752  0.0165056 0.00276738 0.00716828   0.00767056   0.00528924 -0.000299583  -0.0133803   0.0185052 -0.00941454 0.209026 0.166899 -9.80535 
             74.6999  0.678558 -0.239107  -13.0358  0.636429 -0.182325 0.0211832  -0.290348 0.00481088   0.014745   0.34008 0.0249982  0.132752  0.0211521 0.00812385 0.00751196   0.00768006   0.00530094 -0.000297728  -0.0134403   0.0183748 -0.00937168 0.209088 0.166951 -9.80535 
             74.8003  0.688077 -0.232875  -13.0321  0.636488 -0.183676 0.0202944  -0.290845 0.00440927  0.0158449  0.340073 0.0249848  0.132752  0.0183976 0.00346761 0.00421748  0.00767598   0.0053004 -0.00029706  -0.0132899   0.0184647 -0.00922047 0.209017 0.166876 -9.80535 
             74.8996  0.706381 -0.240537  -13.0461  0.636168 -0.180747 0.0200022  -0.290991 0.00432987  0.0160157  0.340057 0.0249953  0.132751   0.015033 0.00963429 0.00306124   0.00766353   0.00530753 -0.000287084  -0.0131024   0.0183019 -0.00914984 0.208948 0.166975 -9.80535 
             75.0001  0.682144 -0.228645  -13.0394  0.640081 -0.178403 0.0205435  -0.290876 0.00433318  0.0150628 0.340066 0.025004 0.132752 0.0214774 0.0138529 0.0053472   0.00767334   0.00530462 -0.000286728  -0.0132122   0.0182058 -0.00916018 0.209022 0.167016 -9.80535 
             75.0994  0.686927 -0.240651  -13.0453  0.635195  -0.18131 0.0191723  -0.291548 0.00395307  0.0180539 0.340039 0.024975 0.132751 0.00776399 0.00491512 0.00118906   0.00767277   0.00531102 -0.000283834 -0.0128247  0.0184708 -0.0089959 0.208797 0.166878 -9.80536 
             75.1998  0.687207 -0.235071  -13.0388  0.632665 -0.185883 0.0182838  -0.291968 0.00368323  0.0200806  0.340032 0.0249463  0.132751  0.00299864 -0.00726149 0.000488696    0.0076737   0.00531095 -0.000287469  -0.0126783   0.0187708 -0.00890792 0.208688 0.166709 -9.80536 
             75.2993  0.71188 -0.24413 -13.0341  0.627963 -0.185731 0.0177436  -0.292183 0.00366368  0.0213284 0.340007 0.024946 0.132751  -0.0062212 -0.00525687 0.000448911   0.00765919   0.00531947 -0.000289545  -0.0123793   0.0187455 -0.00885154 0.208535 0.166752 -9.80537 
             75.3996  0.707319 -0.237497  -13.0449  0.629001 -0.185022 0.0175285 -0.292185 0.0035474 0.0206061  0.340012 0.0249536  0.132751 -0.00236503 -0.00228076 0.000529348   0.00766441   0.00532089 -0.000281181  -0.012429  0.0186473 -0.0088181 0.208585 0.166789 -9.80536 
                75.5   0.70079 -0.232736  -13.0535  0.632566 -0.184089 0.0192505   -0.29175 0.00387234  0.0193025  0.340027 0.0249623  0.132752   0.00621796 -0.000122976   0.00683885   0.00766579   0.00531933 -0.000274997  -0.0126686   0.0185991 -0.00895255 0.208698 0.166819 -9.80536 
             75.5994  0.700915 -0.236985  -13.0472  0.634574 -0.187656 0.0187737    -0.2921 0.00344055  0.0196639  0.340039 0.0249465  0.132751   0.0105353 -0.00870414   0.0051006    0.0076635   0.00532913 -0.000276325  -0.0127342   0.0187461 -0.00884469 0.208736 0.166695 -9.80536 
             75.6999  0.685317 -0.243516  -13.0333  0.632828 -0.187634 0.0185294  -0.292312 0.00333704  0.0203061  0.340024 0.0249495  0.132752 0.00572107 -0.0058702  0.0046534   0.00767036   0.00533459 -0.000285289 -0.0125415  0.0186933 -0.0087707  0.20865 0.166731 -9.80536 
             75.8003 0.684937 -0.23205 -13.0432   0.62787 -0.189003 0.0194638  -0.292369 0.00358653  0.0221662  0.339999 0.0249402   0.13275 -0.00362423 -0.00676732  0.00773702    0.0076737   0.00533036 -0.000280281  -0.0122827   0.0188127 -0.00880975  0.20848 0.166717 -9.80537 
             75.8998  0.686244 -0.231183  -13.0414  0.631014 -0.185918 0.0204346  -0.292149 0.00356795  0.0203657  0.340009 0.0249615  0.132751 0.00441702 0.00208616 0.00999976    0.0076706   0.00533442 -0.000278794  -0.0124039    0.018565 -0.00881057 0.208585 0.166836 -9.80536 
             76.0002  0.705761 -0.238381  -13.0428  0.629098 -0.181173 0.0193547  -0.292508 0.00314847  0.0201488  0.339989 0.0249795  0.132748 0.000358844    0.014174  0.00580406   0.00765957   0.00534328 -0.000277201 -0.0121178  0.0182496 -0.0086082 0.208513 0.166995 -9.80536 
             76.0996  0.697754 -0.231391  -13.0462  0.631301 -0.181478 0.0198469  -0.292573 0.00299346  0.0199197 0.340001 0.024973 0.132749 0.00697551  0.0106364 0.00759974 0.00766329 0.00534255 -0.0002717    -0.01224   0.0183236 -0.00859086 0.208574  0.16693 -9.80536 
             76.1997  0.696271 -0.235015  -13.0359  0.626722 -0.181008 0.0202036  -0.292812 0.00304692  0.0215629  0.339978 0.0249654  0.132748 -0.00336442   0.0106035  0.00845827   0.00766372   0.00534612 -0.000277311  -0.0119645   0.0183987 -0.00854981 0.208416 0.166919 -9.80536 
             76.2994 0.701125 -0.22486 -13.0431   0.62423 -0.178444 0.0192398  -0.293156 0.00267213   0.021864  0.339966 0.0249703  0.132747 -0.00684355   0.0146218   0.0053614   0.00766011   0.00534385 -0.000271731  -0.0117507   0.0182759 -0.00837674  0.20835 0.166973 -9.80537 
             76.3995  0.691278 -0.225399  -13.0401   0.61952 -0.181451 0.0179023  -0.293804 0.00225325  0.0239053  0.339955 0.0249457  0.132746 -0.0140144 0.00528451  0.0018943   0.00766452    0.0053503 -0.000273213  -0.0115309   0.0185087 -0.00820916 0.208225 0.166831 -9.80537 
             76.4999  0.704047 -0.235982  -13.0403  0.625053 -0.181511 0.0193737  -0.293462 0.00223872  0.0221962  0.339987 0.0249492  0.132746  0.0011698 0.00415123  0.0071623  0.00765935  0.00536189 -0.00027137  -0.0119245   0.0185145 -0.00831084 0.208428 0.166794 -9.80537 
             76.6003  0.713031 -0.237296  -13.0483  0.628554 -0.182739 0.0180938   -0.29385 0.00155996  0.0216741 0.340004 0.024944 0.132746  0.00921973 0.000321472  0.00324793   0.00765324   0.00536601 -0.000263741  -0.0120249   0.0185101 -0.00812035 0.208523 0.166731 -9.80537 
             76.6996  0.710018 -0.228444  -13.0525   0.63001 -0.182153 0.0196283  -0.293616 0.00181721  0.0214569  0.340005 0.0249466  0.132746  0.0118246  0.0027338 0.00878881   0.00765886   0.00536449 -0.000260516  -0.0120865    0.018514 -0.00821995 0.208537 0.166746 -9.80537 
                76.8  0.694297 -0.227458   -13.035  0.629244 -0.184079 0.0193347  -0.293987 0.00154099   0.022398     0.34 0.024935 0.132745  0.00847109 -0.00154316  0.00726457   0.00766842   0.00536699 -0.000268492  -0.0119692   0.0186224 -0.00810767 0.208478 0.166675 -9.80537 
             76.8994   0.69032 -0.221843  -13.0395  0.625458 -0.188907 0.0211557  -0.294113 0.00186842  0.0244966 0.339987 0.024908 0.132742 -0.000115688   -0.0120172    0.0120121   0.00767179    0.0053662 -0.000265068  -0.0118468   0.0189612 -0.00821126 0.208341 0.166531 -9.80537 
             76.9999  0.715756 -0.237816   -13.031  0.625646 -0.188015 0.0194936  -0.294564 0.00121039  0.0240805  0.339982 0.0249167  0.132742  0.00125072 -0.00756427  0.00612993    0.0076585   0.00537974 -0.000268204  -0.0117042   0.0187465 -0.00793814 0.208343 0.166601 -9.80537 
             77.0994 0.699621 -0.22755 -13.0319  0.624673 -0.185595 0.0202691  -0.294434 0.00133805  0.0237807  0.339972 0.0249306  0.132742 -0.000176049  0.000550179    0.0076232   0.00766851   0.00537968 -0.000266626  -0.0116064   0.0185837 -0.00794423 0.208312 0.166707 -9.80537 
             77.1999  0.695171 -0.222723  -13.0349   0.62469 -0.185299  0.019453   -0.294758 0.000955055   0.0237653  0.339971 0.0249319  0.132741 0.00202834 0.00170806 0.00453384   0.00767107    0.0053813 -0.000265787  -0.0115331   0.0185171 -0.00779297 0.208308 0.166713 -9.80537 
             77.3002  0.688148 -0.224543   -13.034  0.629592 -0.184068 0.0207951   -0.294461 0.000999554   0.0223495   0.33999 0.0249405  0.132743  0.0124273 0.00430817 0.00818685   0.00767355   0.00538585 -0.000262513  -0.0117821   0.0184403 -0.00786204 0.208442 0.166736 -9.80537 
             77.3996  0.701523 -0.227104  -13.0364   0.62362 -0.182343 0.0198223   -0.294936 0.000825438   0.0240506  0.339956 0.0249389  0.132742 -0.00158536   0.0083419  0.00501183   0.00766999   0.00539256 -0.000260897  -0.0113259   0.0183776 -0.00769809 0.208235 0.166793 -9.80537 
             77.4996  0.697296 -0.230467  -13.0302  0.621231 -0.185188 0.0181514   -0.295546 0.000300742   0.0253487 0.339951  0.02492 0.132742  -0.00518021 -0.000407173   0.00122186   0.00767384   0.00539621 -0.000265638  -0.0111755   0.0185375 -0.00749626 0.208167 0.166679 -9.80537 
             77.6002  0.700977 -0.226609  -13.0359  0.617483 -0.182613   0.01848   -0.295512 0.000461426   0.0257467  0.339932 0.0249287  0.132741 -0.0107541 0.00586408 0.00420172   0.00767551   0.00539782 -0.000260262  -0.0109726   0.0184241 -0.00750185 0.208075 0.166769 -9.80537 
             77.6996  0.694428 -0.225937  -13.0221  0.610185 -0.185363  0.019603   -0.295621 0.000772327   0.0280569  0.33991 0.024908 0.132739   -0.022938 -0.00110457  0.00756735   0.00768031   0.00540239 -0.000268078  -0.0107349   0.0187038 -0.00757098 0.207898 0.166675 -9.80538 
                77.8  0.683785 -0.222069  -13.0358  0.614967 -0.182365 0.0198621   -0.295468 0.000451265    0.025524  0.339935 0.0249294  0.132742 -0.00820024  0.00578028  0.00731464   0.00768721   0.00540414 -0.000259712   -0.011025   0.0184361 -0.00751102   0.2081 0.166758 -9.80537 
             77.8994  0.712462 -0.233373  -13.0338   0.61376 -0.183166 0.0205651   -0.295606 0.000335693   0.0257381 0.339937 0.024924 0.132742   -0.0149705 -0.000697858 -3.52987e-05   0.00767507   0.00541399 -0.000260795   -0.011023   0.0184833 -0.00747113 0.208098 0.166723 -9.80538 
             77.9999  0.899607 -0.201234  -12.6923  0.608965 -0.184191 0.0252706   -0.295313 0.000774915   0.0263403  0.339918 0.0249366  0.132747  -0.0282619 -0.00120286   0.0463372   0.00765287   0.00541256 -0.000280842  -0.0109597   0.0186298 -0.00760102 0.208022 0.166698 -9.80538 
             78.0993  0.809993 -0.212326  -11.7551  0.609955 -0.186479 0.0272942   -0.296174 0.000386406   0.0264636 0.339885 0.024875 0.132747  -0.0022657 0.000571918   0.0418812   0.00769353   0.00541648 -0.000298992  -0.0110873   0.0186276 -0.00747582 0.208095 0.166607 -9.80538 
             78.1997    1.25765 -0.0879558   -9.92425  0.625062  -0.18245 0.0341397   -0.297096 -0.00229479   0.0293082 0.340159 0.024476 0.132736  0.0396027 -0.0108008   0.127268   0.00766074   0.00542042 -0.000299221  -0.0114401   0.0180741 -0.00727549 0.208518 0.166719 -9.80537 
             78.2991    1.7332 -0.151531  -6.96287   0.62179  -0.19486 0.0351088   -0.30072 0.00261661  0.0266906  0.339431 0.0246739  0.132884  0.0245175 -0.0490702 -0.0273382   0.00767258    0.0054376 -0.000307426  -0.0119174   0.0181564 -0.00723084 0.208302 0.166409 -9.80538 
             78.3995   1.72479 -0.534084  -3.48759   0.61983 -0.201154 0.0273863  -0.300776 0.00159673   0.023865   0.33921 0.0248756  0.132906 0.00303292 -0.0560571 -0.0230236   0.00771844   0.00550019 -0.000367173 -0.0115316  0.0182375 -0.0065126 0.208194 0.166371 -9.80538 
             78.4992   1.49713 -0.589725 -0.570369  0.622348 -0.206974 0.0214899   -0.300984 0.000365763   0.0249649   0.33917 0.0247914  0.132894 -0.0165126 -0.0367874  0.0553584   0.00770813   0.00547675 -0.000330281  -0.0114666   0.0182203 -0.00614036 0.208261 0.166358 -9.80538 
             78.6001   0.97944 -0.787795   1.88052  0.615236 -0.208952 0.0215224   -0.300171 3.01781e-05   0.0200867  0.339212 0.0250877  0.132964 -0.0164419 -0.0168107 -0.0353173   0.00772312   0.00549495 -0.000312973  -0.011027  0.0182555 -0.0060062 0.208074 0.166406 -9.80538 
             78.6995  0.972179 -0.852033   3.89972   0.61279 -0.207545 0.0173069    -0.298245 -0.000580005    0.0189454  0.339238 0.0251267  0.132999    -0.022037 -0.000930738  -0.00382427   0.00770482   0.00552456 -0.000291773  -0.0108876   0.0183917 -0.00558724 0.208056 0.166495 -9.80538 
                78.8   1.09651 -0.764573   5.42275  0.617174 -0.200451 0.0197398   -0.300677 0.000376408   0.0206883  0.339133 0.0250771  0.133026 -0.00675176   0.0260957  -0.0350296   0.00768873   0.00553217 -0.000282314  -0.0113581   0.0175563 -0.00601683 0.208216 0.166698 -9.80537 
             78.9004  0.708942 -0.853618    6.0787  0.615834 -0.195221  0.027882  -0.303197 0.00210654   0.020336  0.338912 0.0249638  0.133069 0.00993289 0.00465981 -0.0180563   0.00772204   0.00554664 -0.000227258  -0.0115461   0.0168143 -0.00630936 0.208168 0.166849 -9.80537 
             78.9998  0.933006 -0.857088   6.93907  0.618683 -0.188846 0.0126519    -0.296765 -0.000784163    0.0205546  0.338688 0.0248761  0.133051  0.0105282  0.0254732 -0.0419715   0.00773102   0.00557032 -0.000205787  -0.0111325   0.0175836 -0.00526207  0.20819 0.167011 -9.80537 
             79.1002   1.15433 -0.655903   8.38846  0.619782 -0.189048 0.0169006  -0.298581 0.00279231  0.0195747    0.3387 0.0250053  0.133076  0.0146879  0.0171942 -0.0329166   0.00770453   0.00559001 -0.000247749  -0.0117438   0.0174178 -0.00599873  0.20821 0.166933 -9.80537 
             79.1996  0.795188 -0.571354   9.70373  0.619771 -0.193261 0.0203017  -0.298698 0.00413899   0.022609  0.338813 0.0249998  0.133054 -0.00885664  0.00738901   0.0187393   0.00773415   0.00556699 -0.000222829  -0.0119378   0.0178173 -0.00636078 0.208237 0.166743 -9.80537 
                79.3  0.280875 -0.755614   10.9845  0.624024  -0.19889 0.0177818  -0.297616 0.00347176  0.0255431 0.338881 0.025096 0.132956 -0.0047076  -0.021007 0.00850344   0.00776529   0.00557811 -0.000237013  -0.0120873   0.0184323 -0.00632214 0.208411 0.166578 -9.80537 
             79.4004  0.323586 -0.763952   10.7397  0.629493 -0.188464 0.0220214  -0.299885 0.00582687  0.0217905  0.338444 0.0252726  0.132988  0.0255552 0.00674029  0.0178978   0.00770493   0.00562771 -0.000170877  -0.0128307   0.0172293 -0.00659423  0.20848 0.166976 -9.80536 
             79.4998  0.290119 -0.723428   10.6107  0.628284 -0.186569 0.0249353  -0.300338 0.00585484  0.0232275  0.338379 0.0251174  0.132987 0.0551997 0.0185664 0.0238679   0.00772991   0.00559737 -0.000158853  -0.0125676   0.0170582 -0.00666184 0.208346 0.166992 -9.80537 
             79.5996  0.555387 -0.648782   10.6585  0.632043  -0.18357 0.0271197  -0.300882 0.00572556  0.0260581    0.3384 0.0249455   0.13299  0.121855 0.0822437 0.0639153   0.00771315   0.00560216 -0.000164433 -0.0122381  0.0170262 -0.0066249 0.208215 0.166932 -9.80537 
             79.7005  0.174584 -0.391611    10.601  0.645816 -0.169134 0.0327885 -0.301152 0.0037513 0.0266543  0.338371 0.0248082  0.132969   0.26724  0.197503 0.0537945   0.00774992   0.00557623 -0.000171447  -0.0115775   0.0168857 -0.00640483 0.208053 0.166928 -9.80537 
             79.7997 -0.846026 0.0156576   10.1059  0.686556 -0.147832 0.0373475    -0.30003 0.000430678   0.0261245  0.338406 0.0249837  0.133007 0.493326 0.168238 0.146626    0.0077541   0.00558845 -0.000133991  -0.0112882   0.0170838 -0.00626409 0.208171  0.16696 -9.80537 
                79.9 -0.0858426   0.634882    10.3115  0.732983 -0.130232  0.050549  -0.300023 0.00855221 0.00626318  0.338283 0.0248939  0.132836  0.595267  0.126124 0.0399964   0.00771128   0.00562575 -0.000157318  -0.0122104   0.0166977 -0.00650311 0.207928 0.167008 -9.80537 
             79.9993 0.420422 0.976908  11.1939  0.805844  -0.12758 0.0599758 -0.304934 0.0344539 0.0514969  0.338134 0.0250836  0.133116  0.746732 0.0710887 0.0398237   0.00776565   0.00552364 -0.000173132  -0.0169119   0.0166451 -0.00710197 0.208204 0.166819 -9.80537 
             80.0996 0.769945 0.951104  12.2681  0.893686 -0.120435 0.0500752  -0.32086  -0.02682 0.0569311  0.337986 0.0247509  0.133138 0.988121 0.110545 0.122431   0.00776724   0.00561502 -0.000201785 -0.00648624   0.0140004 -0.00570534  0.20816 0.166836 -9.80537 
             80.2001 1.07413 1.17546 13.4077  0.996423 -0.111687 0.0500445  -0.338392 -0.0730829  0.0831163  0.337762 0.0246336  0.133215    1.00898   0.151167 0.00880596  0.00774161  0.00561895 -0.00021241  0.00142278   0.0113818 -0.00470529  0.20816 0.166758 -9.80537 
             80.2993 0.868618  0.87775  14.2298    1.09867 -0.0770082  0.0553173  -0.321391 -0.0314164 -0.0127409  0.338344 0.0243727  0.133212    1.04022   0.273696 -0.0525229    0.0077597   0.00565318 -0.000204546 -0.00598949   0.0130203 -0.00562686 0.208131 0.167124 -9.80537 
             80.3998 0.80373 1.07089  14.988    1.21005 -0.0414758  0.0467437  -0.323856 -0.0554447 -0.0392296   0.33834 0.0244238  0.133251    1.21159   0.378487 -0.0218727   0.00774895   0.00563228 -0.000173452 -0.00200355   0.0122166 -0.00500433 0.208086 0.167243 -9.80537 
             80.5002 0.398389 0.518657  15.5473    1.34066 0.00128287  0.0393931   -0.31796 -0.0795697  -0.043878  0.338136 0.0245929  0.133198   1.22618  0.397606 0.0429927   0.00775439   0.00561585 -0.000171921 0.00190049  0.0131799 -0.0042195 0.208143 0.167276 -9.80536 
             80.5996 0.139124   0.2756  16.0708   1.45893 0.0426834 0.0357951  -0.316229 -0.0836247 -0.0542008  0.338098 0.0246115  0.133249   1.15769   0.41529 -0.058715   0.00771201    0.0057199 -0.000174307  0.00263935   0.0133028 -0.00408627  0.20809 0.167311 -9.80537 
             80.6999 0.297429 0.191798  17.6925   1.58332 0.0767987 0.0266011  -0.316264 -0.0820062 -0.0196618  0.337975 0.0245925  0.133178   1.26198  0.429237 -0.124908 0.00767546 0.00565468 -0.0002211  0.00218174   0.0140425 -0.00413141 0.208311 0.167127 -9.80536 
             80.7993  0.494035 -0.178833   20.2628   1.70087  0.123293 0.0404175   -0.33925 -0.0706895 -0.0436884  0.338091 0.0252056  0.133311  1.26949  0.53046 0.133353   0.00772521   0.00571325 -0.000225115  0.00102618  0.00993095 -0.00580411 0.208022 0.166973 -9.80537 
             80.8996 -1.30622 0.568394  22.9908   1.81677  0.164297 0.0461257  -0.343111 -0.0691073 -0.0427616  0.337345 0.0253309   0.13271    1.14511   0.537314 -0.0759971   0.00785255    0.0055911 -0.000272272  0.00148553  0.00991075 -0.00629921 0.207942 0.166567 -9.80538 
                  81 -0.686539 -0.545931   24.6288   1.91889  0.218189 0.0489499  -0.363449 -0.0633793 -0.0632053  0.337683 0.0256874  0.132833    1.06929   0.587415 -0.0575459   0.00769574   0.00566512 -0.000160693  0.00099927   0.0062287 -0.00749507 0.207724 0.166485 -9.80539 
             81.1003 -0.882094 -0.719707   25.9104   2.04478  0.292154 0.0587572  -0.394626 -0.0614563 -0.0308686  0.337838 0.0257268  0.132647    1.20445    0.70275 0.00187794    0.0077415   0.00574599 -0.000166019 -0.000393368  0.000778195  -0.00878041 0.208068 0.166924 -9.80537 
             81.1996 -1.35385 -1.37817  26.4684   2.16602  0.374674 0.0826115  -0.430525 -0.0611879  -0.010759   0.33764 0.0258743  0.132518  1.18005 0.642974  0.12108   0.00775616   0.00576246 -0.000131637 -0.00104936 -0.00631224 -0.00987827 0.208004  0.16753 -9.80536 
                81.3  0.337155 -0.178723   27.8963   2.29171  0.438877 0.0532472  -0.405885 -0.0712446  0.0402082  0.339108 0.0238715  0.132816   1.17283  0.592964 -0.102841   0.00759542   0.00577589 -0.000200552 -1.64945e-05  -0.00154791  -0.00696231 0.208225 0.167657 -9.80536 
             81.3997   0.572382 -0.0341363    29.0819   2.42038  0.510899 0.0663218  -0.410153 -0.0724287  0.0349829 0.338346 0.024694 0.132632    1.35671   0.673644 -0.0278521  0.00769197  0.00575274 -0.00016969 -0.000272324  -0.00293236  -0.00893116 0.208231 0.168014 -9.80535 
             81.4996 0.787395 0.051721  29.9462   2.54419  0.589995 0.0868462  -0.409532 -0.0760356  0.0315081   0.33795 0.0247611  0.132345  1.22491 0.693884 0.108889  0.00771434  0.00576797 -0.00015851 0.000546573 -0.00371229  -0.0100778 0.207889 0.168241 -9.80535 
             81.6002 0.446313 0.476979  29.4996   2.66678  0.675798 0.0999712  -0.404543 -0.0646706   0.021619  0.337278 0.0248711  0.132603    1.16379   0.752315 0.00764021    0.0076959   0.00579336 -8.17825e-05 -0.00200582 -0.00364789   -0.011049 0.207867 0.168689 -9.80535 
             81.7003 0.0870624 -0.185701   28.7287   2.7694 0.747876 0.103628  -0.406646 -0.0661537  0.0290288  0.337159 0.0242303  0.132723   1.18194   0.78011 0.0497479    0.0077502   0.00583136 -4.17096e-05 -0.000927251  -0.00419424   -0.0111284  0.20753 0.168507 -9.80536 
             81.7997 0.0867997 -0.432326   28.1073    2.8979   0.81736 0.0982072  -0.397083 -0.0601657  0.0203437  0.337394 0.0242548  0.132602  1.26839 0.777626 0.215573   0.00770146   0.00574042 -7.26945e-05 -0.00171482 -0.00191785  -0.0100547 0.207686 0.168193 -9.80536 
                81.9  0.209536 -0.493318   27.2573  3.01216 0.881515 0.109057  -0.398033 -0.0618479  0.0253996  0.337483 0.0237112  0.132681   1.1901 0.652387 0.048178   0.00773932   0.00576139 -6.46455e-05 -0.000630547  -0.00193891   -0.0101464 0.207478   0.1679 -9.80537 
             81.9994  0.560133 0.0748976   27.3901   3.1149  0.93528 0.113305  -0.399334 -0.0604708  0.0297351  0.337398 0.0234097  0.132602   1.15577  0.613451 0.0373254   0.00776773    0.0057305 -8.27503e-05  0.00011371 -0.00196557  -0.0103468 0.207257  0.16752 -9.80538 
             82.0997  0.485787 -0.358591   27.5821   3.2433 0.996736 0.115746   -0.39918 -0.0600898   0.026153  0.337374 0.0234013  0.132598   1.30865  0.737816 0.0982717   0.00774685   0.00575374 -0.000119236 6.44284e-05 -0.00157538  -0.0103694 0.207386 0.167402 -9.80538 
             82.1999   0.621679 -0.0760675    28.0421  3.36338  1.05026 0.119649  -0.400093 -0.0598666  0.0271644  0.337131 0.0234226  0.132583     1.1447   0.637164 0.00277763   0.00772438    0.0057247 -0.000139595  0.00073463 -0.00102562 -0.00967983 0.207427 0.166949 -9.80539 
             82.3002  0.290901 -0.310285   27.5533  3.47726  1.11702 0.127719  -0.399974 -0.0586708  0.0290728  0.337217 0.0232581  0.132578    1.08051   0.658285 -0.0340647   0.00776179   0.00576716 -8.11457e-05   0.00033112 -0.000958457   -0.0108794 0.207505 0.167021 -9.80538 
             82.3996  0.103295 -0.306676   27.1738  3.58002   1.1866 0.125886  -0.399913 -0.0580767   0.031229  0.337186 0.0232993  0.132644    1.1615  0.713626 0.0126305   0.00776125    0.0057763 -8.43496e-05 0.000484867 -0.00135379  -0.0107347  0.20729 0.167055 -9.80539 
             82.4999 -0.492957 -0.671229   26.5558  3.71552  1.26058 0.131423  -0.396651 -0.0536244  0.0344597  0.337241 0.0234258  0.132477   1.1968 0.663696 0.164616   0.00774727   0.00571027 -6.68867e-05  -0.00106571 -0.000438513   -0.0105255 0.207647 0.167212 -9.80538 
             82.6003  0.211453 -0.442806   26.3008  3.83824  1.31676 0.138698  -0.396805 -0.0523997   0.034448  0.337273 0.0234078  0.132561    1.14826   0.572286 0.00640895    0.0077237   0.00573137 -8.68794e-05  -0.00134368 -1.58336e-05   -0.0105747 0.207818 0.167101 -9.80537 
             82.6996  0.363668 -0.398901   26.8457  3.95709  1.36871 0.133803  -0.399446 -0.0494673  0.0337848  0.337233 0.0232731  0.132631    1.25561   0.566321 -0.0248441   0.00777918   0.00580679 -0.000120868  -0.00186393 -0.000110589   -0.0101013  0.20794 0.167006 -9.80537 
             82.7996  0.678916 -0.423975   27.3866  4.09651    1.434 0.139546  -0.397894 -0.0514822  0.0333132  0.337267 0.0231912  0.132636  1.27186  0.62674 0.171203   0.00770622    0.0057657 -0.000133598 -0.00199421 0.000210886   -0.010384 0.208099 0.167148 -9.80537 
             82.9004 -0.45215 0.482653  27.7295  4.21689  1.48936 0.142804  -0.399142 -0.0545545  0.0341541  0.337247 0.0233616  0.132394    1.15041   0.600172 -0.0478865   0.00781021   0.00567924 -0.000128803   -0.001177 0.000286115  -0.0100996 0.208104 0.166959 -9.80537 
             82.9997 -0.127672 -0.492798   27.5135  4.33049  1.55166 0.144906  -0.397037 -0.0566289  0.0341773  0.337441 0.0233477  0.132377    1.13053   0.622547 0.00801261   0.00769839   0.00573875 -5.91285e-05 -0.00100591 0.000574092  -0.0107021 0.208128 0.167038 -9.80537 
             83.1001 -0.212731 -0.439833   27.3765  4.44074  1.62666 0.150293  -0.400689 -0.0593544   0.045222  0.337417 0.0234567  0.132394   1.25609  0.709945 0.0512237   0.00774524    0.0057764 -0.000102432 -0.000460955 -0.000854515   -0.0108769 0.207833 0.167273 -9.80537 
             83.1994 -0.575194 -0.964668   26.8397  4.57239  1.70037 0.164211  -0.401801 -0.0592242  0.0507792  0.337355 0.0235967  0.132303  1.23571 0.599259 0.110683   0.00772375   0.00581074 -5.98783e-05 -0.00115417 -0.00133099  -0.0108653  0.20794 0.167582 -9.80536 
             83.2998  0.474129 -0.117192   27.0859 4.69632 1.75944 0.15635   -0.40531 -0.0643305  0.0590381  0.337708 0.0230943  0.132359   1.17167  0.552374 0.0015458   0.00767447    0.0057858 -0.000113076 -0.000554616  -0.00180817  -0.00964989 0.208011  0.16766 -9.80536 
             83.4002   0.780895 -0.0984622    27.4619  4.81669  1.81962 0.154568 -0.406601 -0.064782 0.0621447  0.337776 0.0230478  0.132249    1.31121   0.602732 0.00428929   0.00770793   0.00579218 -0.000116008 -0.000465006  -0.00234232  -0.00938026 0.207896 0.167754 -9.80536 
             83.4996   1.26119 -0.224266   27.9983  4.94263  1.88094 0.167296  -0.403718 -0.0656149  0.0625166  0.337758 0.0231234  0.132257   1.21183  0.604101 0.0802862   0.00771593   0.00579101 -0.000116339 -0.000164015  -0.00184523  -0.00959688 0.207854 0.167697 -9.80536 
                83.6 0.261857 0.395865  27.6781  5.06182  1.95959 0.172737  -0.394276 -0.0647524  0.0610728  0.337641 0.0229126  0.132763   1.14673  0.679102 -0.069039   0.00770561   0.00580447 -8.00718e-05 -0.000947523  -0.00109915   -0.0102242 0.207768 0.168158 -9.80536 
             83.7003 -0.148978  -0.14596   27.1682  5.17161   2.0228 0.167525   -0.39347 -0.0640896  0.0597721  0.337643 0.0228825  0.132678    1.15339   0.720967 -0.0260619   0.00773913   0.00579564 -3.79298e-05 -0.000622134  -0.00074835   -0.0100822 0.207709 0.167953 -9.80536 
             83.7999 -0.411016 -0.437845   26.7597  5.29304  2.10182 0.161029 -0.390473 -0.057723 0.0623204   0.33748 0.0230469  0.132739   1.27469   0.75741 0.0914741   0.00769179   0.00582048 -7.47006e-05  -0.00179932 -0.000506944  -0.00959166 0.207658 0.168055 -9.80536 
             83.8999  0.172561 -0.767771   26.2334  5.41273  2.17217 0.167551  -0.392953 -0.0581306  0.0618502   0.33748 0.0230786  0.132738    1.18282   0.659655 -0.0140618    0.0076868   0.00584769 -5.79793e-05 -0.00166793 -0.00107319 -0.00975288 0.207597 0.168077 -9.80536 
             83.9998 0.361805 0.177206  26.5711  5.53063  2.22573 0.173275  -0.395315 -0.0546762  0.0561124  0.337101 0.0232541  0.132777    1.17409   0.614015 -0.0033687   0.00774326   0.00575113 -6.59458e-05 -0.00191902 -0.00083574  -0.0107076 0.207741 0.167785 -9.80536 
             84.0996  0.465587 -0.134757   27.0666  5.65119  2.28876 0.169836 -0.395002 -0.054107 0.0548894  0.337065 0.0232542   0.13279    1.20249   0.671382 -0.0502419   0.00770815   0.00583133 -0.000112231  -0.00182686 -0.000730047   -0.0105317 0.207704 0.167707 -9.80537 
             84.1999  0.251284 -0.217219    27.551   5.7531  2.33619 0.178444  -0.391742 -0.0534167  0.0531139  0.336915 0.0232223  0.132773 0.802809 0.414098 0.122146   0.00771341   0.00579144 -0.000115793 -0.00190724 0.000336668  -0.0106418 0.207862 0.167547 -9.80537 
             84.3004   1.3212 -2.45366   27.245  5.81841  2.38747 0.175124  -0.393575 -0.0281968  0.0838618  0.335932 0.0228587   0.13223   0.606736   0.379456 0.00184077   0.00757513   0.00592839 -7.27282e-05  -0.00630925 -0.000694291  -0.00953213 0.207693 0.167878 -9.80536 
             84.3998 0.708483  -2.4712  26.7029  5.87631   2.4192 0.182496  -0.398513 -0.0761728  0.0688949  0.336145 0.0226581  0.132211   0.525844   0.335538 -0.0437107   0.00768622   0.00587719 -6.66058e-05  0.00184227 -0.00128186  -0.0103551 0.207741 0.167802 -9.80536 
             84.5002 0.600623 -1.85483   26.372  5.94085  2.44351 0.181792    -0.40329    -0.10145 -0.00735505  0.336131 0.0224198  0.132068 0.572083 0.330695 -0.05283   0.00769063   0.00578614 -6.21318e-05  0.00597831 -0.00143736  -0.0107041 0.208041 0.167542 -9.80536 
             84.5996 0.398908 -1.94721  25.9521  5.99655  2.47801 0.190694 -0.406274 -0.115091 0.0100738  0.336017 0.0224266  0.132138  0.545144  0.302917 0.0877676   0.00767396   0.00585561 -7.84742e-05  0.00819494 -0.00204703  -0.0109482 0.208018 0.167642 -9.80536 
                84.7 0.471727 -1.45012  25.7058  6.04631  2.50258 0.184743    -0.39995  -0.0835345 -0.00685158   0.33644 0.0224056   0.13205  0.459064  0.266859 0.0460135   0.00764646   0.00585772 -6.80646e-05   0.00295937 -0.000826723    -0.010093 0.208045 0.167516 -9.80536 
             84.7994  0.289243 -0.885397   26.1245  6.09162  2.52372 0.189279  -0.402042 -0.0913053 -0.0231843  0.336249 0.0223599   0.13197   0.461331   0.244908 -0.0349721   0.00764306   0.00583126 -0.000105542  0.00440358 -0.00097683   -0.010405 0.208088 0.167397 -9.80536 
                84.9 0.00626508   -1.01049    26.6212  6.14523  2.54515 0.189218  -0.404164 -0.0980696 -0.0393545  0.336125 0.0222845  0.131932   0.49436   0.23761 0.0801632   0.00769698   0.00586902 -0.000111473  0.00556648 -0.00103825  -0.0107678 0.208187 0.167284 -9.80536 
             84.9999  0.357521 -0.859863     26.98  6.19597  2.56846 0.199102  -0.404741 -0.0986765 -0.0369841  0.336157 0.0222821  0.131933  0.499298  0.208767 0.0339927   0.00768249   0.00589299 -0.000100499 0.00555042  -0.001195 -0.0108663 0.208199  0.16734 -9.80536 
             85.1003  0.696181 -0.791065   26.9438  6.24223  2.59571 0.205071  -0.403427  -0.100755 -0.0314776  0.336214 0.0222965  0.131825   0.42969  0.205675 0.0820146   0.00771867   0.00591077 -8.39315e-05  0.00564046 -0.00135555  -0.0108653 0.208153 0.167536 -9.80536 
             85.1996  0.794912 -0.308549    26.481  6.29008  2.62385 0.206258  -0.403586  -0.101567 -0.0310952  0.336223 0.0223201  0.131841   0.455768   0.259068 0.00984875   0.00769116   0.00581705 -6.28718e-05  0.00529238 -0.00159722  -0.0105286 0.208227  0.16774 -9.80535 
             85.2999  0.515649 -0.922457   25.7537  6.32796  2.65279 0.197473  -0.402365 -0.0945649 -0.0271336 0.335869 0.022329 0.131931  0.473744  0.273484 0.0577263   0.00766921   0.00588775 -4.71043e-05  0.00464884  -0.0017901 -0.00968815 0.207968 0.167705 -9.80536 
             85.4002  0.609122 -0.956415   25.1265  6.37245  2.68162 0.200969  -0.401625  -0.094164 -0.0266539   0.33575 0.0223183  0.131952    0.476456    0.241214 -0.00605778   0.0076918  0.00585989 -4.8649e-05  0.00473173 -0.00194825 -0.00949719 0.207846 0.167744 -9.80536 
             85.4995  0.506705 -0.886012   25.1817  6.42507  2.69939 0.206237  -0.404185 -0.0940234 -0.0233565  0.335822 0.0223016  0.131896  0.426603  0.210375 0.0597266   0.00771263   0.00588797 -5.79955e-05  0.00443976   -0.001804 -0.00975491 0.208086 0.167665 -9.80536 
             85.5998  0.451193 -0.614555   25.8596  6.46779  2.70963 0.205684  -0.405365 -0.0929368 -0.0224117   0.33567 0.0223564  0.131841   0.469418   0.174021 -0.0344072   0.00765667   0.00582369 -9.53375e-05  0.00464232 -0.00150863 -0.00968125 0.208126 0.167416 -9.80536 
             85.6992 0.611867 -1.03322  26.3821 6.50834 2.72302 0.20014   -0.40531 -0.0900046 -0.0244682 0.335491  0.02246 0.131922  0.459426  0.179284 0.0359045   0.00764674   0.00590646 -0.000104256  0.00469232 -0.00137776 -0.00915708 0.208016 0.167219 -9.80537 
             85.7995  0.520127 -0.921471   26.5441  6.56416  2.74658 0.204311  -0.406203 -0.0901424 -0.0229347  0.335535 0.0223419  0.131905    0.46186   0.216777 -0.0140501   0.00763479   0.00589178 -7.64057e-05   0.0041218 -0.00146613 -0.00932523 0.208198 0.167377 -9.80536 
             85.8998  0.953608 -0.456082   26.5041  6.60932  2.76524 0.205392  -0.406412 -0.0902496 -0.0216809  0.335545 0.0223157  0.131925 0.422159 0.192742 0.038646    0.0076116   0.00585452 -7.50641e-05  0.00415206 -0.00134511 -0.00922826 0.208236 0.167333 -9.80536 
             85.9999    0.9411 -0.209842   25.9911  6.64753  2.79225 0.204815  -0.405008 -0.0905309  -0.023435  0.335485 0.0223416  0.131893   0.460911   0.254814 -0.0230626   0.00764932   0.00586549 -4.89796e-05  0.00428557 -0.00157998 -0.00913167 0.208082 0.167438 -9.80536 
             86.1003  0.396977 -0.818184   25.4444  6.69182  2.81606 0.203022  -0.403077 -0.0895531 -0.0265052  0.335429 0.0223153  0.131934 0.492352 0.239292 0.074627   0.00766921   0.00589112 -4.30157e-05  0.00445696 -0.00129292  -0.0089071 0.207979  0.16735 -9.80537 
             86.1996  0.530237 -0.873566   25.1101  6.74593  2.84168 0.211553  -0.406559 -0.0880502 -0.0243988  0.335474 0.0223909  0.131895  0.473587  0.191826 0.0234442  0.00763997  0.00585885 -3.8376e-05  0.00377778 -0.00199885 -0.00936296 0.208069 0.167502 -9.80536 
             86.3008  0.518816 -0.529495    25.327  6.79228  2.86075 0.210657  -0.405272 -0.0915986 -0.0236257  0.335525 0.0223923  0.131902   0.425118   0.173382 0.00951352   0.00769681   0.00590224 -5.99069e-05  0.00429145 -0.00174903 -0.00883458 0.208093 0.167518 -9.80536 
             86.3993  0.656348 -0.582301   26.0377   6.8355  2.87114 0.203913  -0.406355 -0.0900077  -0.024608   0.33541 0.0224192  0.131919  0.479077  0.179198 -0.028406   0.00765798   0.00587033 -9.47747e-05  0.00435139 -0.00161311 -0.00848334 0.208094 0.167338 -9.80536 
             86.4996  0.798451 -0.808962    26.558  6.87859   2.8873 0.213633  -0.405209 -0.0902048 -0.0264285  0.335374 0.0225117  0.131953 0.459362 0.191906 0.143657   0.00765857    0.0059117 -9.62013e-05  0.00468812 -0.00138658 -0.00863792 0.208024 0.167238 -9.80537 
             86.5999  0.474497 -0.570488   26.6033  6.92294  2.91449 0.225141  -0.403055 -0.0913181 -0.0255431  0.335429 0.0224891   0.13201 0.412637 0.221457 0.110759   0.00769582   0.00588396 -7.48284e-05   0.0046623 -0.00141508 -0.00887808 0.207972 0.167407 -9.80537 
             86.7003 0.616654 0.206121  26.2532  6.96941  2.94154 0.223631  -0.397942 -0.0955265 -0.0226713  0.335797 0.0225213  0.132187  0.409285  0.238303 0.0550813   0.00765452   0.00585489 -6.11791e-05    0.0048062 -0.000629531  -0.00771252 0.208075 0.167578 -9.80536 
             86.7996  0.582678 -0.210899    25.638  7.01306   2.9663 0.215426  -0.392944  -0.091226 -0.0235707  0.335738 0.0225026  0.132184   0.472689   0.282874 -0.0138301   0.00763858   0.00593819 -5.52652e-05  0.00411112 0.000329271 -0.00682308 0.208093 0.167533 -9.80536 
                86.9 -0.0732678  -0.727124    25.0957  7.06656  2.99693 0.214998  -0.386631 -0.0910106 -0.0222682  0.335538 0.0227327  0.132156  0.516316  0.262486 0.0536408   0.00766356    0.0059427 -4.12456e-05  0.00376199  0.00121583 -0.00634342 0.208135 0.167659 -9.80536 
                  87  0.458008 -0.345828   24.9758  7.11862  3.01585 0.199719  -0.382664 -0.0945897 -0.0180381  0.335607 0.0224942  0.132201    0.475562    0.207951 -0.00747409   0.00758427   0.00593152 -8.51842e-05  0.00442781  0.00227165 -0.00496484 0.208195 0.167551 -9.80536 
             87.0992 0.401395 0.169277   25.366  7.16811   3.0342 0.199107  -0.383508 -0.0941673 -0.0170647 0.335567 0.022491 0.132229   0.479814   0.185173 -0.0824697   0.00762991   0.00591793 -7.85224e-05  0.00423191  0.00229252 -0.00513802 0.208276 0.167543 -9.80536 
             87.1995  0.626725 -0.402721   26.0041  7.22524  3.04764 0.195987  -0.383592 -0.0947802 -0.0190678  0.335509 0.0225379  0.132301   0.514527   0.198348 -0.0236721   0.00762332   0.00599622 -0.000102586  0.00431291  0.00277477 -0.00568666 0.208424 0.167411 -9.80536 
             87.2998 0.0975106 0.0993293   26.2236  7.28346  3.07012 0.206349  -0.383036 -0.0935745 -0.0171587   0.33549 0.0223368  0.132367  0.541289   0.19994 0.0111392   0.00769792   0.00589026 -7.92645e-05  0.00366356  0.00287653 -0.00632029  0.20855 0.167542 -9.80535 
             87.4003   1.04571 -0.206612   26.2708  7.32344  3.09287 0.207074  -0.381904 -0.0938541 -0.0161659  0.335506 0.0224071  0.132281  0.462896  0.193109 0.0597772   0.00759537   0.00594999 -6.95393e-05  0.00420892  0.00254444 -0.00622987 0.208275  0.16755 -9.80536 
             87.4996  1.01164 0.246503  25.9435  7.36462  3.11581 0.218481  -0.381422 -0.0961215 -0.0160614 0.335394 0.022483 0.132232  0.472036  0.228919 0.0165543  0.00764722  0.00596805 -5.6117e-05 0.00473241 0.00229469 -0.0069611 0.208163 0.167604 -9.80536 
             87.5999    0.8893 -0.213946   25.4344  7.39517  3.14112 0.211483  -0.378241 -0.0888799  -0.014631  0.335187 0.0223632  0.132373   0.513468   0.252748 -0.0170936   0.00764377   0.00597845 -5.32772e-05  0.00458594  0.00224965 -0.00638594  0.20772 0.167483 -9.80537 
             87.7003  0.639712 -0.533338   24.9062  7.44872  3.16696 0.210505  -0.377425 -0.0886743 -0.0144455   0.33516 0.0224236   0.13235   0.493872   0.223267 -0.0149999   0.00765529   0.00596508 -4.87612e-05  0.00440189  0.00237301 -0.00625822 0.207757 0.167524 -9.80537 
             87.7996 1.09854 0.22508 24.7631 7.49672 3.18383 0.20822  -0.376665 -0.0888082 -0.0128781  0.335218 0.0224097  0.132373   0.420578   0.184976 0.00328106   0.00761173   0.00590045 -5.06679e-05  0.00438172  0.00280292 -0.00618421 0.207841 0.167456 -9.80537 
             87.8999  1.00822 0.629806  25.3687  7.53759  3.19363 0.202505  -0.374584 -0.0898543 -0.0167234  0.335141 0.0224489  0.132262   0.454342   0.151428 -0.0975877   0.00763313   0.00593585 -9.40988e-05  0.00491177  0.00351369 -0.00606934 0.207843 0.167261 -9.80537 
             88.0002   1.3688 0.677414    26.03  7.59197  3.21521 0.193605   -0.375348  -0.0848095 -0.00961405  0.335228 0.0222453  0.132327    0.45007   0.181364 0.00175616   0.00764287   0.00597789 -0.000116317 0.00343858 0.00350486 -0.0058037 0.208026 0.167406 -9.80536 
             88.1002 0.740328   1.0571  25.9992  7.62988  3.23525 0.194862  -0.376343 -0.0877788 -0.0107863  0.335223 0.0222906  0.132305    0.42691   0.205905 -0.0244345   0.00767529   0.00594231 -7.43234e-05  0.00432955  0.00307239 -0.00588674 0.207857 0.167375 -9.80537 
             88.1998  1.2678  1.4369 25.8568  7.68572  3.25366 0.198902   -0.377074  -0.0866976 -0.00880186 0.335244 0.022269 0.132448  0.415369  0.196753 0.0532404   0.00764546   0.00594112 -6.18089e-05  0.00334482  0.00348517 -0.00599766 0.208207 0.167441 -9.80536 
             88.3001 1.07254 1.39934 25.2897  7.73718  3.28349 0.197485 -0.373659 -0.087064  0.005514   0.33519 0.0224642  0.132417   0.478028   0.268916 -0.0188209   0.00767333   0.00597542 -5.47194e-05  0.00265998  0.00390565 -0.00581009 0.208354 0.167687 -9.80535 
             88.3994 0.539556 0.843955  24.7127  7.78413  3.31346 0.198945  -0.373646 -0.0871776  0.0116415 0.335133 0.022453  0.13252 0.526236 0.263608 0.051001   0.00766886   0.00597025 -4.40803e-05  0.00278882  0.00359794 -0.00588481 0.208246 0.167754 -9.80535 
             88.4998 0.747743 0.869057  24.5854   7.8375  3.33967 0.201754  -0.372793 -0.0872671  0.0145823   0.33512 0.0224762  0.132491   0.492084   0.221623 0.00181719   0.00766587   0.00599824 -6.20158e-05  0.00267854  0.00369132 -0.00582573 0.208264 0.167802 -9.80535 
             88.5992 0.94742 1.33248  24.984 7.88125 3.35696 0.20241  -0.371797 -0.0847043  0.0101942  0.335108 0.0224554  0.132498  0.422545  0.180957 0.0345954   0.00764942   0.00596579 -8.96581e-05   0.0024658  0.00400446 -0.00555182 0.208238 0.167699 -9.80536 
             88.6994 0.873707  1.04858   25.712  7.92792  3.36691 0.203743   -0.374444  -0.0864119 -0.00173525   0.33495 0.0224923  0.132522    0.482535    0.174777 -0.00750193  0.00767432  0.00599158 -0.00010951  0.00294435  0.00399102 -0.00584499 0.208319 0.167522 -9.80536 
             88.7999 1.04154 0.69448 26.1915  7.97831  3.38428 0.202478    -0.375212   -0.0788815 -1.60709e-05  0.334892 0.0224018  0.132484  0.483246  0.160967 0.0826526   0.00765722   0.00602412 -9.91329e-05  0.00150365  0.00388452 -0.00536215 0.208361 0.167559 -9.80536 
             88.9002   1.0552 0.123395  26.5336  8.01301  3.40206 0.200994  -0.373551 -0.0725515 0.00387673  0.334865 0.0225776  0.132679    0.4171  0.172412 0.0149188   0.00770288   0.00601128 -0.000110376  0.00110954  0.00377049 -0.00509648 0.208084  0.16749 -9.80536 
             88.9996  1.60919 0.868453  26.2489  8.06734  3.42209 0.202222  -0.374734 -0.0710148 0.00319425  0.334942 0.0225493   0.13284   0.431511   0.187825 0.00866362  0.00764696  0.00595293 -6.2744e-05 -2.7896e-05  0.00379307 -0.00490554  0.20836 0.167646 -9.80535 
             89.1002  1.40577 0.468937  25.4993  8.11753  3.44858 0.195215  -0.371236 -0.0667321  0.0081924  0.334879 0.0227166  0.132835   0.507122   0.248231 -0.0648667   0.00765901   0.00600841 -5.89628e-05 -0.00114467  0.00422122 -0.00446234 0.208413 0.167782 -9.80535 
             89.1999 0.907568 0.052058  24.6717  8.17034  3.46942 0.193397  -0.373225 -0.0686669 0.00571412  0.334966 0.0226067  0.132809  0.528031  0.204753 0.0128506   0.00767236    0.0060005 -4.44286e-05 -0.000712434   0.00403285   -0.0046379 0.208422 0.167719 -9.80535 
             89.3002  0.931662 0.0168982   24.2634  8.21626  3.48707 0.186716  -0.369872 -0.0685244 0.00412839  0.334932 0.0225652  0.132822   0.441646   0.159024 -0.0273327   0.00767625   0.00599866 -5.44781e-05 -0.000482006   0.00450767  -0.00428493 0.208328 0.167678 -9.80535 
             89.3995  1.28709 0.637556  24.7557  8.26601  3.50212 0.188911  -0.371866 -0.0668795 0.00663136   0.33489 0.0225761  0.132948    0.43071   0.128081 -0.0561854   0.00763104   0.00595666 -8.55952e-05 -0.00121414  0.00432955 -0.00459897 0.208491 0.167753 -9.80535 
             89.4997    1.4472 -0.104672   25.4226  8.30815  3.51754 0.186816  -0.373358 -0.0721764 0.00751817  0.335002 0.0226868  0.132942   0.455852   0.183664 -0.0436418   0.00764432   0.00606221 -0.000108214 -0.000157769   0.00382444  -0.00508701 0.208392 0.167776 -9.80535 
                89.6 0.938765 0.346068  25.7983  8.37344  3.53414 0.184861  -0.372496 -0.0642134 0.00845482     0.335 0.0224483  0.133021   0.514391   0.189679 -0.0218355   0.00770016   0.00594329 -7.51933e-05 -0.00247079  0.00459703 -0.00479125 0.208784 0.167854 -9.80534 
             89.6994   1.26951 0.0999758   25.6095  8.42779     3.56 0.179239  -0.371912 -0.0623325  0.0168858  0.335046 0.0224128  0.133002  0.483971  0.207404 0.0106603   0.00766734   0.00606133 -4.71538e-05 -0.00329759  0.00450208 -0.00451161 0.208856 0.168039 -9.80534 
             89.7993  1.40861 0.942878  25.3007  8.46558  3.57903 0.184989  -0.374807 -0.0663235  0.0101999  0.334903 0.0224027  0.132794   0.464863   0.236819 -0.0173209   0.00765589    0.0059975 -4.98929e-05 -0.00199193  0.00385767 -0.00489228 0.208675 0.167924 -9.80534 
             89.8999 0.996366 0.285688  24.6849  8.50495  3.60779 0.184161  -0.375339 -0.0657374 0.00926426  0.334826 0.0223322  0.132873    0.50952   0.246068 0.00234782  0.00766598  0.00606039 -3.6459e-05 -0.00165038  0.00331406  -0.0049763 0.208461 0.167937 -9.80535 
             90.0002 0.993006 0.240543  24.2841   8.5449  3.63481 0.197827  -0.383035 -0.0668696 0.00488891  0.334798 0.0222361  0.132932  0.478662  0.240652 0.0658735   0.00767424   0.00604648 -3.98643e-05 -0.000996163   0.00156998  -0.00553093 0.208254 0.167942 -9.80535 
             90.0996  1.04393 0.530208  24.4863  8.59226  3.64741 0.204011   -0.38735 -0.0655682 0.00211501   0.33478 0.0222118  0.132929 0.406984 0.188489 0.086461  0.00768126  0.00598657 -5.9691e-05 -0.00108729   0.0014368  -0.0056285 0.208367  0.16776 -9.80535 
             90.1995 0.818785  0.65066  24.9761  8.63542  3.65886 0.197629    -0.382685   -0.0624941 -0.000767357 0.334755 0.022246 0.132896   0.423916   0.149587 -0.0291315   0.00767578    0.0060409 -7.15245e-05 -0.00162005  0.00264306 -0.00471688 0.208453 0.167647 -9.80535 
             90.2992 0.948194   0.3276  25.6009 8.68607 3.67461 0.19348  -0.382976 -0.0614166 0.00040031  0.334705 0.0221642  0.132875  0.473188  0.188901 0.0291787  0.00767876  0.00605377 -8.2448e-05 -0.00201583  0.00280042 -0.00457473 0.208553 0.167649 -9.80535 
             90.3997 0.544924 0.637092  25.8932  8.73994  3.70031 0.186712  -0.382883 -0.0545492 0.00963883  0.334865 0.0221199  0.132962   0.476111   0.204857 -0.0700084   0.00771312   0.00601526 -6.61237e-05 -0.00385335  0.00262913 -0.00384464 0.208657  0.16786 -9.80534 
             90.4999  1.06284 0.713956  25.8266  8.78795   3.7229 0.182037  -0.383098 -0.0545701  0.0127724   0.33488 0.0221181  0.132943   0.438622   0.193172 -0.0114489   0.00765823   0.00603029 -3.82013e-05 -0.00410804  0.00250496  -0.0038076 0.208698 0.167947 -9.80534 
             90.6002 1.05249 1.28698 25.4934  8.82796  3.74011 0.180971  -0.383554 -0.0580756 0.00823251  0.334836 0.0220572  0.132853   0.470941   0.228489 -0.0792438  0.00769069  0.00602948 -3.8931e-05 -0.00306378  0.00249768 -0.00406091 0.208609 0.167824 -9.80535 
             90.6995 0.518266   0.9905  24.9063   8.8687  3.76462 0.182845  -0.385105 -0.0599376 0.00997076    0.3348 0.0219845  0.132883 0.433598 0.225803 0.130019   0.00768182    0.0060583 -2.40131e-05 -0.00251958  0.00204899  -0.0042246 0.208512 0.167827 -9.80535 
             90.7999 0.210116 0.461645  24.6407  8.90396   3.7946 0.194617  -0.386786 -0.0598684  0.0174177  0.334686 0.0219489  0.133065  0.425158  0.221933 0.0524833   0.00768127   0.00607318 -2.65498e-05 -0.00222768   0.0010662 -0.00437599  0.20828 0.167947 -9.80535 
             90.9003 -0.0721198   0.431579    24.4852  8.94941  3.81888 0.205028  -0.386977 -0.0634776  0.0200434  0.334719 0.0219819  0.133011 0.392419 0.226891 0.104132   0.00771047   0.00603971 -3.94806e-05 -0.00196692  0.00108005 -0.00447433 0.208374  0.16802 -9.80535 
             90.9995 -0.255286 -0.156243   24.1586  8.99334  3.84091 0.207772  -0.387511 -0.0637035  0.0188234  0.334701 0.0219984  0.132951  0.464774  0.245475 -0.018306   0.00768199   0.00607986 -3.32941e-05 -0.00209062  0.00111815 -0.00430678 0.208442 0.168021 -9.80535 
             91.0998 -0.470663 -0.597969   23.8016  9.04777  3.87074 0.201954   -0.38686 -0.0599912  0.0214005  0.334556 0.0220611  0.132789 0.475208 0.211242 0.122782 0.00767412 0.00607213 -2.199e-05  -0.0033219  0.00109876 -0.00341073 0.208559 0.168179 -9.80534 
             91.2002 -0.0907284  -0.905858    23.4998  9.08878   3.8787 0.208526  -0.386075 -0.0562198  0.0207271  0.334568 0.0221102  0.133083   0.434854   0.156675 -0.0381968   0.00767032   0.00607462 -2.66543e-05 -0.00313658   0.0017524 -0.00386218 0.208474  0.16787 -9.80535 
             91.2994  0.215421 -0.427397    23.106  9.13001  3.90354 0.206017  -0.388269 -0.0573195  0.0178369   0.33463 0.0220821  0.133016  0.396477   0.16827 -0.015414   0.00766929    0.0060203 -2.16562e-05 -0.00336314 0.000781333 -0.00362038 0.208446 0.168102 -9.80534 
             91.3997  0.514615 -0.422529   22.4655  9.17161  3.92621 0.195144  -0.393804 -0.0559407  0.0198326  0.334705 0.0220026   0.13298   0.464419   0.232975 -0.0959409   0.00764409   0.00605533 -2.15941e-05  -0.00366008 -0.000343264  -0.00317454 0.208419 0.168166 -9.80534 
                91.5 -0.0497684   -0.44493    21.6947  9.22737   3.9505 0.198497  -0.392999 -0.0526777  0.0122533  0.334715 0.0220436  0.133092 0.488412  0.22665 0.105034  0.00768416  0.00602214 8.77724e-06  -0.00475089 -0.000110567  -0.00336998 0.208582 0.168238 -9.80534 
             91.5994  0.157389 -0.548145   21.5512  9.27229  3.96849 0.201622  -0.392702 -0.0535742  0.0149403  0.334695 0.0220496  0.133064  0.446464  0.196307 0.0267597   0.00763742   0.00604548 -2.93655e-05 -0.00431112 7.05108e-05 -0.00329076 0.208533 0.168151 -9.80534 
             91.6998 0.0491681 -0.319396   22.0392  9.32014  3.98518 0.206937   -0.39316 -0.0528248  0.0146169  0.334611 0.0219998   0.13308    0.426887    0.183093 -0.00113213  0.00767179  0.00602987 -5.8136e-05 -0.00460039 0.000339393 -0.00333894 0.208645 0.168098 -9.80534 
             91.8001  0.176036 -0.931338   22.8077  9.36503  3.99301 0.203422  -0.395853 -0.0482264  0.0109457  0.334208 0.0222148  0.133192   0.484696   0.210323 0.00678517   0.00766613   0.00607884 -7.03473e-05 -0.00486728  0.00052942 -0.00326227 0.208661 0.167825 -9.80534 
             91.8995 -0.398153 -0.463262   23.1324  9.41728  4.01749 0.215263  -0.396522 -0.0472956  0.0122815  0.334325 0.0220136  0.133337  0.508485  0.187966 0.0807888   0.00770599   0.00596651 -4.51072e-05 -0.00549705 0.000177691 -0.00349152 0.208731 0.167986 -9.80534 
             91.9999  0.252739 -0.909806   23.3856    9.469  4.03765 0.209266 -0.398007  -0.05036 0.0136851  0.334258 0.0218472  0.133302   0.448887   0.184305 0.00713237 0.00763145 0.00612675 -4.677e-05  -0.00517948 -6.07536e-05  -0.00280682 0.208783  0.16803 -9.80534 
             92.1002  0.389995 -0.301686   23.2648 9.51156 4.05761 0.21656  -0.396458 -0.0486732  0.0116801   0.33417 0.0219144  0.133288 0.421223 0.196224 0.015558   0.00766185   0.00604035 -2.79902e-05 -0.00549998 6.12313e-05 -0.00330331 0.208772 0.168068 -9.80534 
             92.1996  0.344455 -0.706543   22.6534   9.5547  4.07609 0.211314 -0.397036 -0.047657 0.0122647  0.334191 0.0218557  0.133308    0.47856   0.227858 -0.0148796   0.00766103   0.00608712 -6.04307e-06 -0.00550677 0.000135639 -0.00294066 0.208762 0.167995 -9.80534 
             92.2999 -0.0869964   -1.20616    22.1075  9.59227  4.09821 0.218008  -0.398388 -0.0473203  0.0144884  0.334155 0.0216695  0.133473  0.478065  0.186437 0.0464178   0.0076805  0.00608017 7.24166e-06  -0.00495475 -0.000451368  -0.00320643  0.20854 0.167984 -9.80534 
             92.4002 0.318339 -0.81046  22.1042  9.63003   4.1167 0.211515  -0.398211 -0.0497914   0.014476  0.334151 0.0215949  0.133444  0.399555   0.16232 0.0281817   0.00762373   0.00604291 -2.57958e-05  -0.00418028 -0.000693686  -0.00258297 0.208396 0.167987 -9.80535 
             92.4995 -0.0464835  -0.239608    22.7202  9.67365  4.13329 0.212642  -0.398464 -0.0484981   0.013819  0.334161 0.0215434  0.133539    0.41868   0.142236 -0.0492478   0.00767245   0.00602886 -4.93312e-05  -0.00471361 -0.000735062  -0.00267041 0.208474 0.168046 -9.80534 
             92.5999  0.22573 -0.76269  23.5857  9.70859  4.14926 0.209406  -0.397574 -0.0488001  0.0140833  0.334184 0.0217277  0.133575  0.409957  0.149324 0.0561233    0.0076754   0.00608678 -7.89756e-05 -0.00412576 -0.00085693 -0.00267868 0.208291 0.168005 -9.80535 
             92.6999 0.0278773 -0.510464   23.9046 9.75896 4.17039 0.21028   -0.40134 -0.0475377  0.0111255  0.334284 0.0215945  0.133611   0.448622   0.182186 -0.0336357    0.0076759   0.00610094 -4.32215e-05 -0.00496119  -0.0016375 -0.00236279 0.208414 0.168157 -9.80534 
             92.7996   0.51807 -0.612375   23.8946  9.80635  4.19341 0.214919  -0.398287 -0.0484459 0.00522903  0.334331 0.0216378  0.133539  0.381164  0.182982 0.0513693   0.00766263   0.00609454 -1.05221e-05 -0.00537839  -0.0012984 -0.00281153 0.208521 0.168296 -9.80534 
             92.8998  0.705038 -0.390626   23.5952   9.841 4.21803 0.22368  -0.396403 -0.0491795 0.00436627  0.334263 0.0217181  0.133487  0.382286  0.237077 0.0171064   0.00766329   0.00608122 -1.11053e-05  -0.0052178 -0.00132321 -0.00331962 0.208451  0.16837 -9.80534 
             93.0002 0.235521 -0.92062  22.9686 9.88213 4.24407 0.22066  -0.395351 -0.0474694 0.00345932  0.334189 0.0217802  0.133487  0.425412  0.248213 0.0719671   0.0076869  0.00609676 1.48795e-05 -0.00550917 -0.00117496 -0.00294654  0.20845 0.168372 -9.80534 
             93.0995 0.212008 -1.40418  22.6523  9.93075  4.27019 0.235073  -0.398175 -0.0484406 0.00498858  0.334294 0.0218312  0.133405  0.449086  0.221774 0.0342501   0.0076749  0.00609703 2.02581e-06 -0.00569753 -0.00167649 -0.00341296 0.208527 0.168447 -9.80534 
             93.1998 0.159365 -1.21188  22.9792  9.96729  4.29091 0.241821  -0.398317  -0.046768 0.00389615  0.334269 0.0218188  0.133416  0.382919   0.20161 0.0813252   0.00768893   0.00605841 -3.55148e-05 -0.00570137  -0.0018052 -0.00353632 0.208443 0.168417 -9.80534 
             93.3001 -0.0937565    -1.2054    23.9801  10.0053  4.29818 0.238411  -0.399257  -0.046983 0.00354562  0.334022 0.0220176  0.133282   0.428173   0.163729 -0.0327964   0.00767786   0.00605386 -6.25657e-05 -0.00518459 -0.00136382 -0.00312491 0.208456 0.168178 -9.80534 
             93.3992 0.0724513  -1.54613   25.8495  10.0464  4.31251 0.233933    -0.3998 -0.0470568 0.00265544  0.333798 0.0221561  0.133311  0.401271  0.193318 0.0835008   0.00766702   0.00608235 -0.000105514 -0.00492571 -0.00124014 -0.00265807 0.208453 0.168076 -9.80534 
             93.4996 -0.120531  -1.58889   27.7333  10.0878  4.33512 0.235495   -0.40162 -0.0485752 0.00280478  0.333899 0.0220516  0.133314    0.38246   0.225841 -0.0174413   0.00766936   0.00612662 -0.000124954 -0.00479853 -0.00164015  -0.0024006  0.20846 0.168127 -9.80534 
                93.6 0.0657442  -1.21138   28.4604  10.1259  4.36248 0.237209  -0.402107 -0.0482198 0.00115275  0.333975 0.0219397  0.133366  0.331051  0.238416 0.0179469   0.00767916   0.00607755 -5.83007e-05 -0.00519181 -0.00192556 -0.00247169 0.208491 0.168241 -9.80534 
             93.7004 -0.186433 -0.895724   28.5808  10.1639  4.38724 0.235911  -0.401992 -0.0483168 0.00373887  0.333992 0.0219292  0.133398   0.361668   0.295096 -0.0209366   0.00769037   0.00608529 -2.48474e-05 -0.00534364 -0.00166238 -0.00237376 0.208577 0.168225 -9.80534 
             93.7998 -0.851327  -1.48787   28.5382  10.2144  4.41923 0.237862  -0.399011  -0.048701 0.00681092  0.333898 0.0222666  0.133333  0.435125  0.285948 0.0847511 0.00768775 0.00614876  -7.03e-07 -0.00606553 -0.00109437 -0.00205164 0.208766 0.168372 -9.80533 
             93.9001 -0.363737  -1.33234   29.8054  10.2633   4.4474 0.233912  -0.395179 -0.0532867   0.010929 0.333885 0.022193  0.13333   0.432549   0.246199 -0.0063272    0.0076518   0.00615201 -2.68214e-05  -0.00558208 -0.000350755  -0.00133927 0.208845 0.168425 -9.80533 
             93.9993 -0.0850376    -1.0771    32.1937 10.2998 4.47561 0.23173  -0.393794 -0.0560356 0.00624481  0.334038 0.0221583  0.133251   0.392515   0.227393 -0.0409749  0.00766058  0.00611628 -8.4028e-05  -0.00508349 -0.000521399  -0.00115772 0.208738 0.168492 -9.80533 
             94.0996 -0.0967561    -1.6249    34.3531  10.3406   4.4981 0.233611    -0.3913 -0.0526784 0.00482718  0.334176 0.0222795  0.133266    0.44215   0.256328 -0.0241372   0.00770164   0.00614416 -6.14772e-05  -0.00559033 -0.000125509  -0.00193186 0.208714 0.168471 -9.80533 
             94.2001 -0.240855  -1.80728   35.9086  10.3716  4.52844 0.245075   -0.388575  -0.0523733 0.000863326   0.33443 0.0224112  0.133304  0.415661    0.2753 0.0687356   0.00772359   0.00614746 -4.25447e-05   -0.0052625 -0.000269759  -0.00246967 0.208483 0.168472 -9.80534 
             94.3004 0.0420258  -1.95524   36.8239  10.4046  4.55473 0.249928  -0.385621 -0.0489568  0.0029913  0.334488 0.0224499  0.133342  0.354002  0.287109 0.0104407   0.00772162   0.00616838 -2.23438e-05  -0.0053797 0.000131936 -0.00292247 0.208375 0.168365 -9.80534 
                94.4 0.0482445  -1.36245   37.4382  10.4453  4.57853 0.248288  -0.386079 -0.0524147 0.00979101  0.334667 0.0224718  0.133378  0.342065   0.31014 0.0088775  0.00770155  0.00614729 8.61074e-06 -0.00490666 0.000608542 -0.00251437 0.208534 0.168312 -9.80534 
             94.4996 -0.0482663   -1.37369    37.9205  10.4856  4.60967 0.245728 -0.385186 -0.053354 0.0128694  0.334766 0.0225272  0.133386    0.393024    0.357882 -0.00409431  0.00768428  0.00615816 1.74307e-05 -0.00486544  0.00107217 -0.00237034 0.208635 0.168298 -9.80534 
             94.6001 -0.490459  -2.01588   38.1292  10.5257  4.64616 0.255418  -0.388654 -0.0501328  0.0130858  0.334795 0.0224868  0.133389  0.408377    0.3402 0.0572373  0.00769876  0.00620963 1.43829e-05 -0.00548598 0.000408097 -0.00273734 0.208621 0.168332 -9.80534 
             94.6994 -0.197527  -1.67764   38.6919  10.5657  4.67871 0.252497  -0.385593 -0.0550037  0.0130917    0.3348 0.0225151    0.1334  0.360936  0.304091 0.0272771  0.00766501  0.00618982 2.57085e-05 -0.00476272 0.000904713 -0.00233443 0.208625 0.168365 -9.80534 
             94.7998 -0.639357  -1.04704   39.6167  10.5967  4.70311 0.253738  -0.385235 -0.0561925  0.0132816  0.334796 0.0224667  0.133241   0.351584    0.27178 -0.0393879  0.00771607  0.00618115 6.30884e-06 -0.00412103  0.00103262 -0.00233751 0.208593 0.168226 -9.80534 
             94.9001 -0.581357  -1.39414   40.7314  10.6343  4.73586 0.257216   -0.38635 -0.0530933  0.0124171   0.33483 0.0224579  0.133243  0.362954  0.342235 0.0204545  0.00771697  0.00620529 1.46221e-05 -0.00479935 0.000728421 -0.00300116 0.208571 0.168283 -9.80534 
             94.9993 -0.843588  -1.21062   42.2984  10.6659  4.77623 0.265211  -0.388215 -0.0524412 0.00748497  0.334931 0.0223914  0.133281   0.35452   0.36062 0.0295025  0.00772977   0.0062035 9.17775e-06  -0.00510143 -6.94415e-05  -0.00309581  0.20844 0.168389 -9.80534 
             95.0997 -0.171864  -1.14934   44.0266  10.6972  4.81741 0.265202  -0.388744 -0.0545146 0.00637021  0.335018 0.0222627   0.13322  0.283275  0.364868 0.0343374   0.0076928  0.00623154 4.07021e-06  -0.00497758 -0.000388158  -0.00296036 0.208383 0.168485 -9.80534 
             95.2001 -0.375509 -0.531652   45.1491  10.7259   4.8581 0.268478  -0.389325 -0.0540048 0.00770711  0.335032 0.0222049   0.13327 0.260444 0.410955 0.011573  0.00773674  0.00624006 1.25696e-05  -0.00532204 -0.000494292  -0.00298282 0.208399 0.168572 -9.80534 
                95.3 -0.780586 -0.834343   45.5582  10.7554  4.90189 0.268689  -0.388119 -0.0540856 0.00808388  0.335018 0.0222373  0.133259  0.304607  0.442146 0.0987749  0.00774061  0.00624389 5.10953e-05  -0.00537305 -0.000230877  -0.00280107 0.208424 0.168587 -9.80534 
             95.3998 -0.629112 -0.795631   46.1724  10.7823  4.94444 0.281826  -0.390462 -0.0533898 0.00483537  0.335024 0.0221831  0.133282  0.306861  0.420905 0.0529619  0.00772226  0.00624501 4.76511e-05  -0.00524416 -0.000812435  -0.00307798  0.20835 0.168518 -9.80534 
             95.5001 -0.549933 -0.528209   48.3054  10.8172  4.98524 0.280325 -0.389061 -0.057143 0.0104027  0.334986 0.0220972  0.133295  0.276923  0.400367 0.0530625  0.00772843  0.00625178 2.47802e-06  -0.00484415 -0.000254019  -0.00246015 0.208462 0.168587 -9.80534 
             95.6002  -0.92904 -0.620037   50.6646  10.8486  5.02082 0.278492  -0.389664 -0.0571381  0.0113298  0.334853 0.0221374   0.13327   0.306551   0.403946 -0.0361259  0.00775799  0.00629413 3.31959e-06  -0.00477743 -4.35917e-05  -0.00222123 0.208572 0.168552 -9.80533 
             95.6994 -0.717434 -0.948763   52.5004  10.8723  5.06285 0.275367  -0.388666 -0.0567351 0.00870189   0.33491 0.0222342  0.133325  0.269688  0.407282 0.0689509  0.00772466  0.00625871 2.16878e-05  -0.00458187 -0.000189923  -0.00205496 0.208461 0.168462 -9.80534 
             95.7997 -0.597085  -1.22184   54.3107  10.9041  5.09644 0.278104  -0.388166 -0.0559989 0.00908352  0.334777 0.0222849  0.133407   0.266778   0.389146 -0.0202569  0.00774876   0.0063251 6.75293e-06 -0.00442089 0.000284305  -0.0018919 0.208601 0.168354 -9.80534 
             95.9001 -0.394304  -1.18691    56.177  10.9281  5.13082 0.269898  -0.389036 -0.0565668 0.00981169  0.334747 0.0222572  0.133434   0.226311   0.356791 -0.0212514   0.0077352  0.00627089 1.25607e-05 -0.00411677 0.000189906 -0.00125205 0.208623  0.16828 -9.80534 
             96.0004 -0.335183 -0.744101   57.2436  10.9512  5.16916 0.270223   -0.38936 -0.0564069 0.00951573 0.334679 0.022272 0.133437   0.230872   0.419868 -0.0549677  0.00775394  0.00626406 3.24622e-05 -0.00417376 0.000149365 -0.00160514 0.208629 0.168294 -9.80534 
             96.0997 -0.995467  -1.16611   57.6247  10.9747  5.21854 0.265742  -0.388748 -0.0557672 0.00834026  0.334602 0.0224119  0.133466  0.266252  0.454593 0.0428979 0.00776156 0.00630616 5.5245e-05    -0.004564 -2.70762e-06  -0.00144773 0.208534 0.168386 -9.80534 
             96.2001 -0.833596 -0.930689   58.2307  10.9978   5.2582 0.269641   -0.39043 -0.0550212 0.00835681 0.334568 0.022215 0.133426   0.239424   0.399448 -0.0252413  0.00772731  0.00626547 4.21968e-05  -0.00429634 -0.000372714  -0.00174738  0.20852 0.168244 -9.80534 
             96.2994 -0.630042 -0.560796   60.2153  11.0202  5.29923 0.271338  -0.390925 -0.0538008 0.00857517  0.334541 0.0222305  0.133466  0.205412   0.37195 -0.022979  0.00773221   0.0062748 2.68145e-05  -0.00471349 -0.000454888  -0.00187809 0.208508 0.168323 -9.80534 
             96.3999  -1.04476 -0.666235    63.074  11.0466   5.3494 0.268944  -0.393709 -0.0532602  0.0156204  0.334515 0.0218612   0.13349   0.228719   0.456626 -0.0388907   0.00777999    0.0063219 -9.25653e-06  -0.00557978 -0.000809759  -0.00220996 0.208469 0.168638 -9.80533 
             96.5002  -1.17979 -0.518312   65.2526 11.0686 5.39907 0.27503   -0.39493 -0.0522001  0.0179344  0.334526 0.0217106  0.133508  0.227748  0.456548 0.0862238  0.00777818  0.00633367 2.58924e-05 -0.00609965 -0.00104329 -0.00240641 0.208419 0.168769 -9.80533 
             96.6003 -0.981922 -0.574411   67.0012  11.0892  5.44309 0.282748  -0.394858 -0.0517711  0.0163594  0.334552 0.0217957  0.133516  0.174286  0.454979 0.0371949  0.00776365  0.00632596 3.49986e-05 -0.00597559 -0.00104871 -0.00283244 0.208437 0.168691 -9.80533 
             96.6997 -0.947554 -0.110664   68.9426  11.1075  5.49149 0.278373  -0.394606 -0.0535952   0.019719  0.334619 0.0216793  0.133571  0.139589  0.467202 0.0185144  0.00776043  0.00633905 5.75668e-05  -0.00601732 -0.000828714  -0.00198078 0.208451 0.168842 -9.80533 
                96.8  -1.04288 -0.396201   70.3078  11.1102  5.55117 0.276907  -0.393043 -0.0554936  0.0210625  0.334618 0.0216582  0.133545    0.10425   0.550697 -0.0196288   0.0077736  0.00639008 6.62787e-05 -0.00615778 -0.00127608 -0.00192541 0.208117 0.168918 -9.80534 
             96.9004 -1.65113 -1.12538  71.1119   11.107  5.60088 0.284657  -0.39664 -0.051353  0.014957  0.334595 0.0212652   0.13398 0.0900313  0.526234  0.070615  0.00779125  0.00638939 6.82215e-05 -0.00621776 -0.00280665 -0.00231922 0.207882 0.168546 -9.80535 
             96.9996 -1.34423 -0.81898  72.1448  11.1167  5.63853 0.283841  -0.394519 -0.0493146  0.0106028  0.334659 0.0209976  0.134014 0.0707207  0.452482 0.0196311  0.00775783  0.00634887 7.59426e-05 -0.00571545  -0.0022975 -0.00200673 0.208085 0.168253 -9.80535 
             97.0999  -1.90114 -0.245357   73.6072  11.1247  5.67323 0.287379  -0.396061 -0.0479099 0.00894921   0.33465 0.0208779  0.133867  0.0687463   0.414935 -0.0291769   0.0077887  0.00634964 8.27565e-05 -0.00531266 -0.00237241 -0.00224683 0.208274 0.168054 -9.80535 
             97.1992  -1.66909 -0.621188   76.3701  11.1281  5.71683 0.283845  -0.395581 -0.0483371 0.00648308  0.334716 0.0209509  0.133867  0.0537124   0.466337 0.00773095  0.00777442  0.00638905 5.65983e-05 -0.00508834 -0.00257164 -0.00241401 0.208205  0.16794 -9.80535 
             97.2996  -1.91905 -0.376128    78.865  11.1358  5.76277 0.290865  -0.395564 -0.0476641 0.00763814  0.334674 0.0209064   0.13387 0.0685695  0.463982 0.0236031  0.00779766  0.00636536 5.76185e-05 -0.00528671 -0.00242109 -0.00235586 0.208239 0.168003 -9.80535 
             97.3999  -1.22253 -0.776294   80.4386   11.134  5.81883 0.295735  -0.394801 -0.0501614 0.00624569  0.334766 0.0208996  0.133715 0.00103869   0.442358   0.036376  0.00778086  0.00639219 8.76575e-05  -0.0056503  -0.0026596 -0.00273941 0.207924 0.168204 -9.80535 
             97.5003 -1.43713 -0.54117  81.6233  11.1366  5.86997 0.294881  -0.396243 -0.0508018 0.00651653  0.334803 0.0209385  0.133747 -0.0353151   0.485102  0.0177791 0.00779567 0.00638739 0.00011293 -0.00603286 -0.00253986 -0.00229846 0.207936 0.168467 -9.80535 
             97.5999  -1.22384 -0.913524   83.2879  11.1343  5.92417 0.295124  -0.396429 -0.0509348  0.0072127  0.334799 0.0209556  0.133737 -0.0278259   0.541592  0.0408841  0.00778817  0.00640969 0.000100169 -0.00619642 -0.00237671 -0.00221461 0.207956 0.168582 -9.80535 
             97.6998 -1.46017 -1.23095  85.1662  11.1381  5.97104 0.305615  -0.399048 -0.0484714 0.00678778  0.334853 0.0209441  0.133796 0.0049181  0.505421 0.0274151  0.00779738   0.0063945 8.53388e-05 -0.00614891 -0.00245529 -0.00255211 0.208205 0.168516 -9.80534 
             97.8001   -1.4789 -0.970722   87.0428  11.1449  6.02178 0.312135  -0.402992 -0.0471038  0.0146216  0.334809 0.0209471  0.133803 -0.00667096    0.468464   0.0554601  0.00780432  0.00636567 0.000110137 -0.00657019 -0.00250317 -0.00280751 0.208351 0.168756 -9.80533 
             97.8995  -2.16148 -0.760569   89.2333  11.1484  6.06446 0.314537  -0.403635 -0.0465269  0.0160588   0.33478 0.0209574   0.13375 0.00478102   0.473976 -0.0323167  0.00785056  0.00641957 0.000103808 -0.00646431 -0.00236294 -0.00286772 0.208492 0.168759 -9.80533 
             97.9998  -2.06767 -0.934047   92.0564  11.1416  6.11729 0.305365 -0.402758 -0.048736 0.0147122  0.334844 0.0209327  0.133774 -0.0432176   0.467158  0.0989796  0.00781882  0.00645518 7.06009e-05 -0.00634091 -0.00254018 -0.00213621 0.208313 0.168747 -9.80534 
             98.1002  -2.26885 -0.741481    95.065  11.1403  6.16389 0.308714  -0.402095 -0.0510804    0.01559  0.334809 0.0209712  0.133765 -0.0452467   0.463433 0.00464411  0.00784261  0.00646176 6.84524e-05 -0.00584091 -0.00224357 -0.00158319 0.208405 0.168774 -9.80533 
             98.1994  -1.94142 -0.650064   96.8745 11.1289 6.20298 0.30866  -0.399915 -0.0517062  0.0129463  0.334866 0.0209404  0.133693 -0.0995512    0.39996 0.00651386  0.00786536  0.00646847 0.000131224 -0.00551903 -0.00232235 -0.00142827 0.208343 0.168556 -9.80534 
             98.2999  -1.96191 -0.423036   97.7373  11.1153  6.24645 0.311383  -0.400732 -0.0514413  0.0118367  0.334817 0.0210115  0.133707  -0.16179  0.437718 -0.031428  0.00784635  0.00645363 0.000146592 -0.00573847  -0.0024767 -0.00186628 0.208278 0.168605 -9.80534 
             98.4002  -2.64843 -0.863941   98.0257  11.0977  6.29481 0.308962  -0.397909 -0.0514889 0.00985275  0.334719 0.0211194  0.133715 -0.141567  0.484087 0.0841532  0.00787573  0.00648664 0.000177138 -0.00588003 -0.00213919 -0.00150086 0.208192 0.168602 -9.80534 
             98.4995  -2.45073 -0.776323   98.4086  11.0889  6.33905 0.313439  -0.398649 -0.0507854  0.0113926 0.334777 0.020976 0.133716 -0.0922533   0.464072 0.00477039  0.00784006  0.00647679 0.000164648 -0.00566302 -0.00215639 -0.00154045 0.208341 0.168541 -9.80534 
             98.5999  -2.59673 -0.363969   99.3019  11.0786  6.38827 0.307618  -0.399229 -0.0585905  0.0119983  0.334919 0.0211203  0.133764  -0.103981   0.434593 0.00216566 0.00786664  0.0064808 0.00017667  -0.0046675 -0.00208598 -0.00076803 0.208264   0.1687 -9.80534 
             98.6998  -2.56141 -0.517214   100.768  11.0744   6.4419 0.309039  -0.398639 -0.0558269  0.0146331  0.334981 0.0212084  0.133786 -0.0907558   0.515956  -0.063265  0.00787196  0.00651135 0.000162055 -0.00561298 -0.00124886 -0.00140223 0.208275 0.169105 -9.80533 
             98.8003  -2.37906 -0.716542   102.104  11.0587  6.50039 0.311767  -0.398178 -0.0560409 0.00929132  0.334946 0.0212305  0.133744 -0.0994637   0.521565  0.0810426  0.00789869  0.00652922 0.000164449 -0.00614531 -0.00125897 -0.00144803 0.208036 0.169229 -9.80533 
             98.8997  -2.40814 -0.675027   102.938  11.0429  6.55707 0.318779  -0.390658 -0.0505596 0.00202009  0.334959 0.0212973  0.133717  -0.124566   0.505365 -0.0335924  0.00789149  0.00651096 0.000180905  -0.0075279 -0.00024499 -0.00229909 0.207795 0.169237 -9.80534 
             99.0001  -2.31358 -0.036736   103.363  11.0345  6.59635 0.319991  -0.389796 -0.0506312  0.0107659  0.334947 0.0212243  0.133619  -0.128057   0.445743 0.00768698  0.00789998   0.0064886 0.000161562  -0.00681636 -9.09084e-05  -0.00237959 0.208063  0.16905 -9.80534 
             99.1005 -2.24941  0.12585  103.172  11.0169  6.64566 0.310603  -0.394764 -0.0531181 0.00795218  0.335022 0.0212563  0.133632    -0.1835   0.515042 -0.0568189  0.00787418  0.00652147 0.000211896 -0.00658775 -0.00103034 -0.00169978  0.20797 0.169071 -9.80534 
             99.1998  -2.88658 -0.444461   102.944 11.0005 6.68507 0.31317  -0.396008 -0.0521458  0.0178691  0.334835 0.0209245  0.133866 -0.160885  0.508374 0.0715995  0.00789409  0.00655062 0.000210801 -0.00580953 -0.00174433 -0.00174099 0.208209  0.16863 -9.80534 
                99.3   -2.44967 -0.0905445    103.169  10.9832   6.7383 0.309467  -0.397555 -0.0548646  0.0148449 0.334838 0.020963 0.133874  -0.153408   0.467253 -0.0109066  0.00787381  0.00651637 0.000179622 -0.00565325 -0.00203339 -0.00134929 0.208084 0.168702 -9.80534 
             99.3994 -2.68805 0.542081  103.791  10.9718  6.77723 0.307933  -0.398964 -0.0565008  0.0206423  0.334889 0.0209408  0.133811  -0.149001   0.423126 -0.0384723  0.00789797   0.0064979 0.000178993 -0.00490985 -0.00212918 -0.00107549 0.208303 0.168642 -9.80534 
             99.4998 -2.68699 0.234314   104.67   10.953   6.8268 0.306324   -0.39694 -0.0568363  0.0187853  0.334945 0.0209306  0.133807  -0.193384   0.499985 -0.0170366  0.00789458  0.00654011 0.000169215  -0.0050942 -0.00182817 -0.00149298 0.208191  0.16868 -9.80534 
             99.6002 -2.84857 0.632928  105.208  10.9354  6.87455 0.317343  -0.394809 -0.0565012  0.0184362  0.334951 0.0209337  0.133812 -0.145746  0.498363 0.0209961  0.00790383  0.00652869 0.000168668 -0.00514702 -0.00161325  -0.0019053 0.208152 0.168617 -9.80534 
             99.6999 -2.29988 0.476645  105.616  10.9208  6.91832 0.314147  -0.395085 -0.0560491  0.0199624  0.334938 0.0209319  0.133804 -0.146869  0.412396 0.0152776  0.00788029  0.00652091 0.000162866 -0.00504904 -0.00177255 -0.00178875 0.208197 0.168529 -9.80534 
             99.7997 -2.28229 0.876392  105.959  10.9051  6.95992 0.315663   -0.39489 -0.0561789  0.0181526  0.334946 0.0209257  0.133816 -0.169252  0.399745 -0.016818  0.00789693  0.00653658 0.000178471 -0.00519585 -0.00168198 -0.00183136 0.208142 0.168593 -9.80534 
             99.9001  -2.4048 0.400562  105.778  10.8828  7.00867 0.310589  -0.396254 -0.0562719  0.0128931  0.334954 0.0209649  0.133755  -0.186292   0.474637 -0.0132266  0.00789688   0.0065414 0.000200025  -0.0056199 -0.00188005 -0.00165931 0.207979 0.168716 -9.80534 
             99.9993 -2.38926 0.166376  105.663  10.8677  7.05894 0.317202    -0.3953 -0.0572915  0.0107028  0.335049 0.0209684  0.133715 -0.173288   0.48963 0.0209534  0.00787396  0.00652705 0.000206377 -0.00552385 -0.00134047 -0.00184606 0.208033 0.168886 -9.80534 
               100.1 -2.30715 0.480227  106.087  10.8522  7.10917 0.317291  -0.396479 -0.0579422 0.00893591  0.335077 0.0209634  0.133719 -0.166188  0.434422 0.0398443  0.00789905  0.00651357 0.000184066 -0.00568273   -0.001266 -0.00179334 0.207987 0.169063 -9.80534 
               100.2 -2.66644 0.889939  106.778  10.8329  7.16157 0.316858  -0.397843 -0.0588839  0.0044848 0.335117 0.020908 0.133775  -0.145165   0.465443 -0.0618197 0.00792338 0.00655628  0.0001853   -0.006298 -0.00134833 -0.00172895 0.207707 0.169307 -9.80534 
               100.3 -2.32882  0.54784  107.623  10.8169  7.21025 0.310744  -0.399758  -0.057204 0.00478963  0.335084 0.0209004   0.13378 -0.183472   0.47802 0.0677374 0.00789173 0.00657359 0.00017628 -0.00648862 -0.00163145 -0.00144448 0.207761 0.169305 -9.80534 
               100.4  -2.4892 0.692368  108.265   10.801  7.25663 0.318202  -0.397645 -0.0577801  0.0061103  0.335068 0.0209247  0.133781  -0.181529   0.499753 -0.0401965  0.00791314  0.00657448 0.000187573 -0.00613653 -0.00127802 -0.00172888 0.207858 0.169242 -9.80534 
               100.5 -2.10968 0.822559  108.891  10.7845  7.30018 0.318565  -0.396477  -0.057264 0.00697572  0.335044 0.0209648  0.133774 -0.181179  0.423677 0.0344915 0.00789661 0.00652944 0.00020633 -0.00598357 -0.00106791 -0.00186673 0.207959 0.169191 -9.80534 
               100.6 -2.11657  1.21004  109.091  10.7556   7.3446 0.321282  -0.395117 -0.0583905 0.00565037  0.335039 0.0209832  0.133767  -0.248997    0.44397 -0.0146048 0.00790127 0.00653581 0.00016439 -0.00619341 -0.00138398 -0.00205504 0.207671 0.169056 -9.80534 
               100.7 -2.70929 0.407218  108.753  10.7307  7.38874 0.322328  -0.395023 -0.0577235 0.00693017 0.335014 0.020953 0.133814 -0.245696   0.47538  0.106136   0.0079241  0.00660761 0.000201636  -0.0061072 -0.00143981  -0.0020661 0.207737 0.168982 -9.80534 
               100.8 -2.49738 0.326817  108.731  10.7182  7.43462 0.331963  -0.395663   -0.05705 0.00864305  0.335099 0.0208901  0.133823  -0.18217  0.466611 0.0253005  0.00787715  0.00656989 0.000215101  -0.00571882 -0.000961519  -0.00210769 0.208068 0.169112 -9.80533 
               100.9 -2.49593 0.523243  109.327  10.7061  7.47614 0.331973   -0.39889 -0.0566194   0.010931    0.3351 0.0208599  0.133829 -0.169844  0.407407 0.0607167  0.00791543  0.00656381 0.000191644 -0.00544756  -0.0011635 -0.00164153 0.208289 0.169182 -9.80533 
             100.999 -2.65301 0.471646  110.146  10.6901  7.51729 0.330114  -0.399851 -0.0562565   0.010951  0.335101 0.0208737   0.13383  -0.168695   0.460269 -0.0312248  0.00788481  0.00655026 0.000167703 -0.00547709 -0.00136381 -0.00142499 0.208298 0.169161 -9.80533 
               101.1 -2.58793 0.306645  110.864  10.6704  7.56452 0.333577  -0.400284 -0.0564289    0.01032  0.335103 0.0208576  0.133826 -0.184189   0.44365  0.131069  0.00792084  0.00656321 0.000183351 -0.00556859 -0.00142895 -0.00137799  0.20825 0.169191 -9.80533 
               101.2   -2.30879 -0.0776177    111.885  10.6528  7.60722 0.335113  -0.401333 -0.0556771  0.0113869  0.335078 0.0208748  0.133843  -0.198245   0.415527 -0.0256052  0.00789106  0.00657098 0.000182913 -0.00551847 -0.00163277 -0.00122165 0.208321 0.169144 -9.80533 
               101.3 -2.18908 0.179987  112.338  10.6293  7.64367 0.327832  -0.404917 -0.0566542  0.0121351  0.335139 0.0208541  0.133809   -0.220328    0.359181 -0.00594626  0.00790064  0.00655623 0.000198786  -0.00532455  -0.00255396 -0.000586172 0.208275 0.169012 -9.80533 
               101.4 -2.22547 0.414992   112.36  10.6108  7.67949 0.320564  -0.406797 -0.0556396  0.0137946  0.335209 0.0208401   0.13381  -0.269843   0.399929 -0.0492787  0.00789433  0.00655773 0.000210428  -0.00518842   -0.0024914 -0.000202995 0.208484 0.169109 -9.80533 
               101.5   -2.88665 -0.0635222    112.742  10.5925  7.71959 0.323735  -0.406834 -0.0556423  0.0155996  0.335218 0.0207981  0.133719 -0.252291  0.428639 0.0520435  0.00791233  0.00658343 0.000209928  -0.00471357  -0.00202108 -0.000317407 0.208774 0.169211 -9.80532 
             101.599 -2.2407 0.34955 114.573  10.5746  7.76781 0.322399  -0.408815 -0.0551642  0.0228945  0.335055 0.0206447  0.133838   -0.210601    0.400589 -0.00578295  0.00790381  0.00656265 0.000163768  -0.00497018  -0.00159598 -0.000127393 0.208842 0.169566 -9.80531 
               101.7 -2.12933 0.814131  116.416  10.5495  7.80866 0.322486  -0.408854 -0.0560835  0.0231853  0.335122 0.0205657  0.133868  -0.209169   0.381013 -0.0295168 0.00790246 0.00656909 0.00016227  -0.00511716  -0.00169563 -6.53072e-05 0.208694 0.169584 -9.80531 
             101.799 -2.29151 0.609147  118.343  10.5288  7.84485 0.319713  -0.407747 -0.0548818  0.0207076  0.335177 0.0207159  0.133871  -0.261716   0.432179 -0.0347142  0.00792653   0.0066001 0.000155115  -0.00494544  -0.00170146 -0.000312802 0.208821 0.169429 -9.80531 
               101.9 -2.49864 0.848014  119.683 10.5039 7.88766 0.32537  -0.407869 -0.0549688  0.0209091  0.335185 0.0206932  0.133875 -0.236438  0.432598 0.0476049   0.0079316  0.00659596 0.000178551  -0.00502781  -0.00171473 -0.000287549 0.208781  0.16945 -9.80531 
             101.999 -1.84247   0.6744  121.235  10.4701   7.9242 0.323316  -0.404575 -0.0571239  0.0177316  0.335318 0.0206703  0.133763 -0.270362  0.355627 0.0123582  0.00790594  0.00659413 0.000168341   -0.0048592  -0.00198734 -0.000108435 0.208554 0.169122 -9.80532 
               102.1 -1.73808  1.04956  123.018  10.4414  7.96064 0.318132   -0.40659 -0.0585263  0.0188947   0.33534 0.0205878  0.133786 -0.302926  0.331342 -0.014964  0.00787821   0.0066115 0.000170429 -0.00481428 -0.00219189 0.000475371 0.208493 0.169217 -9.80532 
               102.2 -1.79883  0.74698  124.141  10.4071  7.99717 0.319232  -0.407232 -0.0595588  0.0192758 0.335364 0.020579 0.133777 -0.353472   0.37663 0.0159882   0.0079156  0.00660209 0.000190484  -0.0047901   -0.002239 0.000226588 0.208433 0.169268 -9.80532 
               102.3  -2.07024 0.0919102   124.857  10.3664  8.04328 0.328307 -0.408529 -0.062884 0.0219449 0.335448 0.020643 0.133622  -0.34627   0.39751 0.0592882  0.00790892  0.00664113 0.000198475 -0.00494637 -0.00230667 5.41102e-05 0.208128 0.169445 -9.80533 
               102.4 -1.88277 0.616589  126.158  10.3373  8.07717 0.331904  -0.409018 -0.0613643  0.0208478 0.335445 0.020616 0.133618 -0.312444  0.343214 0.0307935  0.00790902  0.00661118 0.000183559  -0.00487565    -0.002378 -9.16965e-07 0.208279 0.169404 -9.80533 
               102.5 -2.33807 0.993751  128.481    10.32  8.10571 0.326632  -0.409111 -0.0601687  0.0175116  0.335414 0.0207717   0.13345  -0.274536    0.33555 -0.0638822  0.00793799  0.00662221 0.000147905 -0.00418075 -0.00192848 0.000451963 0.208755 0.169497 -9.80531 
               102.6 -2.13507 0.851057   131.27  10.2842  8.14276 0.319282  -0.408547 -0.0609142  0.0199478  0.335496 0.0206853   0.13346 -0.309465  0.328352 0.0368098  0.00793231  0.00665943 0.000144884 -0.00446113 -0.00202271 0.000645846 0.208544 0.169458 -9.80532 
               102.7 -2.03127 0.827608  133.576  10.2435  8.18502 0.326071   -0.40966 -0.0612508  0.0244516  0.335522 0.0204677  0.133443  -0.349034    0.35692 -0.0204494  0.00793884  0.00665123 0.000151074 -0.00529927 -0.00215173 0.000374051 0.208131 0.169588 -9.80533 
               102.8 -1.48229 0.705433  134.839  10.2017   8.2228 0.331152  -0.409193 -0.0629018  0.0240082  0.335536 0.0205098  0.133392  -0.36475   0.30892 0.0357582  0.00790348  0.00665359 0.000194438  -0.00564548  -0.00211382 -4.47897e-05 0.207832 0.169636 -9.80533 
               102.9 -1.60841 0.818583  136.333    10.16  8.24923 0.335801  -0.40882 -0.063021 0.0229853  0.335493 0.0205083  0.133373   -0.423687    0.296635 0.000478607  0.00791447  0.00666656 0.000213967  -0.00564089   -0.0024848 -0.000286504 0.207783 0.169433 -9.80534 
                 103 -2.09854 0.221354  137.826  10.1148   8.2823 0.332083  -0.406603 -0.0635027  0.0227181  0.335445 0.0205881  0.133323 -0.452472  0.303195 0.0894377  0.00794847  0.00668812 0.000218555 -0.00571243 -0.00196147 0.000128161 0.207726 0.169517 -9.80534 
               103.1 -2.28941 -0.22599  139.008  10.0711  8.31066 0.344043  -0.410019 -0.0611155  0.0215733  0.335496 0.0204967  0.133378 -0.421068   0.30101 0.0224376  0.00792903  0.00668055 0.000221442  -0.00592216  -0.00270261 -0.000308125 0.207807 0.169427 -9.80533 
               103.2  -2.36065 0.0111077    140.43  10.0316  8.34456 0.344927   -0.41063 -0.0642825   0.028036  0.335582 0.0205593  0.133343 -0.393914  0.271954 0.0230032  0.00794996  0.00667156 0.000218685  -0.00549903    -0.002248 -2.28744e-05 0.207784 0.169697 -9.80533 
             103.299 -2.75642 -0.17406  142.192  9.99898   8.3747 0.341427  -0.412091 -0.0644969  0.0319625  0.335605 0.0205722  0.133288  -0.412186    0.30962 -0.0693169  0.00795479  0.00672774 0.000221799 -0.00506285 -0.00200547 8.21001e-05 0.208002 0.169908 -9.80532 
               103.4    -2.73151 -0.00271714     144.569   9.9524  8.40586 0.334862  -0.411835 -0.0670699  0.0310327  0.335665 0.0205489  0.133303 -0.422763  0.294876  0.101592  0.00794982  0.00669066 0.000191553  -0.0049252 -0.00213826 0.000516964 0.207848 0.169841 -9.80533 
             103.499  -2.49433 -0.281717   147.347  9.90702  8.43516 0.341056  -0.411645 -0.0658441  0.0292276 0.335718 0.020538 0.133278  -0.441234   0.265979 0.00553014  0.00796277  0.00669295 0.000207738 -0.00528092 -0.00223745 0.000321798 0.207773 0.169782 -9.80533 
               103.6  -2.06435 -0.234633    149.04 9.86294 8.46198 0.33828  -0.414209 -0.0692876  0.0340265  0.335696 0.0204368  0.133348  -0.432375   0.206784 -0.0145179  0.00794424  0.00672392 0.000203265 -0.00487172 -0.00238309 0.000714331  0.20769 0.169931 -9.80533 
               103.7   -2.0104 -0.316558   149.698  9.82529  8.48288 0.335697  -0.416058 -0.0670977  0.0432625  0.335824 0.0204028  0.133425  -0.483556    0.17851 -0.0609043  0.00795734  0.00671998 0.000241709 -0.00468799 -0.00211634 0.000624127 0.207971 0.170193 -9.80532 
             103.801  -2.68252 -0.997499   149.766  9.77409  8.50085 0.336914  -0.416913 -0.0652696  0.0399644  0.335703 0.0203815  0.133464 -0.488745  0.217177 0.0531168  0.00796725  0.00676041 0.000266073 -0.00505779 -0.00255628 0.000472571 0.207942 0.170053 -9.80532 
               103.9  -2.47785 -0.734483    150.46   9.7361  8.52015 0.343797  -0.421417 -0.0579792  0.0433524  0.335724 0.0201549  0.133434    -0.419052     0.208954 -3.96722e-05  0.00797624  0.00675361 0.000261229   -0.0056148  -0.00323722 -9.61875e-05 0.208282 0.170087 -9.80531 
                 104   -2.53014 -0.0692431    152.683  9.69402  8.53648 0.338069  -0.419598 -0.0669376  0.0373855   0.33587 0.0201681  0.133434  -0.396497   0.188359 -0.0451994 0.00797056 0.00673903 0.00020218 -0.00412744 -0.00325224 0.000528779 0.208257 0.169937 -9.80532 
               104.1  -2.34459 -0.125443   155.037   9.6535  8.54793 0.334049  -0.417596 -0.0641309  0.0260651  0.336015 0.0202257  0.133352   -0.45473   0.187141 -0.0564803  0.00796432  0.00673371 0.000206798 -0.00429904 -0.00366528 0.000207203 0.208424 0.169577 -9.80532 
             104.199 -2.39223 0.186007  156.689 9.60613  8.5624 0.34098  -0.416909 -0.0608244  0.0194071  0.336066 0.0201984  0.133364 -0.458898  0.185232 0.0574615  0.00799168  0.00674207 0.000227316  -0.00505342  -0.00393325 -9.36917e-05 0.208344 0.169387 -9.80532 
               104.3 -2.10956 0.288545  157.728  9.56034  8.58393 0.346852  -0.414744 -0.0552132  0.0244014  0.336052 0.0202369  0.133407 -0.434028  0.145882 0.0311543  0.0079894 0.00675377 0.00023882  -0.00612403  -0.00314263 -0.000563724 0.208282  0.16958 -9.80532 
               104.4 -2.04982 0.717662   158.04  9.52183  8.60635 0.347987  -0.419835 -0.0611829  0.0416911  0.336338 0.0202138  0.133454 -0.419316  0.136169 0.0473735  0.00799608  0.00675881 0.000267391  -0.00502271  -0.00303036 -8.42936e-05 0.208282  0.17005 -9.80531 
               104.5 -2.14783  0.63037  157.965  9.48027  8.61768 0.347117  -0.421277 -0.0616821  0.0457034  0.336331 0.0200897  0.133446 -0.480405   0.14555 0.0145214  0.00800133  0.00678114 0.000294416 -0.00454328 -0.00329671 0.000164087 0.208474 0.170055 -9.80531 
               104.6 -2.56989 0.325287  158.442  9.43409  8.62329 0.350276   -0.4192 -0.058921 0.0398359  0.336071 0.0199771  0.133601 -0.486385  0.141035  0.034934  0.00800871  0.00678718 0.000277061  -0.0046071 -0.00371851 0.000254836 0.208711 0.169703 -9.80531 
               104.7 -2.05729 0.749033  160.157  9.39237  8.63196 0.346097  -0.418142 -0.0611612  0.0376303   0.33605 0.0199463  0.133589 -0.419228 0.0938199 0.0136844  0.00798191    0.006768 0.000246704 -0.00382222 -0.00383497 0.000612945 0.208921 0.169584 -9.80531 
             104.799 -2.26628  1.26186  162.021  9.35337  8.65031 0.343966  -0.420573 -0.0623453  0.0492172  0.335857 0.0199272  0.133545  -0.402149    0.12051 -0.0745131  0.00801971  0.00678767 0.000235608 -0.00363737 -0.00334055 0.000716651 0.208858 0.170016  -9.8053 
               104.9 -2.14947  1.08582  163.819  9.30307  8.66319 0.340189  -0.420229 -0.0617275  0.0486968  0.335964 0.0198005   0.13352 -0.453959  0.112726  0.019232  0.00801978  0.00680853 0.000233393 -0.00428525 -0.00334055 0.000311244 0.208598 0.169949 -9.80531 
             104.999 -1.95051  1.22095  165.714   9.2557  8.67469 0.349662 -0.419412 -0.059747 0.0492023  0.335969 0.0197699  0.133514 -0.470907 0.0996283 0.0129177  0.00802078  0.00681191 0.000227344  -0.00479689  -0.00310225 -3.24312e-05 0.208507 0.169981 -9.80531 
             105.099 -1.18736 0.985332  167.813  9.21366  8.68713 0.354247  -0.419959 -0.0556959  0.0519318   0.33585 0.0199211  0.133681 -0.431016 0.0562978 0.0171212 0.00798745 0.00679353  0.0002222  -0.00521807  -0.00263547 -0.000420056 0.208596 0.170271  -9.8053 
               105.2 -1.46102  1.17417   169.02    9.162  8.69647 0.351317  -0.419908 -0.0584265  0.0547503  0.335839 0.0198536  0.133649  -0.474727  0.0266078 -0.0166488  0.00801931   0.0068052 0.000255851   -0.0055027  -0.00224236 -6.54878e-05   0.2082 0.170392 -9.80531 
               105.3 -1.92089  0.66602  169.526  9.10273  8.69239 0.343618  -0.415305 -0.0585717  0.0502103  0.335591 0.0200646  0.133715   -0.556357   0.0339602 -0.00512915  0.00803473  0.00683225 0.000281234  -0.0061288 -0.00223151 0.000357175  0.20796 0.169964 -9.80532 
               105.4 -1.60324 0.558283  170.333  9.05187  8.70014 0.352625  -0.422773 -0.0542195  0.0540764   0.33579 0.0199774  0.133738  -0.533077   0.057299 -0.0293156  0.00800014  0.00680842 0.000259357  -0.00647163  -0.00301183 -0.000400882 0.208104 0.170238 -9.80531 
             105.499 -1.26524  1.14353  172.627  9.00532  8.70207 0.357789  -0.425973 -0.0472649  0.0486862  0.335689 0.0200351  0.133691 -0.487461 0.0308841 0.0263747   0.0080166  0.00677439 0.000221665  -0.00728522  -0.00377325 -0.000994291 0.208308 0.170182 -9.80531 
               105.6 -1.79435  1.47074  175.632   8.9666  8.71135 0.351575 -0.423961 -0.052065 0.0489393 0.335493 0.020409 0.133444  -0.494466  0.0618911 -0.0836914 0.00806356 0.00681817 0.00019731  -0.00557786  -0.00292209 -0.000660647 0.208668  0.17053  -9.8053 
               105.7 -1.55029  1.54912  178.171  8.90922  8.71335 0.341991  -0.425073 -0.0543729  0.0499224  0.335591 0.0202395  0.133493 -0.514685 0.0142225 0.0264834  0.00805602  0.00684158 0.000238783  -0.00570445  -0.00322124 -0.000161033 0.208434 0.170414  -9.8053 
             105.799 -1.68638  1.75631  179.913  8.85066  8.71736 0.335713  -0.425244 -0.0565719  0.0524039  0.335585 0.0201744  0.133526  -0.532531 0.00759677 -0.0778452  0.00805339  0.00687511 0.000252869 -0.00585762 -0.00305266 0.000251841 0.208158 0.170436 -9.80531 
               105.9 -1.51996  2.19646 -179.427  8.79905  8.71521 0.330323  -0.425259 -0.0576057  0.0512825  0.335585 0.0201797  0.133537  -0.489933 -0.0327394 -0.0314767 0.00807008 0.00684225 0.00028511 -0.00577986 -0.00313302 0.000398809 0.208123 0.170387 -9.80531 
                 106 -1.56983  2.30912  -179.42  8.74729  8.70444 0.324106  -0.424549 -0.0570603  0.0472307  0.335372 0.0202306  0.133532  -0.539893 -0.0954405 -0.0893459  0.00804706   0.0068624 0.000304341 -0.00596786 -0.00346049 0.000376705 0.208145 0.170167 -9.80531 
               106.1  -2.2601  1.61357 -179.617   8.6914  8.69513 0.328524  -0.427027 -0.0574854  0.0477381  0.335435 0.0202363  0.133517 -0.552324 -0.065681 0.0870559   0.0080465  0.00688784 0.000308708  -0.00605304  -0.00397501 -5.43241e-05 0.208085 0.170097 -9.80532 
             106.199 -2.33301  1.72474 -179.337   8.6331  8.68697 0.333322  -0.425563 -0.0578474  0.0452718  0.335284 0.0203753  0.133511  -0.535137 -0.0463336  0.0213308 0.00802571 0.00689426 0.00028878   -0.0063021  -0.00405105 -0.000128081 0.207993 0.169897 -9.80532 
               106.3 -2.52743   2.1706 -178.666  8.58861  8.67926 0.338365  -0.425688 -0.0539613  0.0475262  0.335209 0.0201907  0.133488    -0.484763   -0.0525355 -0.000625564  0.00804626  0.00687996 0.000285917  -0.00635556  -0.00423793 -0.000337388 0.208303 0.169919 -9.80532 
               106.4 -2.46622  1.68053 -177.894  8.5463 8.67588 0.33625  -0.426954 -0.0486864  0.0528016  0.335195 0.0200843  0.133595  -0.546898 -0.0466314 -0.0636777  0.00803438  0.00690097 0.000288814  -0.00640712  -0.00439203 -0.000477683 0.208686 0.170088  -9.8053 
               106.5 -2.40243   1.8955   -177.3  8.49288  8.66779 0.339871  -0.425599 -0.0488271  0.0506117   0.33518 0.0200998  0.133562  -0.537067 -0.0386246  0.0672144  0.00802498  0.00690217 0.000290992  -0.00653104  -0.00458606 -0.000501551 0.208692 0.169869 -9.80531 
               106.6 -1.73396  1.21416 -176.817  8.44408  8.66459 0.333212  -0.436004 -0.0486952   0.058292  0.335007 0.0198819  0.133661  -0.474096 -0.0545587 -0.0250298  0.00801211  0.00692984 0.000302459 -0.00621685 -0.00622932 0.000145148 0.208825 0.169993  -9.8053 
             106.699 -1.41659  1.31141 -176.856   8.4093  8.66395 0.338698  -0.430462 -0.0437501  0.0716903  0.335011 0.0199134  0.133814  -0.416403 -0.0565768 -0.0128845  0.00802097  0.00687814 0.000310352  -0.00617217  -0.00486496 -0.000415604 0.209162 0.170318 -9.80529 
               106.8 -1.39308    1.001 -177.338    8.365  8.65712 0.344062  -0.424669 -0.0434931  0.0725617  0.335058 0.0199262  0.133832   -0.515434   -0.095284 -0.00395317   0.0080328  0.00685418 0.000324925 -0.00615083  -0.0037877 -0.00114674 0.209176 0.170359 -9.80529 
               106.9 -2.17224 0.175668 -177.917  8.29883  8.64828 0.360707  -0.424263 -0.0424569  0.0732479   0.3351 0.019819 0.133859 -0.771159 -0.032974 0.0923934  0.00804599  0.00689354 0.000348492 -0.00643231 -0.00391421 -0.00154768 0.209166 0.170248 -9.80529 
                 107 -1.97183  1.88738 -177.946  8.22467  8.65733 0.350601  -0.431368 -0.0681908  0.0938302  0.335837 0.0198704  0.133533  -0.846375   0.052249 -0.0899743  0.00805126  0.00687834 0.000304539  -0.00144164  -0.00440013 -0.000388208 0.209301 0.170668 -9.80528 
               107.1  -1.5161  2.05513 -176.987  8.12825  8.65705 0.339245  -0.429728 -0.0667478  0.0637928  0.335936 0.0198207  0.133567  -1.07478 0.0804825 -0.120792  0.00803258  0.00689552 0.000281626  -0.00202365  -0.00487401 -0.000425096 0.209272   0.1703 -9.80529 
             107.199 -0.807594    1.9759  -174.745   8.0067  8.66306 0.343165  -0.421096 -0.0440192  0.0847333  0.335717 0.0195785  0.133744    -1.18243 -0.00312319   -0.076859  0.00802388  0.00690701 0.000238126  -0.00654713  -0.00263342 -0.000863576 0.208872   0.1705 -9.80529 
               107.3 -2.61873  2.52083 -172.495   7.8738  8.65219 0.340751 -0.405856 0.0385505  0.082662  0.335762 0.0177838   0.13393  -1.19618 -0.155973   -0.1627  0.00813389  0.00692207 0.000213714  -0.0219355 0.000162049 -0.00245503 0.208313 0.170339 -9.80531 
             107.399 -2.41704  2.52812   -170.1 7.75656 8.63085 0.33163 -0.405071 0.0530246 0.0797045  0.335832 0.0179164  0.133932   -1.26162  -0.284766 -0.0751846  0.00804131     0.00692 0.000237437  -0.0241237 0.000178054  -0.0028112 0.208466 0.170342 -9.80531 
               107.5  -2.2705  2.40689 -168.444  7.62957  8.59259 0.326833 -0.410348 0.0554451 0.0489264  0.336038 0.0182064  0.134013   -1.36496  -0.354544 0.00655189  0.00802597  0.00693363 0.000265799  -0.0238881 -0.00135057 -0.00300379 0.208855  0.17022  -9.8053 
               107.6 -1.70768  2.55051 -167.223  7.50552  8.54558 0.335982  -0.435523  0.0829968 -0.0338809   0.33632 0.0184882  0.133819  -1.25891 -0.332235 -0.025767  0.00802532  0.00694465 0.000285631  -0.0282845 -0.00723657 -0.00389367 0.209269 0.169673  -9.8053 
               107.7 -1.46174  3.36558 -165.651  7.39091  8.50486 0.345303  -0.457352   0.116422 -0.0726861  0.336095 0.0188169  0.133652    -1.22234   -0.378517 -0.00363904  0.00803302   0.0068638 0.000285791  -0.0335041  -0.0117299 -0.00527349 0.209628 0.169476  -9.8053 
             107.799 -1.01441  2.85798  -163.22 7.26327 8.47019 0.33639  -0.449915   0.112632 -0.0586951   0.33588 0.0187292  0.133789  -1.34312 -0.522418  0.064739   0.0080375  0.00694268 0.000241895  -0.0325285 -0.00986427 -0.00458099  0.20965 0.169791 -9.80529 
               107.9 -1.18755  2.79625 -160.332 7.12075 8.41361 0.33461  -0.445516   0.108419 -0.0500801  0.335808 0.0184918  0.133645   -1.26129  -0.532946 -0.0597323  0.00807285  0.00694609 0.000226048  -0.0329429 -0.00927128 -0.00396936 0.209211  0.16947  -9.8053 
                 108 -1.25968  2.66747 -158.802  6.98508  8.34635 0.330785    -0.4521   0.106505 -0.0390556  0.335878 0.0183308  0.133523  -1.22032 -0.620731 -0.125057  0.00803343  0.00692593 0.000279672 -0.0338524 -0.0108325 -0.0047105 0.208795  0.16899 -9.80532 
               108.1 -1.59617  2.60381 -157.641  6.86353  8.28768 0.311266  -0.438005   0.108354 -0.0442235  0.335921 0.0184389  0.133484  -1.29226 -0.692937 -0.160389  0.00806297  0.00696018 0.000300741  -0.0338683 -0.00802014 -0.00396208 0.208825 0.169234 -9.80532 
               108.2 -2.12648   1.9164 -157.269  6.73783  8.21808 0.296635   -0.42865   0.111658 -0.0546433  0.335752 0.0183716  0.133629   -1.25695  -0.647195 -0.0458122  0.00808195   0.0069704 0.000327408  -0.0339143 -0.00665202 -0.00345036 0.209092 0.169274 -9.80531 
               108.3 -0.77012  2.94274 -156.339  6.62601   8.1537 0.306162  -0.462889   0.116378 -0.0845105  0.334883 0.0189725  0.133386  -1.16172 -0.614395 -0.114479  0.00797869  0.00678956 0.000302397  -0.0337953  -0.0131356 -0.00543014 0.209594 0.169275  -9.8053 
               108.4 -0.448533   2.80993   -154.08 6.50894 8.10996 0.29091 -0.459308   0.11576 -0.092493  0.334996 0.0188786  0.133608  -1.23958 -0.587277 -0.183564  0.00805113  0.00695611 0.000278804  -0.0331894  -0.0112517 -0.00524012 0.209456 0.169919 -9.80529 
               108.5 -0.044244   2.53091  -151.243  6.38666  8.04805 0.285315 -0.458521  0.109346 -0.101316  0.334993 0.0190162  0.133657  -1.20413 -0.683158 0.0189774  0.00807019   0.0069458 0.000266831  -0.0316058  -0.0109115 -0.00579026 0.209579 0.170131 -9.80528 
               108.6 -1.71244  3.24192  -149.19  6.26723  7.97577 0.269855  -0.457074   0.111552 -0.0980215  0.335054 0.0191279  0.133745  -1.08491 -0.757872 -0.179212  0.00814117  0.00693232 0.000292505  -0.0325302  -0.0106493 -0.00554164 0.209367 0.169987 -9.80529 
               108.7 -1.20699  2.48304 -147.538  6.15818  7.89329 0.248125  -0.455903   0.113251 -0.0937573  0.335034 0.0191275  0.133734  -1.05639 -0.842388 -0.189817  0.00798081  0.00701855 0.000313037  -0.0331435  -0.0105831 -0.00538507 0.209286 0.169843  -9.8053 
               108.8 -0.764541   2.90764  -144.912  6.03469  7.80416 0.259079  -0.505874   0.099223 -0.0978293  0.334758 0.0195264  0.133763  -1.22126  -1.01462 -0.132866  0.00798316  0.00698567 0.000274279  -0.0311456  -0.0184145 -0.00794149 0.208903 0.170008  -9.8053 
               108.9 -1.13464   3.1821 -142.228  5.91295  7.71287 0.276137  -0.547016   0.105786 -0.0858785  0.334403 0.0193644  0.133702  -1.05968 -0.891175 0.0697071  0.00801862  0.00699977 0.000281824  -0.0327202  -0.0246457 -0.00955488 0.208503 0.170167 -9.80531 
                 109 -0.611503   3.41847  -139.885 5.80882 7.63236 0.29007   -0.57342   0.109955 -0.0943261  0.334201 0.0196107  0.133725   -0.966396   -0.869182 -0.00728897 0.00800837 0.00697638 0.00027055 -0.0332232 -0.0284774 -0.0105418  0.20836 0.170489  -9.8053 
               109.1 -0.648126   2.66751  -136.836  5.70928  7.53316 0.284175 -0.565914   0.11189 -0.085036  0.334187 0.0195403  0.133672   -1.03779   -1.07895 -0.0166993  0.00801756  0.00698581 0.000283834 -0.0337704 -0.0275211 -0.0102609 0.208397 0.170297 -9.80531 
               109.2  -1.2463  2.91586 -133.818   5.6143  7.42293 0.277944   -0.53809   0.124382 -0.0840101  0.334301 0.0198292  0.133766 -0.924898   -1.0066 -0.029741  0.00805243   0.0070134 0.000279507  -0.0359043  -0.0233381 -0.00897039 0.208593 0.170099 -9.80531 
               109.3 -0.921948   2.20686  -131.591  5.52653  7.31501 0.274958   -0.54044   0.119936 -0.0645071  0.334313 0.0198157  0.133598 -0.771877  -1.01931 -0.112311  0.00798297  0.00705569 0.000336982  -0.0358937  -0.0239937 -0.00920514 0.208441 0.169751 -9.80532 
               109.4 -1.50213  1.49103 -130.104  5.45709  7.19973 0.258225   -0.53146   0.124904 -0.0463964  0.334034 0.0199441  0.133542 -0.702372  -1.11511 -0.149298   0.0080192  0.00701329 0.000339462  -0.0371607  -0.0232741 -0.00887276 0.208603 0.169327 -9.80532 
               109.5  -2.1028  1.17227 -129.207  5.37776  7.08142 0.249952  -0.530172   0.125219 -0.0383942  0.334004 0.0201316  0.133454 -0.801767  -1.13929 0.0610309  0.00801454  0.00703088 0.000349642  -0.0376715  -0.0230172 -0.00888028 0.208452 0.169173 -9.80533 
               109.6 0.0783194    1.7429  -127.956  5.30762  6.97296 0.277712 -0.566609  0.110696  -0.06131  0.332984 0.0219015  0.133167 -0.775238  -1.00017 0.0505305  0.00785819  0.00698046 0.000314729 -0.0349177 -0.0301883 -0.0110232 0.208837 0.168983 -9.80532 
               109.7 -0.347059   3.11806  -126.366  5.22988  6.87838 0.284433   -0.56872   0.106411 -0.0689191 0.332479  0.02193 0.133062  -0.815096   -0.99008 -0.0199462  0.00800816  0.00689624 0.000321811 -0.0338312 -0.0303554 -0.0118059 0.208867  0.16916 -9.80532 
               109.8 0.081556  3.11004 -125.207  5.15039  6.76037 0.260891  -0.593425    0.12345 -0.0550446  0.332642 0.0217814  0.132961   -0.869515    -1.19608 -0.00794521  0.00804434  0.00701857 0.000344811 -0.0370336 -0.0356242 -0.0100532 0.209186 0.168775 -9.80532 
               109.9 0.284254   3.0754 -124.151  5.07307  6.64245 0.251958  -0.616545   0.124227 -0.0576624  0.332441 0.0218459  0.132928  -0.753722   -1.10019 -0.0604781  0.00804078  0.00703899 0.000336697  -0.0374436  -0.0402603 -0.00896302  0.20936 0.168502 -9.80532 
                 110 0.194752  2.78858 -124.272   5.0079    6.516 0.235845  -0.618191   0.124458 -0.0736147  0.331861 0.0221885   0.13286 -0.683181  -1.12842 -0.161088  0.00805174  0.00705061 0.000391323   -0.038159  -0.0418276 -0.00854336 0.209644 0.167904 -9.80532 
               110.1 0.129962  2.56077 -124.296 4.93712 6.40111 0.22476 -0.617156  0.123337 -0.072572  0.331969 0.0221281  0.132861 -0.752799  -1.22943 -0.114312  0.00803832  0.00707034 0.000365757   -0.037924  -0.0415227 -0.00877335 0.209608 0.167953 -9.80532 
               110.2 -0.654034   1.66861  -125.188  4.86378  6.27793 0.224659  -0.619899   0.124492 -0.0641911  0.331844 0.0218616  0.133033 -0.797763  -1.16632 0.0338595   0.0080583  0.00706915 0.000415915 -0.0377361 -0.0423898 -0.0090331 0.209872 0.167986 -9.80532 
               110.3 0.145777  2.09245 -127.075  4.78824  6.15293 0.226541  -0.614026    0.13248 -0.0820804  0.331098 0.0225446  0.132927 -0.791979   -1.1028 -0.143486  0.00802838  0.00693075 0.000453854 -0.0396694 -0.0425278  -0.010084 0.210137 0.167461 -9.80532 
               110.4 0.100316  2.83945 -129.173  4.69546  6.05388 0.218665  -0.61453   0.12912 -0.070156  0.331886 0.0223136  0.132905  -0.950418    -1.1326 -0.0960348  0.00804543  0.00701477 0.000462891 -0.0388673 -0.0414443 -0.0101965 0.209762 0.167854 -9.80532 
               110.5 0.00769887    3.17291   -130.715   4.5956  5.94364 0.218168  -0.606853    0.12737 -0.0560606 0.331946 0.022005 0.132803  -0.939966   -1.07566 0.00527574  0.00802254  0.00701369 0.000395706 -0.0380473 -0.0397175 -0.0106851 0.209756 0.168144 -9.80532 
             110.599 0.0517694   3.74443  -131.773  4.50242  5.85136 0.220579  -0.590521   0.132815 -0.0380671  0.332043 0.0218787   0.13272  -0.825508  -0.978163 -0.0852933  0.00801634  0.00700183 0.000384462 -0.0386075 -0.0359927  -0.011457 0.209524 0.168504 -9.80531 
               110.7 0.289824  2.59787 -133.193  4.41782  5.75213 0.218107  -0.582807     0.1305 -0.0445371 0.332239 0.021956 0.132655   -0.834301    -0.96296 0.000306645  0.00802233  0.00701189 0.000398867 -0.0385096 -0.0346742 -0.0118367 0.209433 0.168394 -9.80532 
             110.799 0.0712124   2.34287  -134.519  4.32641  5.65754 0.218766 -0.582536   0.13038 -0.044267  0.332252 0.0219346  0.132697  -0.989216   -1.03766 0.00503486  0.00803987  0.00701309 0.000392415 -0.0382494 -0.0342989 -0.0118168  0.20938 0.168571 -9.80532 
               110.9 -0.471706   1.79036  -135.689  4.21754  5.56348 0.223438  -0.583124   0.129404 -0.0550854  0.332242 0.0219533  0.132542  -0.993245  -0.926914 -0.0161547  0.00804047  0.00700209 0.000381728 -0.0382141 -0.0336553 -0.0117122 0.209069 0.168738 -9.80532 
             110.999 0.228487  2.60635 -136.177  4.13571  5.45198 0.202346  -0.591887   0.128616 -0.0499495   0.33297 0.0216144   0.13243    -0.9164  -0.931179 -0.0912861  0.00800785  0.00695077 0.000375872  -0.038827 -0.0370392 -0.0103413 0.209529 0.167958 -9.80532 
             111.099 0.284016  2.92008 -136.208  4.02673  5.36193 0.194103  -0.591632    0.12831 -0.0594227 0.332637 0.021566 0.132475   -1.07566   -1.01536 -0.0912487  0.00804793  0.00696702 0.000340372 -0.0388446 -0.0360401 -0.0104297 0.209173 0.168211 -9.80533 
               111.2 0.595278   2.7333 -135.831  3.92184  5.26132 0.196187  -0.589323   0.127979 -0.0574297  0.332581 0.0217019  0.132473  -1.01158 -0.976818 -0.019406  0.00803367  0.00697443 0.000337444 -0.0385226 -0.0355823 -0.0106182 0.209229 0.168316 -9.80532 
             111.299 0.538456   2.6949 -135.173  3.83434   5.1436 0.201913  -0.575513   0.135139 -0.0630288 0.333429 0.021237  0.13251   -0.89269   -1.03558 -0.0940802   0.0079368  0.00696156 0.000320471 -0.0406212 -0.0346996 -0.0119732  0.20946 0.167585 -9.80533 
             111.399 -0.135703   2.23793   -134.01  3.74189  5.05538 0.189883  -0.574333   0.135283 -0.0717443  0.332615 0.0217875  0.132307 -0.897437  -1.07678 -0.075259  0.00805406  0.00699244 0.000323409 -0.0398452  -0.033391 -0.0114627 0.209321 0.168178 -9.80532 
               111.5 -0.266037   2.18042  -133.249  3.64916  4.95297 0.181003  -0.570002   0.135029 -0.0832321  0.332303 0.0221767  0.132258 -0.931076   -1.1363 0.0633295  0.00804143  0.00698945 0.000328062 -0.0389225 -0.0321446 -0.0112315 0.209402 0.168623 -9.80531 
             111.599 0.113463  2.46917 -132.775  3.55871  4.85401 0.178406 -0.573586  0.135875 -0.087632  0.332183 0.0223029   0.13224  -0.88878 -0.991002 -0.113608  0.00801653  0.00698686 0.000314914 -0.0386678  -0.032499 -0.0115026 0.209429 0.168834 -9.80531 
               111.7 0.254081  3.00632 -131.805  3.47676  4.75743 0.175995  -0.585466   0.140141 -0.0935798  0.331933 0.0225451  0.132189  -0.861661  -0.986848 -0.0974914  0.00800223  0.00698763 0.000331152 -0.0391017 -0.0347387 -0.0125989 0.209577 0.168873 -9.80531 
               111.8 0.214163  2.58037 -130.572  3.38321  4.65212 0.166179  -0.584993   0.139594 -0.0944964  0.331885 0.0225296  0.132194  -0.897272   -1.17993 0.00707055  0.00804512  0.00701587 0.000306871 -0.0389997 -0.0344378 -0.0126632 0.209505 0.168939 -9.80531 
             111.899 0.201863  2.46977 -128.923  3.29973  4.54249 0.173087   -0.58569   0.139748 -0.0942376  0.331917 0.0225295  0.132193  -0.775256   -1.07208 -0.0151826  0.00803931  0.00701051 0.000300381 -0.0390492  -0.034647 -0.0127298 0.209529 0.168905 -9.80531 
                 112 -0.0997634    2.28239   -127.762  3.22487   4.4283 0.169569  -0.587259   0.138599 -0.0881344  0.332016 0.0224297  0.132185  -0.703397   -1.07668 -0.0824221  0.00798373  0.00700933 0.000313428 -0.0393231 -0.0351889  -0.013069 0.209495 0.168666 -9.80531 
               112.1 -0.349871   2.33905  -126.751  3.15312  4.31999 0.165213  -0.590105   0.137236 -0.0920956  0.331999 0.0224067  0.132167  -0.746517   -1.17445 -0.0611829  0.00803105  0.00699084 0.000323792  -0.038893 -0.0354813 -0.0132319 0.209478  0.16879 -9.80531 
               112.2 -1.00405  1.90072 -126.545  3.07832  4.20447 0.164699  -0.589178   0.138234 -0.0957218  0.331976 0.0223853  0.132204 -0.759093  -1.10666 0.0608957  0.00805208  0.00698409 0.000347814  -0.038803 -0.0353743 -0.0131471 0.209564 0.168867 -9.80531 
               112.3  0.17056  2.73375 -126.178  2.99685  4.08005 0.165284 -0.588696  0.138726 -0.086033  0.331736 0.0229357  0.132269 -0.749291  -1.06635  -0.10007  0.00800117  0.00689177 0.000359809 -0.0401454 -0.0358893 -0.0135712 0.209444  0.16826 -9.80532 
               112.4 0.027081  2.90698 -125.215  2.90981  3.97375 0.146648 -0.588966  0.139918 -0.083224 0.331983 0.022859   0.1324 -0.860658  -1.11969 -0.132236 0.00806862 0.00700548  0.0003288   -0.04081 -0.0353333 -0.0127548 0.209116 0.168262 -9.80533 
               112.5 0.323257  2.82447 -124.302  2.82398  3.85049 0.137319   -0.59086   0.141974 -0.0811728  0.331966 0.0228587  0.132354  -0.833555   -1.16739 0.00700815 0.00803322 0.00702307 0.00031371 -0.0413535 -0.0360031 -0.0125378 0.209194 0.168108 -9.80533 
               112.6 -0.147858   3.20509  -123.765  2.74374  3.73324 0.127491  -0.594624   0.140905 -0.0833741     0.332 0.0229547  0.132383 -0.750409  -1.12757 -0.140431  0.00810801  0.00698463 0.000355142 -0.0413631 -0.0367671 -0.0121069 0.209186 0.168017 -9.80533 
               112.7 -0.298828    2.3806  -123.989  2.67487  3.62527 0.115611  -0.594198    0.14124 -0.0800517 0.332048 0.022858 0.132436 -0.701951  -1.12467 -0.125157  0.00805062  0.00704274 0.000369754 -0.0411013 -0.0366943 -0.0123087 0.209268 0.168128 -9.80533 
               112.8 -0.473677   2.09693  -124.047   2.6071  3.50992 0.117038  -0.594896   0.131149 -0.0740345  0.332316 0.0226245  0.132525  -0.765035   -1.25847 -0.0882129  0.00803608  0.00700991 0.000343254 -0.0389147 -0.0368439 -0.0135486 0.209388 0.168277 -9.80532 
               112.9 -0.915889   1.43651  -124.408 2.53509 3.38966 0.12876   -0.60266   0.127317 -0.0670138  0.332569 0.0223811  0.132626  -0.776808   -1.12308 -0.0486527 0.00802764 0.00702614 0.00036692 -0.0379903 -0.0385151 -0.0148624 0.209581 0.168286 -9.80532 
                 113 0.311044  2.55848 -124.015  2.46375  3.26927 0.111503 -0.602615  0.124256 -0.067552  0.332732 0.0222298  0.132512 -0.731801  -1.08961 -0.122584   0.0080319  0.00698107 0.000357435 -0.0380621 -0.0392451 -0.0142187 0.209705 0.167908 -9.80532 
               113.1 0.643175  2.89501 -123.998  2.39328   3.1629 0.110363  -0.598677   0.120759 -0.0628216  0.332435 0.0223394  0.132323  -0.840128   -1.21262 -0.0598439  0.0080363 0.00700641 0.00036806 -0.0366009 -0.0387026 -0.0149151 0.209955 0.168172 -9.80531 
               113.2 0.756367  3.19478 -124.568  2.31313  3.05172 0.121448 -0.591686  0.117945 -0.057477  0.332285 0.0223004  0.132249 -0.748167  -1.07824 0.0326458  0.00804673  0.00699994 0.000379919 -0.0355915 -0.0373151 -0.0156172 0.210013 0.168392 -9.80531 
               113.3 0.882352  2.85343 -125.487  2.23761  2.95319 0.123153   -0.58905   0.118938 -0.0524835  0.332477 0.0222215  0.132306  -0.692546   -1.02861 -0.0697091  0.00803371  0.00702138 0.000372901 -0.0355752 -0.0362751 -0.0160608  0.20985 0.168591 -9.80531 
               113.4 0.815886  2.29353 -126.774  2.16835  2.84819 0.123346 -0.587334  0.116243 -0.050455 0.332516   0.0222 0.132303  -0.758498   -1.07769 -0.0188157  0.00801968  0.00696665 0.000388662 -0.0351165  -0.036185 -0.0164182  0.20992  0.16854 -9.80531 
               113.5 0.179408  1.85267 -128.138  2.08038  2.73489 0.117956  -0.586304   0.118931 -0.0575025  0.332544 0.0223501  0.132204 -0.854214  -1.12808 0.0844457  0.00806234  0.00697121 0.000396378 -0.0357784 -0.0357221 -0.0160985 0.209767  0.16854 -9.80531 
             113.599 0.613497  2.14082  -129.27  1.98325   2.6217 0.111519   -0.58405   0.117872 -0.0674212  0.332708 0.0225816  0.132165 -0.854165  -1.03864 -0.123122   0.0080178  0.00695606 0.000373494 -0.0365299 -0.0349537 -0.0159451   0.2094 0.168311 -9.80532 
               113.7 0.604842  2.65801 -129.444  1.89202   2.5247 0.102992  -0.581491   0.118212 -0.0672371  0.332646 0.0225534  0.132133 -0.898398    -1.008 -0.103141  0.00803168  0.00696878 0.000365906 -0.0365617 -0.0339199 -0.0162856   0.2092 0.168459 -9.80532 
               113.8 0.766642  2.42446 -129.267   1.79105   2.41738 0.0947279  -0.577786   0.117968 -0.0698379 0.332601 0.022522 0.132134 -0.971001  -1.17414   0.02694  0.00803644  0.00699193 0.000333705 -0.0366865 -0.0329945 -0.0165555 0.209057 0.168471 -9.80532 
             113.899 0.751831  2.50661 -128.923   1.70372   2.30936 0.0920902 -0.580786  0.116804 -0.069201  0.332687 0.0225822  0.132141 -0.861634  -1.03552   -0.1286  0.00804306  0.00698267 0.000335029 -0.0363268 -0.0338357 -0.0164259 0.209207 0.168448 -9.80532 
                 114 0.512853  2.30183 -129.456   1.62263   2.20115 0.0788602  -0.579485   0.118566 -0.0712105  0.332768 0.0225306  0.132166  -0.79242   -1.0442 -0.143272  0.00799782  0.00696317 0.000370729 -0.0368194 -0.0339076 -0.0167053 0.209256 0.168311 -9.80532 
               114.1 0.157342  2.30416 -129.894    1.5417   2.10135 0.0794456  -0.580663   0.112368 -0.0692563 0.332731 0.022413 0.132116  -0.852745   -1.10907 -0.0584179  0.00804073  0.00698045 0.000344457 -0.0353106  -0.033767 -0.0176635 0.209249 0.168543 -9.80532 
             114.199 -0.480519   1.81284  -130.578    1.4517   1.98834 0.0857962  -0.585449   0.109029 -0.0665815 0.332831  0.02228 0.132118  -0.90837  -1.05183 0.0540231  0.00804351  0.00696481 0.000351503 -0.0348205 -0.0346151 -0.0182484 0.209238  0.16851 -9.80532 
               114.3 0.648891  2.64615 -130.822   1.37252   1.86851 0.0985192  -0.588571   0.113457 -0.0773296  0.332563 0.0228559  0.131788   -0.85995   -1.00802 -0.0330898   0.0079438  0.00683925 0.000349205  -0.036083  -0.036813 -0.0194931 0.209636 0.167923 -9.80532 
             114.399 0.544277  2.87356 -130.419   1.28757   1.78047 0.0908228  -0.593469   0.113755 -0.0755695  0.332546 0.0228453  0.131761  -0.917004   -1.01989 -0.0440753  0.00805772  0.00695602 0.000328977   -0.03549 -0.0371052  -0.018932 0.209626 0.168274 -9.80532 
             114.499  0.89994  2.68599 -129.913   1.20441   1.68193 0.0881871  -0.598616   0.116625 -0.0713373   0.33249 0.0229969  0.131729 -0.872739  -1.05637  0.102433  0.00801928  0.00693681 0.000331813 -0.0349963 -0.0380649 -0.0184749 0.209908 0.168573  -9.8053 
               114.6 -0.0222913    3.21184   -129.702   1.12668   1.56956 0.0712145  -0.603995   0.113538 -0.0795893  0.332854 0.0234629  0.131952 -0.778213  -1.04367 -0.126976  0.00810877  0.00693663 0.000347668 -0.0348184 -0.0398622 -0.0169744 0.210093 0.168256 -9.80531 
               114.7 0.112321  2.59245 -130.127   1.03687   1.47366 0.0517944   -0.60848   0.112602 -0.0818592   0.33274 0.0233994  0.131889 -0.785996  -1.03968 -0.149684  0.00803992  0.00696748 0.000379409 -0.0347603 -0.0394798 -0.0165784 0.209701 0.168519 -9.80531 
             114.799 0.238734  2.38056 -130.391  0.950678   1.37324 0.0470034   -0.61271   0.105461 -0.0860404  0.332934 0.0233872  0.131962 -0.897432  -1.14708 -0.118721 0.00801935 0.00696722 0.00034533 -0.0332298 -0.0395794 -0.0174841 0.209567 0.168778 -9.80531 
               114.9 -0.259305   1.70525  -130.888   0.86147   1.27297 0.0518485  -0.620309   0.102915 -0.0857204  0.333239 0.0232065  0.132032   -0.87297  -0.999008 -0.0789376  0.00802602  0.00699235 0.000360104 -0.0323312 -0.0404376 -0.0183812 0.209539 0.169041  -9.8053 
                 115 0.342014  2.47851 -130.861  0.788532   1.15283 0.0449102 -0.621301  0.106358 -0.092409 0.333087 0.023424 0.131848  -0.788257  -0.992812 -0.0897724 0.00795899 0.00691221 0.00035791 -0.0336393 -0.0424064 -0.0187919 0.209923 0.168361 -9.80531 
             115.099 0.461331  2.68026 -130.421 0.69482 1.05864 0.04082   -0.61846   0.105463 -0.0949088  0.332935 0.0234175  0.131935  -0.927573   -1.08376 -0.0764491   0.0080417   0.0069501 0.000337712 -0.0334688 -0.0409753  -0.019202 0.209624   0.1686 -9.80531 
               115.2 0.919125  2.48777 -129.809  0.602854   0.95481 0.0493651  -0.614615   0.103844 -0.0978451  0.332858 0.0235183  0.132007 -0.747138 -0.921195 0.0603377  0.00801836  0.00696144 0.000327212 -0.0332522 -0.0399252 -0.0199109 0.209478 0.168675 -9.80531 
               115.3 0.897397  2.50822 -129.882   0.52829  0.850417 0.0705593  -0.610474   0.100997 -0.0972439  0.332945 0.0235161  0.132004 -0.620053 -0.808299 0.0453063  0.00790203  0.00690298 0.000379227 -0.0340217 -0.0398129 -0.0215972 0.209342 0.168125 -9.80532 
               115.4  0.61189  1.21592 -130.098  0.465366  0.788763 0.0618195 -0.610618  0.128524 -0.120777  0.332475 0.0235641  0.132058   -0.574159   -0.661732 -0.00585124   0.0080261  0.00696009 0.000382243 -0.0382746 -0.0390448 -0.0205171  0.20921 0.168473 -9.80532 
               115.5  1.25183  1.22285 -129.522  0.397428  0.729775 0.0512953 -0.610443  0.157515 -0.154721  0.332362 0.0233204  0.132078 -0.472298 -0.528145 0.0592385  0.00800386  0.00693549 0.000315058   -0.04367 -0.0381444 -0.0198078 0.208828 0.168568 -9.80533 
               115.6 0.488965 0.956902  -128.08 0.351429 0.687344 0.033966  -0.60251  0.237323 -0.196264  0.332193 0.0236545  0.131862  -0.304691  -0.393812 -0.0262271  0.00812612  0.00693505 0.000333854 -0.0574801 -0.0362285 -0.0181846 0.208635 0.168659 -9.80533 
             115.699 0.574573 0.901194 -124.188  0.319761    0.6557 0.0216255 -0.600421  0.260337 -0.235955  0.331788 0.0236489  0.131763 -0.213313 -0.329021 -0.135683  0.00804112  0.00695311 0.000227646 -0.0614112 -0.0354176 -0.0178204 0.208483 0.168781 -9.80533 
               115.8 -0.123203   1.16963  -119.665  0.307418  0.626222 0.0146814 -0.609087  0.226926 -0.225977  0.331827 0.0237817  0.131806  -0.156404  -0.250661 -0.0722938  0.00804429  0.00694571 0.000213796 -0.0554014 -0.0370889 -0.0183393 0.208598 0.168836 -9.80533 
             115.899 -0.0912229    1.25312   -113.973  0.304989  0.614709 0.0263644 -0.621084  0.188364 -0.245307  0.331833 0.0247036  0.131742  -0.0671101   -0.160293 -0.00300704  0.00802747   0.0070006 0.000201252  -0.048026 -0.0393539 -0.0189715 0.208797 0.169058 -9.80532 
             115.999 0.241153  1.10476 -108.868  0.307559  0.604093 0.0392122 -0.636587  0.139867 -0.232095  0.332168 0.0252257   0.13173 -0.00904856  -0.0957264   0.0329492  0.00799364   0.0070044 0.000215482 -0.0394211 -0.0423442 -0.0199297 0.208953   0.1691 -9.80532 
               116.1 0.792484  1.34579 -103.652  0.311304  0.594385 0.0415349 -0.636307   0.13855 -0.216157  0.332345 0.0251565  0.131703  0.0367123 -0.0691053 0.00196365  0.00798701  0.00700388 0.000215315 -0.0392478 -0.0424558 -0.0199459 0.209011 0.169046 -9.80532 
               116.2 0.831396  1.12818 -98.4862  0.313714  0.584902 0.0442088 -0.633983  0.145396 -0.207408  0.332339 0.0249942  0.131692  0.0339451 -0.0823687  0.0205553   0.0080055  0.00701885 0.000220475   -0.04056 -0.0421005 -0.0197257 0.209015 0.168984 -9.80532 
             116.299  1.60092  1.37498 -92.8726  0.324812  0.577711 0.0233138 -0.624468  0.169184 -0.180434 0.332815 0.024565  0.13154 0.0317957  -0.05517 -0.121238  0.00800169  0.00704898 0.000233855 -0.0444584 -0.0408949 -0.0184963 0.209236 0.168972 -9.80531 
               116.4  1.80866  1.15383 -87.1165  0.317725  0.565941 0.0209076 -0.626516  0.162435 -0.187315   0.33228 0.0245417  0.131622 -0.00287802  -0.0450494   -0.103363 0.00801183 0.00703082 0.00025159 -0.0439171 -0.0408615 -0.0192841 0.209013 0.168789 -9.80532 
               116.5  1.45926 0.955036 -81.9687 0.321056 0.573076 0.018855 -0.628427  0.157094 -0.194017  0.332736 0.0246941  0.131663 0.0611317 0.0118304 0.0838874 0.00801496 0.00705923 0.00029634 -0.0423542 -0.0411591 -0.0194484 0.209039 0.169046 -9.80532 
               116.6 0.739066 0.632973 -78.2049  0.328832  0.553422 0.0289075 -0.628369  0.161314 -0.186906  0.331891 0.0246904  0.131469   0.083704 -0.0218077   0.034096  0.00797983   0.0070554 0.000364615 -0.0444213 -0.0413747 -0.0201096 0.209084 0.168502 -9.80532 
             116.701 0.529207 0.527902  -76.234  0.333699  0.567929 0.0355326 -0.631863  0.160457 -0.184956  0.332607 0.0239891  0.131525 0.0895418 0.0474813 0.0576598  0.00799386  0.00706597 0.000380822 -0.0433118 -0.0415723 -0.0201354 0.208944 0.168909 -9.80532 
             116.801 0.556688 0.320108 -74.2316 0.344898  0.58305 0.037955 -0.632432  0.163118 -0.178217 0.332801 0.023269 0.131589 0.0620145  0.053896 0.0500145  0.00798128  0.00710236 0.000385332 -0.0430864 -0.0416967 -0.0198061 0.208963 0.169184 -9.80531 
               116.9  1.30944 0.412619 -71.4301  0.343908  0.590818 0.0442567 -0.634905  0.163753 -0.178239  0.333337 0.0231012  0.131648  0.0539513 0.00973133 0.00226353  0.00797486  0.00710699 0.000370098 -0.0428149 -0.0415846  -0.019677 0.208732 0.169327 -9.80532 
                 117  1.84729 0.764808 -66.8829  0.348773  0.593156 0.0353201 -0.634649  0.160898 -0.176169  0.333479 0.0229522  0.131629  0.0483795   0.011169 -0.0570407  0.00794388  0.00705418 0.000319049  -0.042249 -0.0414923 -0.0191201 0.208706 0.169359 -9.80532 
               117.1   1.6458 0.927779 -61.6565  0.353425  0.595973 0.0231814 -0.635323  0.157199 -0.176212  0.333593 0.0229737  0.131604  0.0384778 0.00884389  -0.122519   0.0079825  0.00705936 0.000330585 -0.0415068 -0.0416561 -0.0187209 0.208708 0.169405 -9.80532 
             117.199  1.15039 0.826591  -55.526  0.351775  0.598205 0.0223145 -0.634324  0.155353 -0.175604  0.333503 0.0232054  0.131559 0.0258337 0.0417042 0.0476516  0.00799404  0.00708945 0.000322833 -0.0411234 -0.0411872 -0.0186401 0.208588 0.169392 -9.80532 
               117.3  1.01351 0.246162  -49.545  0.355495  0.597594 0.0207295 -0.634719  0.154954 -0.175396  0.333176 0.0230607  0.131473   0.0404344    0.049558 -0.00121174  0.0079657 0.00714501 0.00029689 -0.0413892 -0.0410452  -0.018494 0.208569 0.169246 -9.80532 
               117.4 0.872675  0.19538  -44.426  0.360296  0.602972 0.0302472 -0.633314  0.158008 -0.174581  0.333204 0.0229562   0.13146  0.0543682  0.0726031 0.00514431  0.00797362  0.00711907 0.000349916 -0.0419703 -0.0407924 -0.0193031 0.208582 0.169226 -9.80532 
               117.5  0.966535 0.0891159  -39.0706  0.365534   0.60532 0.0377617  -0.63326  0.158419 -0.175474  0.333062 0.0229838  0.131443 0.0768365 0.0636067 0.0945681  0.00798483  0.00710419 0.000351904 -0.0422308 -0.0406358 -0.0196164 0.208573 0.169134 -9.80532 
               117.6  1.94275 0.366209 -33.3217  0.363711    0.6047 0.0435654 -0.633677  0.159969 -0.179377  0.332938 0.0235521  0.131551 0.0728543 0.0258019 -0.045875  0.00795089  0.00713169 0.000381714 -0.0423475 -0.0401059 -0.0200185 0.208346 0.169039 -9.80533 
               117.7  1.83957 0.371167 -27.4064  0.372574  0.614605 0.0396048 -0.634434  0.159897 -0.178567  0.333244 0.0233449  0.131482 0.0715855 0.0381072 -0.038821  0.00801328  0.00711834 0.000349366 -0.0420363 -0.0406405 -0.0200833 0.208382 0.169231 -9.80533 
               117.8  1.38024 0.553199 -22.4027  0.375742  0.618677 0.0306951 -0.633523  0.156879 -0.179176  0.333358 0.0234706  0.131464 0.0336596 0.0655724 0.0473155  0.00797953  0.00711338 0.000401038  -0.041391 -0.0403754 -0.0197215 0.208307 0.169235 -9.80533 
               117.9    1.39626 -0.0480019   -18.2465  0.381878  0.619378 0.0373872 -0.63002 0.158581 -0.18197  0.333185 0.0237051  0.131383  0.0324533  0.0525206 0.00145744  0.00797811   0.0071601 0.000446619 -0.0420886 -0.0396378 -0.0197089 0.208399 0.169082 -9.80533 
             118.001  0.767567 -0.186595  -16.2135 0.397681 0.622151 0.041937 -0.628501  0.159101 -0.189457  0.332757 0.0241373  0.131273 0.0483582 0.0614416   0.05067  0.00799198  0.00715071 0.000504031 -0.0429313 -0.0397028 -0.0198615  0.20871 0.168987 -9.80532 
               118.1  0.716021 -0.257326  -14.9948  0.408604  0.626428 0.0426624 -0.626714  0.159258 -0.195924  0.332623 0.0245822  0.131229  0.0575059  0.0743705 0.00794224  0.00799386  0.00713209 0.000531283 -0.0433715 -0.0394898 -0.0197128 0.208857 0.168912 -9.80532 
             118.201  0.353912 -0.494198  -14.6282  0.409219  0.636315 0.0455633 -0.628571  0.162436  -0.18779  0.332448 0.0240382  0.131299 0.0448711 0.0691605 0.0584178  0.00798575  0.00713081 0.000557997 -0.0434828 -0.0398972 -0.0193361 0.208743 0.169042 -9.80532 
               118.3  0.566712 -0.549133  -14.0378  0.404549  0.641589 0.0333651 -0.634915  0.165492 -0.179594  0.332934 0.0234709  0.131336  0.0319407  0.0720535 -0.0128678  0.00799029  0.00714542 0.000524958 -0.0435522 -0.0405625 -0.0183163 0.208519 0.169008 -9.80533 
               118.4  0.768512 -0.180964  -12.9548  0.406675  0.645084 0.0320879 -0.635331   0.16475 -0.180752  0.333255 0.0235186  0.131392  0.0525659  0.0716718 -0.0219651  0.00797313  0.00712746 0.000542271 -0.0434469  -0.040305 -0.0182666 0.208473 0.168895 -9.80533 
             118.499  0.371508 0.0833056  -11.8622  0.408711  0.650885 0.0335705 -0.635512  0.164788 -0.179486  0.333278 0.0234436  0.131376 0.0094587 0.0511762 0.0601112  0.00797947  0.00713577 0.000541973 -0.0433389 -0.0402847 -0.0183748  0.20843 0.168895 -9.80533 
               118.6  0.556129 -0.024021  -10.9733   0.41486  0.655963 0.0376173 -0.633581  0.165252 -0.182952 0.333137  0.02361 0.131368 0.000856416   0.0162385   0.0327508  0.00798873  0.00712805 0.000535363 -0.0437352 -0.0402213 -0.0186101 0.208568 0.168942 -9.80533 
               118.7   0.410869 -0.0981522   -11.0435  0.411012  0.653989 0.0388055 -0.635982  0.165145 -0.180379  0.333267 0.0234974   0.13138 0.00502104  0.0036658  0.0279162  0.00795622  0.00713275 0.000579282 -0.0435115 -0.0403238 -0.0184257 0.208466 0.168865 -9.80533 
             118.801  0.430666 -0.137754  -11.0622 0.409026  0.65691  0.03971 -0.638473  0.166135 -0.176529  0.333219 0.0234163  0.131379 0.00845719  0.0195293  0.0275315  0.00797887  0.00713561 0.000578262 -0.0434482 -0.0408197 -0.0182306 0.208395 0.168918 -9.80533 
               118.9  0.464447 -0.122161  -11.0501  0.399516   0.65421 0.0376933 -0.645474  0.167088 -0.167669  0.333328 0.0231946  0.131411 -0.0184639 0.00950452  0.0168801  0.00796903  0.00712708 0.000564216  -0.043063 -0.0414911 -0.0178288 0.208165 0.168806 -9.80534 
                 119 0.414732 -0.11974 -11.0255  0.386278  0.649405 0.0362799 -0.650337  0.167868  -0.15811  0.333393 0.0230057   0.13143 -0.0402522 -0.0122456  0.0108707   0.0079766  0.00712383 0.000553789 -0.0425718 -0.0417574 -0.0175781 0.207909 0.168684 -9.80535 
             119.099   0.44064 -0.143198   -11.016  0.385304  0.647556 0.0346974 -0.651895  0.167443 -0.160653  0.333402 0.0230312  0.131427 -0.0318891 -0.0145305 0.00526074  0.00795961  0.00713078 0.000550128 -0.0426828  -0.042038 -0.0173422  0.20797 0.168671 -9.80534 
               119.2  0.44701 -0.13771  -11.023  0.385562  0.644117 0.0333202 -0.652962  0.166799 -0.163873   0.33343 0.0230406  0.131426 -0.0260706 -0.0134847 0.00236852  0.00796977  0.00712751 0.000550008 -0.0428304 -0.0421144 -0.0171734 0.208046 0.168611 -9.80534 
               119.3  0.435652 -0.127184  -11.0307  0.385714  0.647579 0.0350516 -0.651621   0.16703 -0.165316  0.333424 0.0230776  0.131424  -0.0169486 -0.00533996  0.00896736  0.00797432  0.00711815 0.000555189 -0.0429552 -0.0422542 -0.0172907 0.208102 0.168727 -9.80534 
             119.399  0.426008 -0.135207  -11.0372  0.390949  0.652035 0.0342272 -0.651702   0.16678  -0.16956  0.333449 0.0231194  0.131422 -0.0037363 0.00144564 0.00559826 0.00796972 0.00711862 0.00056185 -0.0432595   -0.04272 -0.0171218 0.208249 0.168847 -9.80534 
               119.5 0.451833 -0.12614  -11.015   0.38881  0.651628 0.0329762 -0.652782  0.166657  -0.16848  0.333441 0.0231173  0.131422 -0.00689919  0.00155021  0.00166753   0.0079595  0.00711614 0.000544366 -0.0431392  -0.042844 -0.0169584  0.20821 0.168835 -9.80534 
             119.599  0.451567 -0.124121  -11.0171  0.388129  0.650036 0.0348703 -0.651998   0.16671 -0.168494  0.333439 0.0231065  0.131423 -0.00445224 -0.00102963  0.00840441  0.00796984  0.00711152 0.000542074 -0.0431661  -0.042577 -0.0171013 0.208208 0.168789 -9.80534 
             119.699  0.440836 -0.129365  -11.0112  0.389223  0.648232 0.0363908 -0.651647  0.166646 -0.169482  0.333446 0.0230956  0.131422 -0.00110688 -0.00977366   0.0121339  0.00797065  0.00711334 0.000541602  -0.043275  -0.042437 -0.0171516 0.208242 0.168753 -9.80534 
             119.799  0.438314 -0.121557  -11.0116  0.388292  0.647623 0.0373106 -0.651901  0.166657 -0.168937  0.333442 0.0231005  0.131422 -0.00101201   -0.011515   0.0132629  0.00796986  0.00710826 0.000542365 -0.0432114  -0.042508 -0.0171145 0.208222 0.168768 -9.80534 
               119.9   0.45507 -0.126734  -11.0263  0.391904   0.64702 0.0382829  -0.65194  0.166578 -0.171014 0.333458 0.023096 0.131423  0.00562697 -0.00768953   0.0137012  0.00796527  0.00710982 0.000548746 -0.0434216  -0.042591 -0.0170727 0.208301 0.168774 -9.80534 
                 120  0.446904 -0.121258   -11.017  0.393357  0.647527 0.0361739 -0.653777   0.16633 -0.171464  0.333462 0.0231026  0.131423  0.00740876 -0.00510447  0.00603563  0.00797421  0.00710605 0.000541433 -0.0434184 -0.0430023 -0.0167573 0.208318 0.168803 -9.80533 
               120.1  0.434694 -0.128295  -11.0173  0.391233  0.649969 0.0366488 -0.654064  0.166511 -0.169668  0.333448 0.0231215  0.131424  0.00186955 -0.00157772   0.0081869  0.00797654   0.0071096 0.000540054 -0.0432254 -0.0432302  -0.016731 0.208258  0.16888 -9.80533 
             120.199  0.446509 -0.130661   -11.024 0.391739   0.6511 0.036749 -0.654451   0.16653 -0.169748  0.333448 0.0231276  0.131424 0.00264441 0.00112263 0.00835329  0.00797198  0.00711077 0.000542835 -0.0432305 -0.0433928 -0.0166585 0.208265 0.168911 -9.80533 
               120.3  0.438736 -0.136209   -11.024  0.392227  0.650576 0.0369543 -0.654826  0.166452   -0.1699  0.333449 0.0231248  0.131424    0.004156 0.000157577  0.00826601  0.00798159  0.00711228 0.000539875 -0.0432373 -0.0434116  -0.016596 0.208268 0.168895 -9.80533 
               120.4  0.466078 -0.112047  -11.0281  0.392153  0.651579 0.0367455 -0.655425  0.166448 -0.169493  0.333446 0.0231306  0.131422 0.00297525 -0.0013307 0.00718248  0.00796292  0.00709856 0.000540266 -0.0431868 -0.0435892 -0.0164959 0.208256 0.168923 -9.80533 
               120.5  0.445247 -0.131102   -11.017  0.395169  0.650536 0.0380565 -0.655013  0.166394  -0.17104  0.333458 0.0231241  0.131422  0.00968801 -0.00473737  0.00980821  0.00797138  0.00710974 0.000534833 -0.0433541 -0.0434994  -0.016542 0.208312 0.168902 -9.80533 
               120.6  0.462078 -0.132245  -11.0201   0.39651  0.648703 0.0363355 -0.656476  0.166139 -0.171322  0.333459 0.0231186  0.131422   0.010749 -0.0073608 0.00327394  0.00796761  0.00710896 0.000535902 -0.0433502 -0.0436592 -0.0162996 0.208317  0.16887 -9.80533 
               120.7 0.442744 -0.12409 -11.0319  0.396721  0.651185 0.0369835 -0.656394  0.166333  -0.17056  0.333452 0.0231332  0.131423   0.00934021 -0.000817498   0.00551978  0.00797719   0.0071012 0.000542189 -0.0432811 -0.0438505 -0.0163164 0.208299 0.168944 -9.80533 
               120.8  0.436762 -0.119817  -11.0331  0.398416  0.651502 0.0371645 -0.656559  0.166326 -0.170938  0.333455 0.0231355  0.131424   0.0110178 -0.00205275  0.00542423  0.00797806  0.00709731 0.000540977 -0.0433185 -0.0439244 -0.0162792 0.208314 0.168956 -9.80533 
               120.9  0.450492 -0.132665  -11.0244  0.394488   0.65041 0.0363149 -0.657566  0.166241 -0.168238  0.333436 0.0231356  0.131423 0.000760897  -0.0046967  0.00266117  0.00796981  0.00710146 0.000533493 -0.0430095 -0.0439782 -0.0161552 0.208211 0.168942 -9.80533 
             120.999  0.460645 -0.121713  -11.0278  0.391547  0.649773 0.0362712 -0.657925  0.166221 -0.166559  0.333424 0.0231368  0.131423 -0.00526734 -0.00551298   0.0033355 0.00796538 0.00709574 0.00053396 -0.0428218 -0.0439893 -0.0161236 0.208149 0.168941 -9.80534 
               121.1  0.464149 -0.114452  -11.0352  0.389201  0.650828 0.0355399 -0.658625  0.166232 -0.165391  0.333416 0.0231461  0.131422 -0.00973013 -0.00434673   0.0021123  0.00795876  0.00709145 0.000536149 -0.0426851 -0.0442052 -0.0160212 0.208111 0.168983 -9.80534 
               121.2  0.441882 -0.125951  -11.0343 0.390774 0.651305 0.035915 -0.658459  0.166276 -0.166701  0.333424 0.0231486  0.131422 -0.00394011 -0.00258566  0.00387865  0.00796941  0.00709757 0.000534761 -0.0428342 -0.0442704 -0.0160266 0.208163 0.169001 -9.80533 
             121.299  0.466839 -0.139954  -11.0349  0.392575  0.646008 0.0346502 -0.659196  0.165956 -0.168404  0.333436 0.0231257  0.131422 0.000737851  -0.0147754  0.00149819  0.00795785  0.00710717 0.000533266 -0.0429921 -0.0440927 -0.0158754 0.208207 0.168888 -9.80534 
               121.4  0.464914 -0.132669  -11.0249  0.395139  0.647892 0.0342819 -0.659401   0.16607 -0.169384  0.333443 0.0231395  0.131422  0.00731447 -0.00834859  0.00147057  0.00795854  0.00710142 0.000526347 -0.0431076 -0.0443852 -0.0158167 0.208255 0.168961 -9.80533 
               121.5  0.463108 -0.134781   -11.063  0.399455  0.646728 0.0357201  -0.65862  0.166105 -0.171343  0.333456 0.0231368  0.131423  0.0151336 -0.0105562 0.00606256  0.00795594  0.00709975 0.000546261 -0.0433358 -0.0442831 -0.0159208 0.208327 0.168953 -9.80533 
               121.6  0.440317 -0.127013  -11.0321   0.40106  0.650421 0.0365653 -0.658545  0.166352 -0.171009  0.333454 0.0231579  0.131425    0.0158171 -0.000534683   0.00777572 0.00796805 0.00709736 0.00052789 -0.0433147 -0.0445918 -0.0159287  0.20833 0.169059 -9.80533 
               121.7  0.453669 -0.133754  -11.0303  0.395569  0.648591 0.0368638  -0.65919  0.166285 -0.167387  0.333428 0.0231552  0.131424  0.00107415 -0.00499604  0.00816496  0.00796137  0.00709831 0.000524837 -0.0428961 -0.0444887 -0.0158841 0.208188 0.169025 -9.80533 
             121.799  0.459317 -0.130855  -11.0344   0.39349   0.64866 0.0373229 -0.659532  0.166294 -0.166181   0.33342 0.0231592  0.131424 -0.00312413 -0.00435303  0.00855919  0.00795833  0.00709632 0.000526112 -0.0427553 -0.0445592 -0.0158434 0.208145  0.16904 -9.80533 
               121.9  0.467409 -0.158265  -11.0397  0.393426  0.650468 0.0370234 -0.660099  0.166318  -0.16619  0.333418 0.0231691  0.131423  -0.00296852 -0.000307286    0.0062514  0.00795466  0.00711452 0.000525714 -0.0427475 -0.0448131 -0.0157349 0.208151 0.169089 -9.80533 
             121.999  0.478461 -0.145828  -11.0168  0.389525  0.654358 0.0366832 -0.660786  0.166435 -0.164075  0.333403 0.0231889  0.131421 -0.0106062 0.00866399 0.00522062  0.00795225   0.0071053 0.000511504 -0.0424966 -0.0451453  -0.015641 0.208082 0.169177 -9.80533 
               122.1  0.461909 -0.143976  -11.0339  0.387732  0.657689 0.0377129 -0.660646  0.166575  -0.16352  0.333398 0.0231993  0.131421 -0.0115899  0.0134919 0.00840539  0.00796439  0.00710247 0.000521284  -0.042441 -0.0452761 -0.0156747 0.208068  0.16923 -9.80533 
             122.199  0.474465 -0.129971  -11.0249  0.389819  0.658211 0.0373716 -0.661075   0.16646 -0.165173   0.33341 0.0231949  0.131423 -0.00379591   0.0108229  0.00704158  0.00795771  0.00709011 0.000515585 -0.0426236 -0.0453392 -0.0155621 0.208129 0.169212 -9.80533 
               122.3  0.477562 -0.145042  -11.0133  0.386807  0.656568 0.0370441  -0.66172   0.16629 -0.164076  0.333402 0.0231856  0.131423 -0.00977727  0.00366607  0.00629231  0.00795925  0.00709773 0.000506509 -0.0424785 -0.0452367 -0.0154664 0.208078 0.169155 -9.80533 
               122.4  0.487924 -0.150386  -11.0251  0.387564  0.655559 0.0375523 -0.661721  0.166208 -0.165006   0.33341 0.0231794  0.131423  -0.00580588 -0.000334838   0.00688011  0.00795413  0.00709587 0.000513553 -0.0425845  -0.045172 -0.0154507  0.20811 0.169126 -9.80533 
               122.5 0.510648 -0.13202 -11.0312  0.389917  0.656082 0.0345911  -0.66326   0.16598 -0.166381   0.33342 0.0231811  0.131423 0.000194873 -0.00052905 -0.00164779 0.00794155 0.00708578 0.00051688 -0.0427118 -0.0455177 -0.0151241 0.208164 0.169139 -9.80533 
               122.6  0.489859 -0.129139  -11.0178   0.39093  0.657144 0.0342354 -0.663322  0.166011 -0.166788  0.333423 0.0231858  0.131424   0.00254206   0.00114385 -0.000559993  0.00795187  0.00708517 0.000507811   -0.04276 -0.0456195 -0.0150999 0.208183 0.169163 -9.80533 
               122.7  0.497635 -0.136651  -11.0431 0.397637 0.655466 0.034011 -0.663125  0.165864 -0.170007  0.333447 0.0231775  0.131424   0.0164658 -0.00353099 0.000770581  0.00794892  0.00708699 0.000522558 -0.0431377  -0.045556  -0.015075 0.208302 0.169123 -9.80533 
               122.8  0.506261 -0.132768   -11.019  0.398783   0.65491 0.0337312 -0.663325  0.165837 -0.169772  0.333445 0.0231771  0.131424    0.015624 -0.00404486  0.00097487  0.00794436  0.00708279 0.000509688 -0.0431052 -0.0455695 -0.0150416 0.208292 0.169119 -9.80533 
               122.9  0.489667 -0.137155  -11.0237  0.404338  0.653506 0.0334826 -0.663342  0.165733 -0.171675  0.333459 0.0231717  0.131424    0.024638 -0.00604624  0.00232173  0.00795636  0.00708517 0.000512564 -0.0433307  -0.045559 -0.0149991 0.208364 0.169097 -9.80533 
                 123  0.525046 -0.132691  -11.0356  0.40859 0.653767 0.034396 -0.663008  0.165793 -0.172398  0.333464 0.0231754  0.131424   0.0297492 -0.00511902  0.00570996  0.00794163  0.00708343 0.000519442 -0.0434263 -0.0455912 -0.0150485 0.208395 0.169117 -9.80533 
             123.099  0.504632 -0.135057  -11.0281  0.412884  0.656767 0.0366989 -0.66224 0.166043 -0.17282  0.333467 0.0231876  0.131425  0.0333968 0.00239107  0.0117123   0.0079528  0.00708047 0.000515504 -0.0435025 -0.0457084 -0.0151895 0.208423 0.169189 -9.80533 
               123.2  0.544275 -0.141711  -11.0488  0.412042  0.656733 0.0355481 -0.663422  0.165926 -0.170934  0.333452 0.0231867  0.131425   0.0261538 0.000679261  0.00674245  0.00793264  0.00708256 0.000525403  -0.043241 -0.0458391 -0.0149843 0.208345 0.169186 -9.80533 
               123.3  0.509054 -0.132278  -11.0434  0.408067  0.655561 0.0346377 -0.664434  0.165787 -0.168071   0.33343 0.0231857  0.131423   0.0122989 -0.00233622   0.0045669  0.00795053  0.00707598 0.000521276 -0.0428469  -0.045837  -0.014841 0.208223 0.169161 -9.80533 
               123.4  0.533687 -0.136257  -11.0257 0.405008 0.652445 0.033811 -0.665227    0.1656 -0.166275 0.333416 0.023177 0.131423  0.00353471 -0.00982035  0.00360008  0.00794158  0.00707658 0.000508723 -0.0425973 -0.0457278 -0.0147216 0.208143 0.169105 -9.80533 
               123.5  0.537742 -0.126133   -11.052  0.402333  0.653879 0.0340816 -0.665434  0.165721 -0.164834  0.333404 0.0231874  0.131421 -0.00256863 -0.00462975  0.00510244  0.00794308  0.00706846 0.000519868 -0.0424034 -0.0458836 -0.0147055 0.208087 0.169156 -9.80533 
               123.6  0.519986 -0.123667  -11.0502  0.396716   0.65443 0.0337596 -0.666047  0.165773 -0.162497  0.333385 0.0231939   0.13142  -0.0140236 -0.00262614  0.00437249  0.00795548  0.00706751 0.000515982 -0.0420841 -0.0459865 -0.0146276 0.207991 0.169179 -9.80534 
             123.699  0.551075 -0.139448  -11.0374  0.393057  0.653892 0.0327414 -0.666781  0.165716 -0.161544  0.333377 0.0231939   0.13142 -0.0191257 -0.0042957 0.00265657  0.00794371  0.00707725 0.000505516 -0.0419453 -0.0460678 -0.0144916 0.207949 0.169176 -9.80534 
               123.8 0.558625 -0.13101 -11.0456  0.389948  0.654164 0.0343559 -0.666325  0.165826  -0.16102  0.333372 0.0231973   0.13142  -0.0216755 -0.00388225  0.00791842  0.00794207   0.0070717 0.000506385 -0.0418857 -0.0460261 -0.0146039  0.20793 0.169192 -9.80534 
               123.9  0.553073 -0.117222  -11.0484  0.387623  0.654275 0.0330034 -0.667201  0.165754 -0.160917  0.333372 0.0232007   0.13142  -0.0211294 -0.00250533    0.003845  0.00794962   0.0070642 0.000506656 -0.0418564 -0.0462038 -0.0144085 0.207925 0.169201 -9.80534 
             123.999  0.583411 -0.115002  -11.0627  0.384113  0.647939 0.0351387 -0.666705  0.165604 -0.160711  0.333373 0.0231776  0.131423 -0.0239497 -0.0162009  0.0111523  0.00794299  0.00706335 0.000509782 -0.0418241 -0.0457032  -0.014559 0.207897 0.169081 -9.80534 
               124.1   0.589025 -0.0980352   -11.0552  0.383345  0.644731 0.0367169 -0.666545  0.165533 -0.161458  0.333379 0.0231709  0.131424 -0.0200505 -0.0204028  0.0151462 0.00794619 0.00705534 0.00050342 -0.0419254 -0.0455945 -0.0145842 0.207925  0.16905 -9.80534 
               124.2  0.593797 -0.104284  -11.0704  0.382423  0.647374 0.0360289 -0.667211  0.165622 -0.161578  0.333378 0.0231899  0.131424  -0.0174338 -0.00950671   0.0105681  0.00794869  0.00705916 0.000509425 -0.0419401 -0.0460285 -0.0143798 0.207944 0.169142 -9.80534 
               124.3  0.600907 -0.107199  -11.0702  0.388793  0.650629 0.0349348 -0.667517  0.165546 -0.164444    0.3334 0.0232053  0.131424 0.000212307 0.000301201  0.00704737  0.00794482  0.00705811 0.000510182 -0.0423448 -0.0464527 -0.0141706 0.208086 0.169219 -9.80533 
               124.4   0.600771 -0.0966468   -11.0498  0.390409  0.652265 0.0356708 -0.667425  0.165582 -0.164929  0.333404 0.0232107  0.131425 0.00397894 0.00384617 0.00839898  0.00795002  0.00705161 0.000498657 -0.0424205 -0.0465586 -0.0141645 0.208114 0.169249 -9.80533 
               124.5  0.591954 -0.112471  -11.0633  0.383789  0.649209 0.0351818 -0.668298  0.165518 -0.162566  0.333383 0.0232008  0.131423  -0.0104822 -0.00407789  0.00710513 0.00795871 0.00705775 0.00050352 -0.0420435 -0.0463998 -0.0140449  0.20799 0.169187 -9.80534 
               124.6    0.61522 -0.0948626   -11.0665  0.387799  0.650598 0.0358412 -0.668075  0.165488 -0.164255  0.333398 0.0232066  0.131424 0.000368548 0.000527619   0.0093182  0.00795137   0.0070445 0.000504622 -0.0423068 -0.0465406 -0.0140251 0.208077 0.169219 -9.80533 
               124.7  0.640117 -0.101189  -11.0693  0.393129  0.654332 0.0359064 -0.668056  0.165474 -0.165926  0.333412 0.0232188  0.131422  0.0113878 0.00938948  0.0083104  0.00794595  0.00704726 0.000502883  -0.042569 -0.0468352  -0.013933  0.20817 0.169285 -9.80533 
               124.8  0.666729 -0.104424  -11.0671  0.391159  0.654727 0.0366586 -0.668252  0.165522 -0.164925  0.333403 0.0232178  0.131423 0.00300467 0.00446249  0.0096705  0.00794367  0.00704469 0.000496766 -0.0424064 -0.0468061 -0.0139228 0.208118 0.169279 -9.80533 
               124.9   0.678001 -0.0967453   -11.0718  0.386925  0.651309 0.0368151 -0.668822  0.165437 -0.163619  0.333391 0.0232039  0.131424 -0.00310028 -0.00314985   0.0103552 0.00796217 0.00703652 0.00049807 -0.0421697 -0.0465942 -0.0138489 0.208036 0.169207 -9.80533 
                 125   0.740608 -0.0914941   -11.0681  0.389723  0.651785 0.0359322 -0.669304  0.165354 -0.164565    0.3334 0.0232035  0.131423 0.00482374 0.00198913 0.00678111  0.00795838  0.00703236 0.000495377 -0.0423258 -0.0467501 -0.0136697 0.208087 0.169216 -9.80533 
               125.1  0.745111 -0.100785  -11.0921  0.394039  0.646391 0.0350085 -0.669668  0.164978 -0.166088  0.333417 0.0231833  0.131424   0.0164185 -0.00927588  0.00420073  0.00797147  0.00703655 0.000506559 -0.0425606  -0.046483 -0.0135267 0.208149 0.169104 -9.80533 
               125.2     0.7516 -0.0976668   -11.0837  0.397314   0.64768 0.0354498  -0.66958  0.165046 -0.166453  0.33342 0.023192 0.131425   0.0209919 -0.00604622  0.00666687  0.00797129  0.00703118 0.000507122 -0.0426312 -0.0466386 -0.0135116 0.208176 0.169147 -9.80533 
               125.3  0.765694 -0.107758  -11.0724  0.397266  0.646683 0.0361494 -0.669704  0.165068 -0.165901  0.333414 0.0231911  0.131425   0.0157938 -0.00701445  0.00905025 0.00796744 0.00703372 0.00050054 -0.0425148  -0.046612  -0.013506  0.20814 0.169142 -9.80533 
             125.399 0.778714 -0.10853 -11.0699  0.396719  0.646917 0.0343576 -0.670312  0.164954 -0.165333  0.333405 0.0231959  0.131425   0.0134214 -0.00202802   0.0040062  0.00797217  0.00703296 0.000496519 -0.0423505  -0.046743 -0.0132649   0.2081 0.169159 -9.80533 
               125.5  0.792399 -0.100844  -11.0511  0.394956  0.643998 0.0333864 -0.670802  0.164795 -0.164571  0.333396 0.0231871  0.131423  0.00860018 -0.00790347  0.00337264 0.00797037 0.00703194 0.00048416 -0.0421718 -0.0466062 -0.0131352 0.208044 0.169108 -9.80534 
               125.6  0.795105 -0.107141  -11.0502  0.391173  0.645901 0.0322987 -0.671199  0.164928 -0.163526   0.33338 0.0231978  0.131424 -0.000891949  -0.00155561   0.00194157  0.00797238  0.00703091 0.000482927  -0.041879  -0.046795 -0.0130014 0.207964 0.169162 -9.80534 
               125.7  0.785639 -0.101795  -11.0748  0.388063  0.644901 0.0336706  -0.67122  0.165035 -0.162853  0.333371 0.0231931  0.131422  -0.006871 -0.0037796 0.00727509  0.00797604  0.00702683 0.000492981 -0.0417298 -0.0467107 -0.0130946 0.207913 0.169148 -9.80534 
             125.799  0.814606 -0.109125  -11.0519  0.384304  0.646491 0.0337732 -0.671424  0.165161 -0.162204   0.33336 0.0231997  0.131422 -0.0124929 0.00127297 0.00765216  0.00796244  0.00703055 0.000479269 -0.0415427 -0.0468346 -0.0130312 0.207861 0.169186 -9.80534 
               125.9    0.80138 -0.0872541   -11.0611  0.381901  0.649428 0.0349397 -0.671358   0.16533 -0.161929  0.333354 0.0232084  0.131422 -0.0138774 0.00864873  0.0107514  0.00797088  0.00701914 0.000484827  -0.041461 -0.0469822 -0.0130532 0.207841 0.169237 -9.80534 
                 126   0.789897 -0.0952226   -11.0567  0.383654  0.654264 0.0345335 -0.671347  0.165348 -0.162525   0.33336 0.0232234  0.131425 -0.00606056    0.017302   0.0095691  0.00797643  0.00702389 0.000482057 -0.0415879 -0.0472602 -0.0129083  0.20789 0.169305 -9.80534 
             126.099  0.781578 -0.101272  -11.0717  0.388948  0.656339 0.0356611 -0.671048   0.16521 -0.163704  0.333378 0.0232262  0.131426 0.00688668  0.0181007  0.0124308 0.00798089  0.0070267 0.00049095 -0.0418998  -0.047295 -0.0129072 0.207987 0.169306 -9.80533 
               126.2   0.779192 -0.0891559   -11.0868  0.391662  0.658028 0.0366946  -0.67101   0.16513 -0.164114  0.333384 0.0232263  0.131427  0.011543 0.0188514 0.0134764  0.00798063  0.00702018 0.000500434 -0.0420049 -0.0472958  -0.012878 0.208019 0.169301 -9.80533 
               126.3    0.78484 -0.0758886   -11.0718  0.387039  0.652846 0.0384689 -0.671432  0.164995 -0.163062  0.333371 0.0232012  0.131425 0.00119126 0.00303258  0.0169282  0.00797719  0.00701077 0.000489368 -0.0417469 -0.0468484 -0.0129189 0.207925 0.169176 -9.80534 
             126.399   0.790173 -0.0944046   -11.0688  0.387144  0.650397 0.0374616 -0.671943  0.164767  -0.16311 0.333371 0.023191 0.131425   0.0021075 -0.00262658   0.0114621  0.00797412   0.0070207 0.000486423 -0.0417479 -0.0467527 -0.0126889 0.207924 0.169124 -9.80534 
               126.5   0.806044 -0.0839176   -11.0413  0.386492  0.649514 0.0378212 -0.672153  0.164728 -0.162918  0.333368 0.0231887  0.131425  0.00300765 -0.00373155   0.0124619  0.00796745  0.00701434 0.000470182 -0.0416912 -0.0467389 -0.0126088 0.207907 0.169114 -9.80534 
               126.6   0.797853 -0.0898993    -11.068  0.387845  0.649009 0.0383576 -0.672231  0.164666 -0.163107  0.333371 0.0231885  0.131425  0.00678301 -0.00415602   0.0126503  0.00797129  0.00701988 0.000483647 -0.0417374  -0.046754 -0.0125416 0.207922 0.169111 -9.80534 
             126.699  0.817562 -0.097124  -11.0739  0.389239   0.64534 0.0357648 -0.672839   0.16432 -0.163264  0.333374 0.0231774  0.131426 0.00946263 -0.0126601 0.00489165  0.00796094  0.00702125 0.000486656 -0.0417656 -0.0466578 -0.0122219 0.207932 0.169053 -9.80534 
               126.8   0.792126 -0.0922275   -11.0587  0.390403  0.646679 0.0345803 -0.673026  0.164324 -0.163287  0.333373 0.0231873  0.131427  0.0107156 -0.0062754 0.00208873  0.00797246  0.00701637 0.000477136  -0.041736 -0.0468544 -0.0120763 0.207932 0.169098 -9.80534 
               126.9   0.789668 -0.0838561   -11.0637  0.392155    0.6415 0.0355566 -0.672993  0.164161 -0.163436 0.333378 0.023172 0.131426  0.0127912 -0.0164448 0.00608521  0.00797512  0.00701564 0.000479202 -0.0418133 -0.0465669 -0.0121335 0.207944 0.169017 -9.80534 
             126.999   0.778746 -0.0913488   -11.0567  0.390015  0.642058 0.0369975 -0.672998  0.164364 -0.162731 0.333367 0.023179 0.131427 0.00601517 -0.0112261  0.0107839  0.00797835   0.0070159 0.000472561 -0.0416182 -0.0466735 -0.0121899  0.20789 0.169059 -9.80534 
               127.1  0.802562 -0.105336  -11.0641  0.387217  0.641411 0.0365726 -0.673404  0.164382 -0.162017  0.333356 0.0231798  0.131427 8.41971e-05  -0.0100007  0.00922446  0.00796431  0.00702038 0.000474643 -0.0414175  -0.046739 -0.0120548 0.207836 0.169071 -9.80534 
               127.2   0.796766 -0.0902553   -11.0485  0.385872   0.64554 0.0371558  -0.67343  0.164584 -0.161621  0.333349 0.0231971  0.131426 -0.00188086  0.00207158   0.0101236  0.00796896    0.007011 0.000462728 -0.0412954  -0.047053 -0.0120127 0.207812 0.169161 -9.80534 
               127.3   0.798221 -0.0942665   -11.0529  0.385799  0.647967 0.0380479 -0.673415  0.164657 -0.161582  0.333347 0.0232044  0.131425 -0.00109365  0.00751726   0.0113729 0.00796853 0.00701449 0.00046424 -0.0412794 -0.0471909 -0.0119923 0.207813   0.1692 -9.80534 
               127.4   0.813116 -0.0855391   -11.0706  0.387979  0.650466 0.0391982 -0.673302  0.164674 -0.161985  0.333352 0.0232106  0.131425 0.00478074  0.0108535  0.0130817  0.00795945  0.00700847 0.000472957 -0.0413808 -0.0473071 -0.0119799 0.207846 0.169229 -9.80534 
               127.5   0.81747 -0.100675  -11.0532  0.382222  0.649206 0.0365817 -0.674247  0.164548 -0.160775  0.333334 0.0232029  0.131426 -0.00700957  0.00572947  0.00524438  0.00795847  0.00701423 0.000464688 -0.0410385 -0.0472571 -0.0116538  0.20775 0.169194 -9.80534 
               127.6   0.777708 -0.0740325   -11.0556 0.382718 0.653622 0.038639 -0.673931  0.164759 -0.160896  0.333334 0.0232137  0.131429 -0.00296252   0.0146356   0.0105916  0.00798223  0.00700083 0.000464235 -0.0410791 -0.0474518  -0.011768 0.207766 0.169258 -9.80534 
               127.7   0.799454 -0.0872932   -11.0728   0.38609  0.656283 0.0385836 -0.673932  0.164688 -0.161615  0.333343 0.0232183  0.131429 0.00565048  0.0176775  0.0086237  0.00796863  0.00700685 0.000474454 -0.0412598 -0.0475609 -0.0116709 0.207821 0.169274 -9.80534 
               127.8   0.796896 -0.0793867   -11.0792   0.38825  0.654992 0.0391172 -0.673955  0.164538 -0.161965   0.33335 0.0232088  0.131429  0.0112475  0.0104566 0.00925491  0.00797021  0.00700161 0.000478342 -0.0413646 -0.0473856 -0.0116397 0.207844  0.16922 -9.80534 
               127.9   0.794173 -0.0969111   -11.0882  0.393336  0.648294 0.0357695 -0.674445   0.16398 -0.162862  0.333366 0.0231853  0.131427    0.0205889  -0.00751779 -0.000481777 0.00797265 0.00701286 0.00048122 -0.0416169 -0.0470112 -0.0112934 0.207905 0.169082 -9.80534 
             127.999   0.815102 -0.0992443   -11.0687 0.390062 0.649181 0.034998  -0.67479   0.16403 -0.161789   0.33335 0.0231911  0.131427   0.00997109  -0.00342124 -0.000455048  0.00796438  0.00701221 0.000468717 -0.0412921 -0.0471226  -0.011227 0.207823 0.169115 -9.80534 
               128.1  0.802222 -0.108225  -11.0553   0.38722  0.648382 0.0348127 -0.674978  0.164027  -0.16104  0.333339 0.0231904  0.131428  0.00324618 -0.00388899 0.000407123  0.00797056  0.00701519 0.000459971 -0.0410738 -0.0470873 -0.0112101 0.207764 0.169111 -9.80534 
               128.2  0.793838 -0.100509  -11.0767  0.391426  0.649183 0.0345799 -0.674877  0.164034 -0.161773  0.333349 0.0231946  0.131428   0.0119652 -0.00137525 0.000631803  0.00797727  0.00700745 0.000471404 -0.0412769 -0.0471799 -0.0111798 0.207821 0.169127 -9.80534 
               128.3   0.794696 -0.0967948    -11.055  0.390126  0.651524 0.0365131 -0.674724  0.164209 -0.161256   0.33334 0.0232023  0.131428 0.00783204 0.00521725  0.0064983  0.00797505  0.00700119 0.000458474 -0.0411235 -0.0472845 -0.0113288 0.207783 0.169171 -9.80534 
               128.4   0.804988 -0.0879754   -11.0807  0.395336   0.65293 0.0387324 -0.674345  0.164312 -0.162098  0.333351 0.0232059  0.131429  0.0172115 0.00771368  0.0118282  0.00796596  0.00699681 0.000473389 -0.0413793 -0.0473162 -0.0114492 0.207849 0.169181 -9.80534 
               128.5  0.810084 -0.101723  -11.0507  0.387297  0.651042 0.0385414 -0.674894  0.164167 -0.160325  0.333324 0.0231985  0.131429 -0.0019185 0.00252637  0.0098791  0.00796322  0.00700122 0.000455941 -0.0408366 -0.0471461 -0.0113343 0.207704 0.169145 -9.80534 
               128.6   0.792505 -0.0835716   -11.0705  0.392036  0.646927 0.0383967 -0.674828  0.163986 -0.161303  0.333342 0.0231858   0.13143   0.0102619 -0.00820557  0.00778221  0.00797117  0.00698939 0.000467111  -0.041145 -0.0469004 -0.0112388 0.207775 0.169067 -9.80534 
               128.7   0.780622 -0.0936316   -11.0565  0.386137  0.643988 0.0374754 -0.675297  0.163835 -0.160085 0.333323  0.02318 0.131428 -0.00339255  -0.0138031  0.00414559  0.00797678  0.00698852 0.000462572 -0.0407513 -0.0467783 -0.0111013 0.207671 0.169038 -9.80534 
             128.799    0.79177 -0.0800579   -11.0503  0.379739  0.643282 0.0369128 -0.675677  0.163781 -0.158924  0.333306 0.0231822  0.131426  -0.014488 -0.0112671  0.0023423  0.00797255  0.00698088 0.000458658 -0.0403819 -0.0468212 -0.0110192  0.20758 0.169053 -9.80535 
               128.9   0.797368 -0.0943231    -11.038  0.379941  0.641545 0.0354932 -0.675875  0.163702 -0.159232   0.33331 0.0231801  0.131426  -0.00977573   -0.0134849 -0.000291038  0.00796851  0.00698884 0.000452766 -0.0404667 -0.0468325 -0.0108793 0.207603 0.169042 -9.80535 
                 129   0.801027 -0.0986977   -11.0492  0.381057   0.64213 0.0349859 -0.675914  0.163744 -0.159576  0.333313 0.0231863  0.131426  -0.00321687  -0.00812491 -0.000281412  0.00796852  0.00699184 0.000456836 -0.0405584 -0.0469821  -0.010834 0.207631 0.169072 -9.80534 
               129.1   0.771858 -0.0788376   -11.0435  0.380481  0.638113 0.0366515 -0.675624  0.163717 -0.159557  0.333315 0.0231747  0.131424 -0.00323646  -0.0158328  0.00508411  0.00798553  0.00698062 0.000456547 -0.0405852 -0.0467202 -0.0109701 0.207628 0.169018 -9.80535 
               129.2   0.771195 -0.0980107   -11.0101 0.377253 0.637452 0.034214 -0.676166  0.163583 -0.159009  0.333305 0.0231805  0.131425 -0.00808714  -0.0177782 -0.00175096  0.00797474  0.00698881 0.000446225 -0.0403781 -0.0468616 -0.0107253 0.207584 0.169041 -9.80535 
               129.3   0.796176 -0.0965219   -11.0474  0.381027  0.641656 0.0345173 -0.676008  0.163786 -0.159853  0.333311 0.0231992  0.131422  0.00307333  -0.0013237 -0.00037685  0.00796754  0.00698732 0.000461688 -0.0405792 -0.0472481 -0.0107563 0.207648 0.169132 -9.80534 
               129.4   0.806918 -0.0885514   -11.0386 0.379151 0.640022 0.033647 -0.676224  0.163674  -0.15936  0.333306 0.0231937  0.131422 5.90628e-05 -0.00225084 -0.00163944   0.0079704  0.00698543 0.000453792 -0.0404515 -0.0471579 -0.0106856 0.207614 0.169107 -9.80534 
             129.499   0.791433 -0.0912023   -11.0418   0.38177  0.644718 0.0350243 -0.675998  0.163937 -0.159885  0.333309 0.0232084  0.131423 0.00623381 0.00804629 0.00319375  0.00797935  0.00698698 0.000455131   -0.04057 -0.0474586 -0.0108065 0.207651 0.169185 -9.80534 
               129.6  0.803874 -0.103802  -11.0256  0.382414  0.644709 0.0342334 -0.676139   0.16385  -0.15988  0.333309 0.0232062  0.131423 0.00615865 0.00490305 0.00201317   0.0079681  0.00699086 0.000445715 -0.0405663 -0.0474365 -0.0107103  0.20765 0.169174 -9.80534 
               129.7   0.795499 -0.0942337   -11.0528   0.38501  0.648347 0.0351865 -0.676047  0.163998 -0.160259  0.333311 0.0232153  0.131424   0.010144  0.0140918 0.00505562  0.00797618   0.0069884 0.000460614 -0.0406592  -0.047631 -0.0107635 0.207678 0.169221 -9.80534 
               129.8  0.786095 -0.105564  -11.0398  0.384905  0.645799 0.0354345 -0.676049  0.163854 -0.160094  0.333311 0.0232033  0.131422 0.00865456 0.00350888 0.00590145  0.00797508  0.00699218 0.000451558 -0.0406286 -0.0473714  -0.010743 0.207663 0.169158 -9.80534 
               129.9   0.776334 -0.0976044   -11.0274  0.386836  0.641668 0.0370148 -0.675815  0.163762 -0.160356  0.333315 0.0231892  0.131421   0.0127613 -0.00763758   0.0095334  0.00797233  0.00698345 0.000446286 -0.0407318  -0.047071 -0.0108261 0.207678 0.169089 -9.80534 
                 130  0.791071 -0.105253  -11.0287  0.383852  0.642385 0.0365933 -0.676194  0.163719 -0.159501  0.333303 0.0231926  0.131421 0.00404742 0.00262264 0.00681138  0.00796562  0.00698786 0.000450857 -0.0404663 -0.0471618 -0.0107112 0.207617  0.16911 -9.80534 
             130.099   0.793504 -0.0929134   -11.0254  0.383747  0.646438 0.0354036 -0.676521  0.163757   -0.1593    0.3333 0.0232043   0.13142 0.00312892 0.00858834 0.00245245  0.00795497  0.00698056 0.000453866 -0.0403861 -0.0474535  -0.010554 0.207608 0.169171 -9.80534 
               130.2  0.760422 -0.103607  -10.9929 0.380009 0.646431 0.036398 -0.676575  0.163738 -0.158645  0.333289 0.0232034  0.131419 -0.00351859 -0.00100617  0.00582081  0.00795177  0.00698329 0.000450058  -0.040158 -0.0473972 -0.0106101 0.207552 0.169168 -9.80534 
               130.3  0.745699 -0.102607  -10.9746  0.383801  0.651038 0.0379706 -0.676369  0.163959 -0.159224  0.333299 0.0232174  0.131423 0.00521827 0.00732504 0.00937265  0.00795606  0.00698186 0.000444595 -0.0403541 -0.0477165 -0.0106844 0.207608 0.169243 -9.80534 
             130.399    0.79918 -0.0988062   -11.0048 0.379377  0.65049 0.037597  -0.67684  0.163817 -0.158128  0.333287 0.0232094  0.131424 -0.00222027    0.020043  0.00780753  0.00795347  0.00698021 0.000442613 -0.0400726 -0.0476139 -0.0105695 0.207537 0.169214 -9.80534 
               130.5   0.764053 -0.0954884   -10.9631 0.377995 0.653459 0.036475  -0.67724  0.163741 -0.157904  0.333284 0.0232133  0.131424 -0.00743093   0.0172347  0.00345144   0.0079562  0.00697972 0.000442747 -0.0399909 -0.0477304 -0.0104114 0.207523 0.169229 -9.80534 
               130.6  0.690173 -0.105329  -10.9183  0.375897   0.64874 0.0375784 -0.677135  0.163537 -0.157749 0.333281 0.023195 0.131414 -0.00860027  -0.0177045  0.00578209  0.00795866  0.00697763 0.000435667 -0.0399499  -0.047353   -0.01048 0.207503 0.169146 -9.80535 
               130.7  0.732991 -0.107586  -10.9386  0.377378  0.642604 0.0375081 -0.677122  0.163416 -0.158372   0.33329 0.0231822  0.131415 -0.00157335  -0.0219313   0.0045536  0.00795513  0.00697947 0.000441045 -0.0401155 -0.0471026 -0.0104295 0.207534 0.169077 -9.80535 
               130.8  0.825328 -0.102574  -11.0019  0.375281   0.64737 0.0376568 -0.677426  0.163445 -0.157547  0.333274 0.0231958  0.131401 -0.00744722   0.0111197  0.00544827 0.00795737 0.00697936 0.00043772   -0.03993 -0.0475053  -0.010394 0.207508  0.16917 -9.80535 
               130.9   0.807801 -0.0769467    -11.037  0.375198  0.648919 0.0367082 -0.677747  0.163385 -0.157602  0.333276 0.0231954  0.131401 0.00181402  0.0177054 0.00383421  0.00795587  0.00696668 0.000441434 -0.0399344 -0.0475642 -0.0102733 0.207511  0.16917 -9.80535 
                 131  0.745221 -0.101932   -11.001  0.386409  0.651341 0.0365105 -0.677473  0.163496 -0.159533 0.333301 0.023201 0.131401  0.0212941 0.00477086 0.00286089  0.00795507  0.00698312 0.000447702 -0.0405377 -0.0476889 -0.0102231 0.207654 0.169178 -9.80534 
               131.1   0.718846 -0.0943696   -10.9508  0.384124  0.645906 0.0360923  -0.67755  0.163273 -0.158921   0.33329 0.0231889  0.131394  0.0110012 -0.0219756 0.00216032  0.00795565  0.00697914 0.000443407 -0.0403423  -0.047375 -0.0101759 0.207601 0.169111 -9.80534 
               131.2   0.809246 -0.0852826   -11.0106  0.381863  0.644008 0.0374776 -0.677447  0.163284 -0.158209  0.333282 0.0231881  0.131395  0.00875449 -0.00320405  0.00653069  0.00795699    0.006971 0.000440866 -0.0401551 -0.0472903 -0.0102654 0.207555 0.169106 -9.80535 
             131.299   0.818646 -0.0876314   -11.0537  0.388439  0.644064 0.0372299 -0.677489  0.163256 -0.159472  0.333296 0.0231892  0.131395  0.0226267 0.00475157 0.00675634   0.0079718  0.00698092 0.000446153 -0.0404545 -0.0473351  -0.010181 0.207626 0.169098 -9.80534 
               131.4   0.787285 -0.0955097   -11.0583  0.389691  0.642041 0.0346926 -0.677815  0.163068 -0.159326  0.333294 0.0231856  0.131394    0.0216486  -0.00946576 -0.000527719   0.0079684  0.00698153 0.000443292  -0.0403907  -0.0472547 -0.00992738 0.207611 0.169069 -9.80535 
               131.5   0.791154 -0.0957004   -11.0535  0.394594  0.647574 0.0335186 -0.677787  0.163219  -0.15975  0.333297 0.0232052  0.131396   0.0267438  0.00225871 -0.00187176 0.00794974 0.00697965 0.00045135  -0.0404707  -0.0476896 -0.00982138 0.207645 0.169165 -9.80534 
               131.6   0.81216 -0.104878   -11.059  0.393981  0.647219 0.0326319 -0.677994  0.163168  -0.15923  0.333289 0.0232022  0.131397   0.0208201  0.00947629 -0.00194834  0.00795619  0.00698683 0.000448166  -0.0402932  -0.0476269 -0.00975752 0.207601 0.169152 -9.80534 
             131.699  0.822796 -0.100237  -11.0636  0.392183  0.647595 0.0319687 -0.678194  0.163151 -0.158631   0.33328 0.0232004  0.131397  0.0145261 0.00866043 -0.0019156  0.00795574   0.0069823 0.000443706  -0.0400821  -0.0475817 -0.00971411  0.20755 0.169145 -9.80535 
               131.8  0.813303 -0.109808  -11.0307 0.385674 0.647339 0.031446 -0.678486  0.163185 -0.157628   0.33326 0.0232011  0.131397  -0.0020907 0.000310718 -0.00133524  0.00794703  0.00698888 0.000432424  -0.0396579    -0.04751 -0.00968836 0.207448  0.16914 -9.80535 
               131.9  0.799831 -0.107526  -11.0262  0.373971  0.643541 0.0329425  -0.67872  0.163199 -0.156085  0.333232 0.0231915  0.131393  -0.0253244 -0.00567549  0.00493326  0.00795251  0.00698905 0.000428505  -0.0390721  -0.0471953 -0.00983064 0.207299  0.16909 -9.80535 
                 132   0.82547 -0.110211  -11.0629  0.382064    0.6457 0.0351745 -0.678121  0.163258 -0.157744  0.333256 0.0232004  0.131394 -0.00234455  0.00478692   0.0115063  0.00795014  0.00698697 0.000446845  -0.0396422  -0.0473521 -0.00996049 0.207437 0.169119 -9.80535 
               132.1   0.803083 -0.0956606   -11.0625  0.384861  0.647911 0.0354313 -0.678131  0.163263 -0.158174  0.333262 0.0232064  0.131396 0.00469113 0.00648347  0.0107969  0.00795555   0.0069754 0.000446073  -0.0397871  -0.0474949 -0.00987202 0.207476 0.169143 -9.80535 
               132.2  0.817073 -0.101626  -11.0466  0.382949  0.644545 0.0333505 -0.678554  0.163066 -0.157897  0.333258 0.0231955  0.131395 0.000104176 -0.00395172  0.00349954  0.00793912  0.00697856 0.000439179   -0.039675  -0.0472993 -0.00960819 0.207444 0.169088 -9.80535 
             132.299  0.807182 -0.106843  -11.0239  0.377003  0.641074 0.0340667 -0.678736  0.163025 -0.157068 0.333244 0.023187 0.131394  -0.0108053 -0.00705099  0.00599997  0.00794639  0.00698146 0.000424354  -0.0393712  -0.0470598 -0.00964133 0.207366 0.169043 -9.80535 
               132.4   0.816488 -0.0865067   -11.0573    0.3826  0.646156 0.0345874 -0.678519  0.163144 -0.157952 0.333255 0.023204 0.131395 0.00342057 0.00692698 0.00757284  0.00794272  0.00696967 0.000440466  -0.0396851  -0.0474504 -0.00961062 0.207451 0.169122 -9.80535 
               132.5   0.790616 -0.0986643   -11.0365  0.378433  0.643688 0.0360259 -0.678626  0.163094 -0.157376  0.333246 0.0231947  0.131393 -0.00609221 -0.00213111   0.0114839    0.007949  0.00697713 0.000430497   -0.039464  -0.0472275 -0.00966782 0.207393  0.16908 -9.80535 
               132.6  0.815673 -0.110407  -11.0332  0.377155  0.646928 0.0351157 -0.678855  0.163138  -0.15719  0.333241 0.0232041  0.131392 -0.00679514  0.00681791  0.00753175  0.00793443  0.00698115 0.000428522 -0.0393789 -0.0474838 -0.0094794 0.207382 0.169132 -9.80535 
               132.7  0.815778 -0.114654   -11.042  0.379497  0.648724 0.0347007 -0.678904  0.163096 -0.157619 0.333247 0.023207 0.131392 0.00010266  0.0121171 0.00702557  0.00794253  0.00698168 0.000430317  -0.0395324  -0.0475824 -0.00936501 0.207421 0.169144 -9.80535 
               132.8   0.817869 -0.0965314   -11.0389  0.387685  0.650977 0.0350335 -0.678671  0.163038 -0.158786  0.333266 0.0232113  0.131394  0.0179894  0.0120178 0.00763776  0.00794145    0.006968 0.000428106  -0.0399748  -0.0476973 -0.00931833 0.207527 0.169155 -9.80535 
               132.9  0.811751 -0.115902  -11.0608  0.389294   0.65021 0.0344412 -0.678846  0.162934 -0.158806  0.333267 0.0232064  0.131393  0.0176401 0.00724385 0.00541824  0.00794178  0.00697604 0.000439589  -0.0399759  -0.0476028 -0.00919982 0.207525 0.169127 -9.80535 
                 133  0.828119 -0.115539  -11.0558  0.389687  0.649851 0.0337707 -0.679071  0.162876 -0.158611  0.333265 0.0232025  0.131394  0.0154738 0.00773984 0.00395389  0.00793571  0.00697357 0.000432433   -0.039902  -0.0475481 -0.00909091 0.207506  0.16911 -9.80535 
             133.099   0.830254 -0.0947007   -11.0399  0.388599  0.647922 0.0335857 -0.679272  0.162807 -0.158271  0.333259 0.0231949  0.131393  0.0110493 0.00181316 0.00426629   0.0079345  0.00696266 0.000421391  -0.0397772  -0.0473806 -0.00904116 0.207472 0.169072 -9.80535 
               133.2  0.813079 -0.112903  -11.0527  0.388896  0.648546 0.0316626 -0.679543  0.162763 -0.158157  0.333256 0.0231977  0.131394    0.0097468   0.00161057 -0.000488801  0.00794085  0.00697122 0.000425811  -0.0397152  -0.0474511 -0.00882949 0.207461  0.16908 -9.80535 
               133.3   0.797955 -0.0937615   -11.0497  0.387089  0.649289 0.0350632 -0.679286   0.16292 -0.157718  0.333248 0.0231963  0.131393   0.004335 0.00497558  0.0102801     0.00795  0.00695826 0.000424074 -0.0395701 -0.0474143 -0.0091191 0.207425  0.16909 -9.80535 
               133.4  0.814518 -0.088687  -11.0387  0.379833  0.648264 0.0352572 -0.679666  0.162928 -0.156623  0.333231 0.0231921  0.131391  -0.010581 0.00254279 0.00979482  0.00794208  0.00695431 0.000417307  -0.0391484  -0.0473026 -0.00904767 0.207327 0.169073 -9.80535 
               133.5  0.811442 -0.109099  -11.0489  0.380505  0.650708 0.0346606  -0.67977  0.162928 -0.156819  0.333232 0.0231984   0.13139 -0.00703848   0.0065299   0.0073324  0.00793971  0.00696483 0.000423839 -0.0392171 -0.0474798 -0.0088989 0.207348 0.169104 -9.80535 
               133.6  0.821447 -0.116074  -11.0697  0.382045  0.644436 0.0342551 -0.679886  0.162667 -0.157314  0.333243 0.0231807  0.131391 -0.0013975 -0.0100723 0.00727381  0.00793565  0.00696548 0.000436855  -0.0394015  -0.0470799 -0.00879478 0.207377 0.169004 -9.80535 
               133.7 0.818649 -0.10734 -11.0671  0.391648  0.643987 0.0338606 -0.679705  0.162534 -0.158772  0.333266 0.0231838  0.131392   0.0199905 -0.00757322  0.00563444  0.00794086  0.00696025 0.000434181  -0.0399283  -0.0471788 -0.00868189 0.207498 0.169004 -9.80535 
               133.8  0.806431 -0.103982  -11.0578  0.393334  0.646107 0.0351672 -0.679602  0.162653 -0.158662  0.333264 0.0231913  0.131393    0.0203727 -0.000596889   0.00945171  0.00794588   0.0069569 0.000428105  -0.0398865  -0.0473392 -0.00873322 0.207494 0.169045 -9.80535 
               133.9  0.821049 -0.090422  -11.0456  0.392045  0.646373 0.0340974 -0.679947  0.162624 -0.158156  0.333256 0.0231924  0.131391   0.0143604 0.000109291  0.00593276  0.00793428  0.00694788 0.000418997  -0.0396808  -0.0473865 -0.00855125  0.20745 0.169052 -9.80535 
                 134  0.820943 -0.117893  -11.0651 0.392092 0.644837 0.034001 -0.680105  0.162571 -0.157967  0.333254 0.0231879  0.131391  0.0119698 -0.0024179 0.00561219  0.00793566  0.00695979 0.000427491 -0.0396143 -0.0472956 -0.0084894 0.207433  0.16903 -9.80535 
               134.1  0.833249 -0.111664  -11.0646  0.394073  0.648881 0.0327505 -0.680219    0.1626 -0.158034  0.333252 0.0231986   0.13139  0.0134455 0.00839188 0.00217707 0.00793509  0.0069552 0.00042592  -0.0396036  -0.0475905 -0.00832408 0.207441 0.169088 -9.80535 
               134.2  0.832603 -0.113567  -11.0627  0.395327  0.649432 0.0331905 -0.680216  0.162601 -0.158014  0.333252 0.0231981   0.13139  0.0142627  0.0064056 0.00483189   0.0079321  0.00695495 0.000424542   -0.039598  -0.0475756 -0.00833329  0.20744 0.169085 -9.80535 
               134.3   0.816363 -0.0920593   -11.0579 0.389997 0.644366 0.032101 -0.680669   0.16243 -0.157113   0.33324 0.0231836  0.131385  0.00149589 -0.00635246  0.00237475  0.00794243  0.00694197 0.000421779  -0.0392556  -0.0472189 -0.00820478 0.207354 0.169011 -9.80535 
               134.4  0.807523 -0.100931  -11.0623 0.384683 0.643897 0.033099 -0.680773  0.162522  -0.15631  0.333227 0.0231828  0.131385 -0.00921436   -0.004853  0.00617603  0.00794867  0.00694328 0.000422236  -0.0389541  -0.0471828 -0.00826854 0.207287 0.169015 -9.80535 
               134.5  0.820957 -0.107327  -11.0469  0.385163  0.644999 0.0326608 -0.680841  0.162507 -0.156494  0.333229 0.0231871  0.131384 -0.00622577 -0.00208455  0.00461605   0.0079392  0.00694618 0.000413025  -0.0390088  -0.0473143 -0.00816771 0.207304 0.169037 -9.80535 
               134.6  0.816059 -0.101832  -11.0414  0.385146  0.643443 0.0348854 -0.680636  0.162528 -0.156601  0.333231 0.0231835  0.131385 -0.00530282 -0.00568377   0.0116261   0.0079425   0.0069414 0.000411284  -0.0390663  -0.0472031 -0.00831286 0.207312 0.169018 -9.80535 
               134.7  0.837858 -0.107816  -11.0519  0.384877  0.642188 0.0331253 -0.681025  0.162413 -0.156637  0.333232 0.0231803  0.131385 -0.00498223 -0.00733743  0.00612872  0.00793501  0.00694336 0.000417006 -0.0390738 -0.0472252 -0.0080505 0.207314 0.169008 -9.80535 
               134.8  0.832048 -0.103987  -11.0334  0.382246   0.63983 0.0336406 -0.681128  0.162387 -0.156349  0.333227 0.0231761  0.131385 -0.00813319  -0.0111759  0.00713885  0.00794124  0.00693842 0.000405526   -0.038969  -0.0471184 -0.00803877 0.207288 0.168988 -9.80535 
               134.9   0.82464 -0.105607  -11.0496  0.382359  0.640628 0.0337463 -0.681169   0.16242 -0.156436  0.333228 0.0231816  0.131385 -0.00642868 -0.00754896  0.00732359  0.00794325   0.0069408 0.000413804  -0.0390011  -0.0472599 -0.00797286 0.207299 0.169014 -9.80535 
             134.999  0.832502 -0.105109  -11.0483   0.37944  0.638487 0.0327752 -0.681484  0.162374 -0.156119  0.333224 0.0231781  0.131385  -0.010677 -0.0107718 0.00405351  0.00794277   0.0069387 0.000411588  -0.0388808  -0.0472028 -0.00782519 0.207271 0.168996 -9.80535 
               135.1  0.820962 -0.118963  -11.0367  0.383553  0.637689 0.0315555 -0.681537  0.162277 -0.156942  0.333234 0.0231795  0.131384 0.000475433  -0.0102733 0.000990182  0.00794906  0.00694541 0.000403665  -0.0391589  -0.0472797 -0.00767753 0.207333 0.168996 -9.80535 
               135.2  0.826972 -0.112164  -11.0356  0.382791  0.637385 0.0314293 -0.681594    0.1623 -0.156785  0.333232 0.0231816  0.131384 -0.00144172  -0.0101991  0.00162493  0.00794698  0.00693709 0.000401259   -0.039104  -0.0473316 -0.00765181 0.207323 0.169008 -9.80535 
               135.3   0.823796 -0.0977868   -11.0368  0.385038  0.637975 0.0315378 -0.681535  0.162323 -0.157094  0.333236 0.0231859  0.131384  0.00547135 -0.00728194  0.00267294  0.00794618  0.00692992 0.000401372  -0.0392131  -0.0474464 -0.00763666  0.20735 0.169028 -9.80535 
               135.4  0.826822 -0.117787  -11.0387  0.387444  0.640256 0.0326556 -0.681368  0.162411 -0.157308  0.333239 0.0231934  0.131385   0.0102404 0.000322551   0.0058714  0.00794992  0.00694006 0.000402474  -0.0392881  -0.0476221 -0.00770101 0.207371 0.169066 -9.80535 
               135.5  0.831626 -0.106717  -11.0441  0.387395  0.643163 0.0342451 -0.681292  0.162521 -0.157072  0.333234 0.0232006  0.131384 0.00912758 0.00634518 0.00990467  0.00794936   0.0069321 0.000405049  -0.0391974  -0.0477842 -0.00777745 0.207357 0.169106 -9.80535 
               135.6   0.815591 -0.0920431   -11.0437  0.385042   0.64597 0.0355624 -0.681367  0.162585  -0.15651  0.333225 0.0232055  0.131383 0.00318158  0.0119966  0.0115492  0.00796093   0.0069233 0.000401224  -0.0389832  -0.0479007 -0.00780416 0.207317 0.169137 -9.80535 
               135.7   0.801134 -0.0943686    -11.054  0.386773  0.645882 0.0361324 -0.68139 0.162521 -0.15674  0.333229 0.0232029  0.131383 0.00662295 0.00927622  0.0111472  0.00797107  0.00692136 0.000405193  -0.0390712  -0.0478355 -0.00774894 0.207333 0.169118 -9.80535 
               135.8  0.826267 -0.100856  -11.0572 0.391498 0.648076  0.03511 -0.681553  0.162456 -0.157372  0.333237 0.0232058  0.131382  0.0150944   0.011672 0.00653052  0.00795716  0.00692343 0.000407937  -0.0392747  -0.0479884 -0.00755964  0.20738 0.169133 -9.80535 
               135.9   0.817912 -0.0960392   -11.0375  0.392449  0.653167 0.0349087 -0.681739  0.162498 -0.157262  0.333234 0.0232162  0.131382   0.014355  0.0204894 0.00545524  0.00796043  0.00692142 0.000398909  -0.0391909  -0.0482658 -0.00747512 0.207373 0.169186 -9.80535 
                 136   0.811472 -0.0980303   -11.0693  0.396127  0.650735 0.0346603 -0.681709  0.162372 -0.157654 0.333242 0.023206 0.131381  0.0204931 0.00990607 0.00435296  0.00796462  0.00691988 0.000414578  -0.0393586  -0.0479973 -0.00740973 0.207398 0.169125 -9.80535 
               136.1  0.839298 -0.102077  -11.0694  0.398635  0.650014 0.0354459 -0.681639  0.162354 -0.157755  0.333244 0.0232024  0.131382  0.0218072 0.00398566 0.00546219  0.00794666  0.00692144 0.000413656  -0.0394054  -0.0478935 -0.00743576 0.207404 0.169105 -9.80535 
               136.2  0.812987 -0.090868  -11.0458  0.395635  0.647957 0.0359527 -0.681757  0.162254 -0.157002 0.333233 0.023197 0.131381   0.0128677 0.000187006  0.00531853  0.00796216  0.00691354 0.000401929  -0.0391276  -0.0477021 -0.00743241 0.207344 0.169076 -9.80535 
               136.3   0.80882 -0.109621  -11.0563 0.392378 0.645809 0.034452 -0.682098  0.162113 -0.156367  0.333224 0.0231927  0.131381  0.00261852 -0.00489689 0.000986577  0.00795991  0.00692459 0.000404148  -0.0388837  -0.0475834 -0.00726341 0.207293 0.169051 -9.80535 
               136.4  0.823453 -0.117454  -11.0342  0.387724  0.642675 0.0338602 -0.682256  0.161999 -0.155689  0.333214 0.0231873  0.131382 -0.00566631  -0.0121384  0.00038528  0.00795152  0.00692917 0.000393423  -0.0386265  -0.0474043 -0.00720695 0.207239 0.169022 -9.80535 
               136.5  0.805786 -0.106373  -11.0519  0.386237  0.643822 0.0341374 -0.682315  0.162045 -0.155476  0.33321 0.023193 0.131382 -0.00642324 -0.00708608  0.00144951  0.00796436  0.00692079 0.000398076  -0.0385398  -0.0475558 -0.00722227 0.207226 0.169053 -9.80535 
               136.6   0.80774 -0.106447  -11.0434  0.385991  0.643211 0.0341901 -0.682316  0.162051 -0.155544  0.333211 0.0231932  0.131382 -0.00554263 -0.00712353  0.00119825  0.00796318  0.00692114 0.000393858  -0.0385643  -0.0475671 -0.00721551 0.207231 0.169055 -9.80535 
               136.7   0.821488 -0.0951773   -11.0467  0.387182  0.644708 0.0333148 -0.682475  0.162079 -0.155775  0.333213 0.0231987  0.131382 -0.000741173  -0.00290426  -0.00137789  0.00795176  0.00691545 0.000397173  -0.0386322  -0.0477579 -0.00712749  0.20725 0.169083 -9.80535 
               136.8   0.807455 -0.0978242   -11.0631  0.391763   0.64957 0.0320581 -0.682703  0.162226 -0.156468  0.333219 0.0232125  0.131383  0.00934025    0.008401 -0.00379556 0.00796058  0.0069158 0.00040404  -0.0388463  -0.0481747 -0.00701543 0.207302 0.169147 -9.80535 
               136.9  0.820786 -0.120037  -11.0443  0.387888  0.649029 0.0304491 -0.682942  0.162071 -0.155688  0.333208 0.0232093  0.131384 -0.000368826   0.00509154  -0.00667562  0.00795206  0.00692687 0.000391659  -0.0385653  -0.0480793 -0.00691465 0.207247 0.169132 -9.80535 
                 137  0.831231 -0.105451  -11.0529  0.382889  0.653379 0.0303535 -0.683119  0.162043 -0.154797  0.333195 0.0232188  0.131382  -0.0110697     0.01427 -0.00454442  0.00794892  0.00691833 0.000392432  -0.0382164  -0.0483075 -0.00695673  0.20719 0.169185 -9.80535 
               137.1  0.824806 -0.100211  -11.0428 0.378638  0.64869 0.031024 -0.682839  0.161908 -0.154368  0.333191 0.0232035  0.131382   -0.0166405 -0.000883528 -0.000446525  0.00795658  0.00691373 0.000384676  -0.0381018  -0.0478391 -0.00705711 0.207156 0.169109 -9.80535 
               137.2   0.83093 -0.108305  -11.0581   0.38311  0.647458 0.0331214 -0.682403   0.16207 -0.155372  0.333205 0.0232015  0.131382  -0.0029114 -0.00500769  0.00610039  0.00795418  0.00691874 0.000393909 -0.0384872 -0.0477605 -0.0072314 0.207224 0.169093 -9.80535 
               137.3   0.824967 -0.0940696   -11.0847  0.396127  0.647274 0.0335362 -0.682134   0.16234 -0.157542  0.333232 0.0232064  0.131385   0.0255718 -0.00457526  0.00585646  0.00795947   0.0069119 0.000406017  -0.0392758  -0.0478652 -0.00720605 0.207369 0.169089 -9.80535 
               137.4   0.803889 -0.0856941   -11.0544  0.392144   0.64725 0.0365236    -0.682  0.162296 -0.156483  0.333218 0.0232065  0.131384   0.0138625 -0.00336049   0.0132301  0.00796809  0.00690551 0.000390292  -0.0388895  -0.0478078 -0.00740781 0.207298 0.169099 -9.80535 
               137.5 0.830972 -0.11659 -11.0662  0.397353  0.648918 0.0341508 -0.682426  0.162263 -0.157039  0.333222 0.0232101  0.131382  0.0211388 0.00167247 0.00388892  0.00795263  0.00692231 0.000395451  -0.0390739  -0.0480399 -0.00708766 0.207339  0.16912 -9.80535 
               137.6 0.811653 -0.11346 -11.0431  0.394083  0.648693 0.0339341 -0.682607  0.162153 -0.156251   0.33321 0.0232107  0.131382  0.0104511 0.00119379 0.00299824  0.00796151  0.00691883 0.000384618  -0.0387548  -0.0479956 -0.00703869  0.20728 0.169119 -9.80535 
               137.7  0.839935 -0.108889  -11.0742  0.398292  0.650371 0.0335401 -0.682656  0.162205 -0.156682  0.333215 0.0232146  0.131381  0.0173258 0.00423584 0.00180982  0.00794341   0.0069154 0.000403086  -0.0389172  -0.0481343 -0.00697322 0.207313 0.169137 -9.80535 
               137.8  0.815667 -0.109357  -11.0573  0.392707  0.650279 0.0350273 -0.682686  0.162122 -0.155648    0.3332 0.0232134  0.131381 0.00232506 0.00318956 0.00622167  0.00795657  0.00691574 0.000389887  -0.0384887  -0.0480348 -0.00708087 0.207233 0.169135 -9.80535 
               137.9  0.798285 -0.110277  -11.0546  0.387792     0.646 0.0331893 -0.682955  0.161863 -0.155021  0.333192 0.0232043  0.131377   -0.0082036  -0.00748765 -0.000498179  0.00796616  0.00691557 0.000387559   -0.038214  -0.0477318 -0.00688187 0.207176  0.16908 -9.80535 
                 138  0.819982 -0.107982  -11.0427  0.385914  0.648851 0.0342785 -0.682951  0.161933 -0.154787  0.333188 0.0232135  0.131376 -0.00918299  0.00137717   0.0035409  0.00795554  0.00691059 0.000383475  -0.0381074  -0.0479536 -0.00696775 0.207163 0.169126 -9.80535 
               138.1    0.81574 -0.0968382   -11.0576  0.381412  0.647677 0.0341742 -0.683061   0.16183  -0.15429  0.333181 0.0232099  0.131375   -0.0160999 -0.000895698   0.00331223  0.00795588  0.00690211 0.000390446   -0.037898  -0.0478457 -0.00692591 0.207123 0.169111 -9.80535 
               138.2  0.833881 -0.106951  -11.0513  0.378892  0.646461 0.0334936 -0.683172  0.161771  -0.15417   0.33318 0.0232067  0.131376   -0.016915 -0.00330325 0.000977144  0.00794166   0.0069079 0.000385867  -0.0378487  -0.0477821 -0.00683914 0.207112 0.169098 -9.80536 
               138.3   0.81865 -0.102298  -11.0331  0.378878  0.644765 0.0330999  -0.68316  0.161751 -0.154401  0.333183 0.0232034  0.131376  -0.0118273 -0.00677785 0.000485882  0.00794943  0.00690328 0.000375573  -0.0379551  -0.0477085 -0.00679428 0.207129  0.16908 -9.80536 
               138.4 0.811253 -0.09855 -11.0375  0.378841  0.647985 0.0312918  -0.68341  0.161773 -0.154529  0.333184 0.0232134  0.131377 -0.00916097  0.00252398 -0.00322769  0.00795514  0.00689892 0.000375504  -0.0379692  -0.0480131 -0.00662329 0.207141 0.169127 -9.80535 
               138.5   0.811758 -0.0969122   -11.0435  0.380646  0.645192 0.0322075 -0.683165  0.161799 -0.154889  0.333191 0.0232067  0.131377 -0.00234076 -0.00504072 0.000676893  0.00795431  0.00689596 0.000378546   -0.038169  -0.0478043 -0.00672911  0.20717 0.169089 -9.80535 
               138.6   0.822923 -0.0913175   -11.0324  0.378742  0.647644 0.0321965  -0.68327  0.161825 -0.154655  0.333186 0.0232135  0.131376 -0.00548784  0.00205788 0.000652431  0.00794566  0.00688925 0.000371783  -0.0380334   -0.047995 -0.00672135 0.207151 0.169126 -9.80535 
             138.699  0.830723 -0.122915  -11.0577  0.388816  0.648462 0.0326105  -0.68301  0.161945 -0.156076  0.333207 0.0232182  0.131371  0.0171829 0.00282201 0.00276903  0.00793985  0.00690326 0.000389604  -0.0386515  -0.0480993 -0.00673439 0.207264 0.169128 -9.80535 
               138.8  0.830833 -0.107698  -11.0561  0.391327  0.647948 0.0328491  -0.68298  0.161937 -0.156176  0.333209 0.0232165  0.131371  0.0201919 0.00159705  0.0033309  0.00793986  0.00689283 0.000388773  -0.0387031  -0.0480478 -0.00672974 0.207272 0.169117 -9.80535 
             138.899  0.834657 -0.113594  -11.0398   0.39071  0.644833 0.0325476 -0.683037  0.161821 -0.155848 0.333205 0.023209 0.131371   0.0154882 -0.00566468  0.00228238  0.00793715  0.00689436 0.000379305   -0.038576   -0.047822 -0.00667906 0.207243  0.16908 -9.80535 
             138.999  0.824616 -0.100626  -11.0405  0.392333   0.64325 0.0329944 -0.682995  0.161808 -0.155846  0.333205 0.0232065  0.131371   0.0175202 -0.00756043  0.00322162  0.00794449   0.0068866 0.000378445 -0.0385867 -0.0477471 -0.0066991 0.207243 0.169067 -9.80535 
               139.1  0.819453 -0.112052  -11.0554  0.393099  0.641746 0.0341041 -0.682938  0.161806 -0.155716  0.333203 0.0232042  0.131371   0.0159942 -0.00886027  0.00599233  0.00794576  0.00688909 0.000384898  -0.0385387  -0.0476772 -0.00676204 0.207233 0.169058 -9.80535 
               139.2  0.823493 -0.111236  -11.0497  0.394787  0.645528 0.0339207 -0.683115   0.16186 -0.155744  0.333201 0.0232147  0.131371  0.0160567 0.00163741  0.0050041  0.00794004  0.00688537 0.000382129 -0.0384852 -0.0480063 -0.0066822 0.207233 0.169114 -9.80535 
               139.3  0.839064 -0.121431   -11.044  0.387067  0.646405 0.0315619 -0.683584  0.161651 -0.154646  0.333182 0.0232155  0.131372 -0.00287015  0.00343388 -0.00199816 0.00793277 0.00688842 0.00037817  -0.0379132  -0.0480406 -0.00644561 0.207136 0.169127 -9.80535 
               139.4   0.839156 -0.0947767     -11.06  0.386643  0.643371 0.0328563 -0.683388  0.161647 -0.154633  0.333183 0.0232084  0.131372 -0.00201169 -0.00465208  0.00310353  0.00793598  0.00687269 0.000387921  -0.0379488  -0.0477977 -0.00657171 0.207135 0.169089 -9.80535 
             139.499  0.833223 -0.116956  -11.0464  0.384737  0.643611 0.0341789 -0.683347  0.161673 -0.154422  0.333179 0.0232098  0.131373 -0.00516577 -0.00261109   0.0065775  0.00793731  0.00688308 0.000377849  -0.0378469  -0.0478175 -0.00665523 0.207117 0.169098 -9.80536 
               139.6  0.819782 -0.118162  -11.0528   0.38415   0.64102 0.0314249 -0.683627  0.161517 -0.154448   0.33318 0.0232064  0.131372 -0.00384486 -0.00745163 -0.00236464  0.00794447  0.00688533 0.000380539 -0.0378485 -0.0477146 -0.0063712 0.207116  0.16907 -9.80536 
             139.699  0.837195 -0.125834  -11.0503  0.389073  0.644271 0.0303735 -0.683679  0.161621 -0.155072  0.333188 0.0232152  0.131371  0.00704808   0.0010347 -0.00340943  0.00793239  0.00689041 0.000381177  -0.0381136  -0.0480272 -0.00628826  0.20717 0.169113 -9.80535 
               139.8   0.826236 -0.0975669   -11.0569  0.386838  0.646454 0.0300103 -0.683799  0.161606 -0.154683  0.333181 0.0232194  0.131369  0.00131425  0.00639637 -0.00253828  0.00793432  0.00687492 0.000385269  -0.0379069  -0.0481503 -0.00628263 0.207139 0.169139 -9.80535 
               139.9  0.813511 -0.111542  -11.0246  0.383113  0.642243 0.0315696 -0.683614  0.161521  -0.15425  0.333174 0.0232083  0.131367 -0.00552384 -0.00469693  0.00345688  0.00793966  0.00687982 0.000368918  -0.0377418  -0.0477792 -0.00644258   0.2071 0.169087 -9.80536 
                 140    0.81647 -0.0962109    -11.056  0.383935  0.639735 0.0312947 -0.683607  0.161477 -0.154438  0.333178 0.0232043  0.131367 -0.00142523 -0.00890064  0.00313916  0.00793927  0.00687039 0.000386541  -0.0378409  -0.0476608 -0.00638684 0.207114 0.169062 -9.80536 
               140.1     0.8148 -0.0910159   -11.0672  0.388561  0.643043 0.0321591  -0.68353  0.161621 -0.154976  0.333184 0.0232139  0.131368  0.00951836 0.000743559  0.00602589   0.0079395  0.00687157 0.000391672  -0.0380702  -0.0479457 -0.00641654  0.20716 0.169105 -9.80535 
             140.199  0.824823 -0.115065  -11.0709  0.391999  0.643155 0.0322481 -0.683527  0.161614 -0.155274  0.333188 0.0232143  0.131368   0.0148657 0.000812038   0.0063049  0.00793175  0.00688305 0.000393466  -0.0382095  -0.0479701 -0.00636351 0.207185 0.169104 -9.80535 
               140.3  0.830822 -0.112506   -11.073  0.395634   0.64705 0.0322827 -0.683566  0.161668 -0.155518   0.33319 0.0232224  0.131367  0.0196531 0.00995438 0.00618727  0.00792983  0.00687972 0.000392334  -0.0382889  -0.0482362 -0.00629913 0.207207 0.169145 -9.80535 
               140.4  0.838967 -0.149194  -11.0557  0.391682  0.645386 0.0319838 -0.683778  0.161615 -0.154855  0.333178 0.0232167  0.131371 0.00783166 0.00448754 0.00424569  0.00792068  0.00690026 0.000383326  -0.0379817  -0.0480413 -0.00622972 0.207147 0.169118 -9.80535 
               140.5  0.818983 -0.129995  -11.0287   0.39185  0.645686 0.0347038 -0.683625  0.161682 -0.154766  0.333177 0.0232155  0.131371 0.00722556 0.00366522  0.0118496  0.00792909  0.00688836 0.000368778  -0.0379526  -0.0479991 -0.00641318  0.20714 0.169117 -9.80535 
               140.6  0.838234 -0.140521  -11.0251   0.38613  0.643174 0.0311324 -0.684162  0.161473 -0.154049  0.333165 0.0232092  0.131371 -0.00592312  -0.0023847  0.00101872  0.00791878  0.00689508 0.000365064  -0.0375931  -0.0478338 -0.00601589 0.207075 0.169086 -9.80536 
             140.699    0.82399 -0.0889015   -11.0397  0.381088  0.644448 0.0331221 -0.684117  0.161553 -0.153536 0.333153 0.023211 0.131367 -0.0146703 0.00191636 0.00735135  0.00792512  0.00686945 0.000372226  -0.0373311   -0.047873 -0.00616874 0.207031 0.169104 -9.80536 
               140.8  0.825175 -0.106349  -11.0263   0.37748  0.644715 0.0345641 -0.684116  0.161575 -0.153305  0.333149 0.0232107  0.131367 -0.0190106 0.00315796  0.0107347 0.00792345 0.00687572 0.00036364  -0.0372174  -0.0478517 -0.00622137 0.207011 0.169105 -9.80536 
             140.899   0.823346 -0.0970466   -11.0437  0.378564  0.645796 0.0338506 -0.684194  0.161539 -0.153613  0.333154 0.0232133  0.131368 -0.0122193 0.00523727 0.00785517  0.00792605   0.0068708 0.000371605  -0.0373627  -0.0479423 -0.00606014 0.207039 0.169112 -9.80536 
                 141   0.818251 -0.0931822   -11.0538  0.379981  0.650122 0.0346346 -0.684124  0.161616 -0.153834  0.333156 0.0232219  0.131369 -0.00588655   0.0140434  0.00915559  0.00792827  0.00686905 0.000376649  -0.0374725  -0.0481973 -0.00604798 0.207064 0.169153 -9.80536 
               141.1  0.833474 -0.104422  -11.0351 0.378294 0.647909 0.034205 -0.68427  0.16153 -0.15377  0.333154 0.0232138   0.13137 -0.00795261   0.0065673  0.00662943  0.00792288  0.00687185 0.000366541  -0.0374402  -0.0479805 -0.00593564 0.207052 0.169114 -9.80536 
               141.2   0.820216 -0.0916825   -11.0385  0.386816  0.646508 0.0330465 -0.684198  0.161415 -0.154707  0.333171 0.0232119  0.131371  0.0115015 0.00238237 0.00336123 0.00792784 0.00686955 0.00036922  -0.0379416    -0.04795 -0.00577461 0.207137 0.169091 -9.80535 
               141.3   0.824365 -0.0881612   -11.0498  0.389216  0.649088 0.0330708 -0.684191  0.161448 -0.154792  0.333172 0.0232167  0.131371  0.0149284 0.00873581 0.00420309  0.00792299  0.00686762 0.000373624  -0.0379874  -0.0480973 -0.00573873 0.207149 0.169114 -9.80535 
               141.4  0.830991 -0.106268  -11.0559   0.38805  0.648195 0.0338565 -0.684243  0.161439 -0.154562  0.333169 0.0232127  0.131372  0.0100031 0.00497363 0.00703767 0.00792057  0.0068748 0.00037271  -0.0378621  -0.0479752 -0.00576421 0.207124 0.169097 -9.80535 
               141.5  0.826569 -0.114628  -11.0518  0.389441  0.653711 0.0335186 -0.684287  0.161517 -0.154526  0.333167 0.0232223  0.131372  0.0106999  0.0168099 0.00613965 0.00791815 0.00687823 0.00037033  -0.0378407   -0.048273 -0.00566796 0.207129 0.169146 -9.80535 
               141.6  0.836718 -0.102591  -11.0654  0.393171  0.653152 0.0335204 -0.684285  0.161444 -0.154807  0.333173 0.0232188  0.131372  0.0174548  0.0117517 0.00571102  0.00791406  0.00687376 0.000377236  -0.0379947  -0.0481724 -0.00561457 0.207152 0.169123 -9.80535 
               141.7  0.831841 -0.113464  -11.0472   0.39326  0.653135 0.0341845 -0.684334  0.161435 -0.154673   0.33317 0.0232164  0.131372  0.0136185  0.0090055 0.00810188  0.00791896   0.0068783 0.000366986  -0.0379199  -0.0480936 -0.00561686 0.207137 0.169112 -9.80535 
             141.799   0.835429 -0.0989854   -11.0615  0.392155  0.652669 0.0350523 -0.684405  0.161424 -0.154452  0.333166 0.0232135  0.131372 0.00959652 0.00655268 0.00987928  0.00792147  0.00686737 0.000375154  -0.0377981  -0.0479965 -0.00562019 0.207114 0.169099 -9.80536 
             141.899   0.825769 -0.0999614   -11.0617  0.394938  0.652936 0.0365917 -0.684332  0.161407 -0.154634  0.333169 0.0232129  0.131372  0.0143379 0.00567093  0.0134186  0.00792355  0.00686661 0.000374093   -0.037898  -0.0479816 -0.00565487  0.20713 0.169094 -9.80535 
                 142   0.811224 -0.0986665   -11.0655  0.395113  0.650307 0.0361262 -0.684551  0.161298 -0.154563  0.333169 0.0232073   0.13137   0.0120195 -0.00115536   0.0102616  0.00793141  0.00686492 0.000377828  -0.0378506  -0.0478054 -0.00549876 0.207118 0.169061 -9.80536 
               142.1  0.818025 -0.116074   -11.058  0.394815   0.64883 0.0360351 -0.684706   0.16126 -0.154426  0.333166 0.0232045   0.13137   0.0100614 -0.00337726  0.00903948  0.00792645  0.00687205 0.000372922  -0.0377766  -0.0477287 -0.00539725 0.207103 0.169047 -9.80536 
               142.2  0.822074 -0.112493  -11.0645  0.394512  0.644829 0.0343332 -0.685007  0.161137 -0.154338  0.333165 0.0231969  0.131371 0.00731903 -0.0124504 0.00398376  0.00792251  0.00686923 0.000374014  -0.0377326  -0.0475426 -0.00517504 0.207091  0.16901 -9.80536 
               142.3  0.820631 -0.105183  -11.0611   0.39818  0.647773 0.0348465 -0.684877  0.161189 -0.154599  0.333168 0.0232052  0.131371   0.0135088 -0.00271955  0.00559572  0.00792715  0.00686688 0.000370791  -0.0378501  -0.0478066 -0.00517115 0.207118 0.169052 -9.80536 
               142.4  0.824028 -0.107034  -11.0622  0.395876   0.64716 0.0333257 -0.685154  0.161177 -0.154199  0.333162 0.0232043   0.13137  0.00599488 -0.00318496  0.00154965 0.00792851 0.00687032 0.00036899  -0.0376483  -0.0477947 -0.00500089 0.207084  0.16905 -9.80536 
               142.5   0.834286 -0.0977404   -11.0525  0.394732   0.64975 0.0328691 -0.685227  0.161235 -0.153941  0.333158 0.0232102  0.131369 0.00269363 0.00283974 0.00125571  0.00792499  0.00686382 0.000362848  -0.0375145   -0.047972 -0.00494297 0.207067 0.169081 -9.80536 
             142.599   0.826782 -0.0983531    -11.047  0.395582  0.650039 0.0334518 -0.685182  0.161237 -0.153998  0.333159 0.0232101  0.131369 0.00544253 0.00263042 0.00439412  0.00792872  0.00686302 0.000357726  -0.0375439  -0.0479678 -0.00497195 0.207071  0.16908 -9.80536 
               142.7   0.83122 -0.105851   -11.066  0.392345    0.6531 0.0334845 -0.685299  0.161322 -0.153491  0.333151 0.0232146  0.131369 -0.00220667  0.00933578  0.00417562  0.00792494  0.00686629 0.000367234  -0.0373034  -0.0481216 -0.00493494 0.207036  0.16911 -9.80536 
             142.799  0.835999 -0.109483  -11.0474  0.391268  0.649629 0.0344772 -0.685294  0.161258 -0.153456  0.333151 0.0232059  0.131369 -0.00285302 -0.00105868  0.00736347  0.00792292  0.00686828 0.000356282  -0.0373038  -0.0478375 -0.00498172 0.207028 0.169066 -9.80536 
               142.9     0.832 -0.122428  -11.0535  0.389535  0.646865 0.0336311 -0.685489  0.161169 -0.153316  0.333148 0.0232009  0.131369 -0.00529907 -0.00652623  0.00406776  0.00792284  0.00687458 0.000359387  -0.0372425  -0.0476861 -0.00484858 0.207014 0.169039 -9.80536 
                 143 0.832767 -0.10619 -11.0599  0.389987  0.646308 0.0334622 -0.685523  0.161147 -0.153432   0.33315 0.0232014  0.131369 -0.00337606 -0.00650494  0.00363872  0.00792115  0.00686489 0.000361191  -0.0372932  -0.0477095 -0.00479439 0.207023 0.169039 -9.80536 
             143.099   0.829122 -0.0996255   -11.0441  0.386072  0.647452 0.0338048 -0.685615  0.161181 -0.153001  0.333143 0.0232052  0.131368  -0.0108073 -0.00284131  0.00488054  0.00792515  0.00686018 0.000350171  -0.0370632  -0.0478061 -0.00478671 0.206989  0.16906 -9.80536 
               143.2  0.826754 -0.100301   -11.048  0.381612  0.642742 0.0346859 -0.685638  0.161108 -0.152645  0.333139 0.0231963  0.131367 -0.0169044 -0.0137249 0.00722891 0.00792416 0.00685866 0.00035221  -0.0369138  -0.0474969 -0.00482444 0.206958 0.169017 -9.80536 
               143.3   0.817457 -0.0889878    -11.054  0.384338  0.642035 0.0373033 -0.685369  0.161179 -0.153164  0.333146 0.0231975  0.131369 -0.00691552  -0.0124723   0.0123976  0.00793048  0.00685174 0.000357599  -0.0371699  -0.0475384 -0.00498212 0.206999 0.169022 -9.80536 
             143.399   0.801951 -0.0964077   -11.0419  0.386222  0.644386 0.0361151 -0.685586  0.161208 -0.153426  0.333149 0.0232059  0.131371 -0.000547274  -0.00427828   0.00693458  0.00793808  0.00685218 0.000349328  -0.037273 -0.0478299 -0.0047685 0.207022 0.169057 -9.80536 
               143.5  0.825058 -0.105614  -11.0553   0.38659  0.646081 0.0348399 -0.685812  0.161199 -0.153434  0.333148 0.0232094   0.13137  0.00035387 0.000469733  0.00252412  0.00792632  0.00685587 0.000356381  -0.0372682  -0.0480096 -0.00459598 0.207025 0.169079 -9.80536 
               143.6  0.811097 -0.108831  -11.0544  0.386115  0.644869 0.0356751 -0.68575 0.161186 -0.15339  0.333148 0.0232068   0.13137 -0.000417913  -0.00190892   0.00526281   0.0079339  0.00685513 0.000355794  -0.0372529  -0.0479115 -0.00464116 0.207021 0.169066 -9.80536 
               143.7   0.830185 -0.0977357   -11.0392  0.388336   0.64544 0.0348048 -0.685863  0.161182 -0.153635  0.333151 0.0232077   0.13137   0.00572415 -0.000223584   0.00169952  0.00792013  0.00684851 0.000346965   -0.037366  -0.0480013 -0.00451929  0.20704 0.169073 -9.80536 
               143.8   0.82422 -0.100847  -11.0683  0.386305  0.645209 0.0338772 -0.686014  0.161129 -0.153312  0.333147 0.0232066   0.13137   0.00068825  -0.00074603 -0.000646296  0.00792249  0.00684893 0.000362511  -0.0372091  -0.0479853 -0.00442848 0.207016 0.169072 -9.80536 
             143.899   0.812399 -0.0937782   -11.0393  0.390206  0.644593 0.0337287 -0.685942  0.161165  -0.15376  0.333154 0.0232052  0.131371   0.00879252  -0.00282109 -0.000380314   0.0079282  0.00684229 0.000345101  -0.0374436  -0.0479779 -0.00441728 0.207051 0.169065 -9.80536 
                 144   0.82373 -0.101016  -11.0221  0.384868  0.642471 0.0345276 -0.685945  0.161078 -0.153071  0.333143 0.0232027  0.131371 -0.00341679 -0.00641722  0.00331621  0.00792218  0.00684298 0.000334955  -0.0370913   -0.047795 -0.00448578 0.206994 0.169049 -9.80536 
               144.1  0.811486 -0.098035  -11.0381  0.378613  0.643879 0.0352648 -0.686068  0.161033 -0.152337  0.333132 0.0232063  0.131371  -0.0152327 -0.00137596  0.00539621  0.00792869   0.0068407 0.000341645  -0.0367099  -0.0478835 -0.00451428  0.20694 0.169071 -9.80536 
               144.2  0.809291 -0.105863  -11.0213  0.374654  0.641629 0.0367306  -0.68599  0.160989 -0.152093 0.333129 0.023202  0.13137  -0.0204354 -0.00613883  0.00843866   0.0079311  0.00684387 0.000334177  -0.0365924  -0.0477123 -0.00459214 0.206919 0.169052 -9.80536 
             144.299   0.832785 -0.0943162   -11.0409  0.377484  0.644866 0.0340338 -0.686291  0.161028 -0.152565  0.333135 0.0232087  0.131369   -0.011064  0.00298679 -0.00088108  0.00791991  0.00683639 0.000342908  -0.0368269  -0.0480534 -0.00428992 0.206961 0.169087 -9.80536 
               144.4   0.814704 -0.0935444   -11.0498 0.382683 0.646829 0.033334 -0.686268  0.161128 -0.153246  0.333144 0.0232135   0.13137  0.00313555  0.00607955 -0.00231674 0.00792783 0.00683609 0.00034651  -0.0371764  -0.0482165 -0.00423093 0.207016 0.169101 -9.80536 
               144.5   0.830055 -0.0948742   -11.0468 0.385383 0.644191 0.033677 -0.686105  0.161124 -0.153604  0.333149 0.0232079  0.131371   0.00895949  -0.00220929 -0.000240502  0.00791748  0.00683489 0.000343526  -0.0373538   -0.048013 -0.00428091 0.207037 0.169069 -9.80536 
               144.6   0.823957 -0.0887759   -11.0472  0.387137  0.645594 0.0346275  -0.68605   0.16117 -0.153648  0.33315 0.023211 0.131371  0.0116133 0.00132402 0.00232949  0.00792036  0.00683034 0.000343506   -0.037385  -0.0481145 -0.00435699 0.207044 0.169084 -9.80536 
               144.7  0.824766 -0.104893  -11.0461  0.386865  0.648404 0.0339175 -0.686235  0.161174 -0.153414  0.333146 0.0232162  0.131372  0.00914895   0.0073612 0.000244742  0.00792327   0.0068368 0.000340144  -0.0372671  -0.0482986 -0.00427692 0.207031 0.169111 -9.80536 
               144.8 0.821999 -0.10509 -11.0592  0.386885  0.646544 0.0335119 -0.686208  0.161114 -0.153373  0.333146 0.0232112  0.131372   0.00766057   0.00184067 -0.000430282  0.00792306  0.00683613 0.000344676  -0.0372442  -0.0481199 -0.00424253 0.207024 0.169086 -9.80536 
             144.899 0.852686 -0.10299  -11.058  0.385298   0.64472 0.0326836 -0.686257  0.161035  -0.15314 0.333143 0.023207 0.131373  0.00415248 -0.00310826 -0.00200623   0.0079068  0.00683272 0.000343888  -0.0371239   -0.047983 -0.00417934 0.207003 0.169068 -9.80536 
                 145  0.82674 -0.09846 -11.0377   0.38596  0.642233 0.0322358 -0.686209  0.161003 -0.153198  0.333143 0.0232028  0.131372  0.00560404 -0.00848033 -0.00160263  0.00792012  0.00682594 0.000331257  -0.0371613  -0.0478401 -0.00415627 0.207005 0.169047 -9.80536 
               145.1   0.812582 -0.0973938   -11.0518   0.38649  0.646798 0.0338151 -0.686241  0.161136 -0.153111  0.333141 0.0232119  0.131375 0.00642983 0.00364666 0.00368067  0.00792405  0.00682639 0.000340049  -0.0371022  -0.0481882 -0.00429167 0.207005 0.169099 -9.80536 
               145.2 0.822311 -0.10472 -11.0512 0.384398 0.644321 0.033967 -0.686226  0.161039 -0.152831  0.333138 0.0232065  0.131375  0.00126974 -0.00246274  0.00376916  0.00791899  0.00683046 0.000337334  -0.0369689  -0.0479772 -0.00427591 0.206981 0.169073 -9.80536 
               145.3  0.820938 -0.106288  -11.0274   0.38321  0.644306 0.0331745 -0.686358  0.160983 -0.152682  0.333135 0.0232074  0.131375 -0.00137492 -0.00210554  0.00112801   0.0079232  0.00683084 0.000323196  -0.0368791  -0.0480011 -0.00417457 0.206969 0.169076 -9.80536 
               145.4  0.831514 -0.111355  -11.0334 0.379442 0.645732 0.031803 -0.686584  0.160906 -0.152264  0.333128 0.0232102  0.131374 -0.00954792  0.00142914 -0.00296614  0.00791866  0.00683139 0.000326087  -0.0366362  -0.0481072 -0.00404882 0.206938 0.169093 -9.80536 
               145.5  0.846621 -0.110256  -11.0255  0.377375  0.640512 0.0311653 -0.686512  0.160827 -0.152201  0.333129 0.0232005  0.131376  -0.0115517   -0.012321 -0.00379438  0.00791349  0.00682918 0.000322144  -0.0366351  -0.0477553 -0.00402648 0.206929 0.169044 -9.80536 
             145.599  0.831632 -0.104849  -11.0291   0.37381  0.638249 0.0309369 -0.686509  0.160774 -0.151941  0.333125 0.0231986  0.131376  -0.0167262  -0.0151144 -0.00340757  0.00792411  0.00682205 0.000323549  -0.0365018  -0.0476676 -0.00404179 0.206909 0.169035 -9.80536 
               145.7   0.821771 -0.0969768   -11.0339  0.374999  0.641277 0.0327837 -0.686405  0.160929 -0.152151  0.333126 0.0232059  0.131378 -0.0108294 -0.0048533 0.00283147  0.00792809  0.00681565 0.000326745  -0.0366215  -0.0479622 -0.00420996 0.206932 0.169077 -9.80536 
               145.8  0.828053 -0.100217  -11.0366  0.379904  0.640403 0.0320639  -0.68641   0.16104 -0.152874  0.333136 0.0232059  0.131379  0.00212573 -0.00647149  0.00125423  0.00792665  0.00681612 0.000328676  -0.0369787  -0.0479974 -0.00411852 0.206981 0.169071 -9.80536 
             145.899   0.82874 -0.106486  -11.0282  0.384381  0.641323 0.0305077  -0.68657  0.161129 -0.153333  0.333142 0.0232088  0.131378   0.0116774 -0.00320615 -0.00302919  0.00792511  0.00681935 0.000323468 -0.0372121 -0.0481641 -0.0039705 0.207016 0.169084 -9.80536 
                 146  0.839679 -0.103672  -11.0332  0.386972  0.644403 0.0311728 -0.686557  0.161205 -0.153402  0.333142 0.0232154  0.131377   0.0149222  0.00417616 0.000136289  0.00791763  0.00681985 0.000326297 -0.0372556 -0.0483934 -0.0040447 0.207028 0.169115 -9.80536 
               146.1  0.824683 -0.117065  -11.0278  0.382529   0.64661 0.0314947 -0.686675   0.16113 -0.152667  0.333132 0.0232186  0.131379 0.00289919 0.00860217 0.00178407  0.00792614  0.00682285 0.000325291  -0.0368824  -0.0484662 -0.00406841 0.206979 0.169134 -9.80536 
             146.199    0.82956 -0.0941434   -11.0431 0.386208 0.646203  0.03347 -0.686426  0.161217 -0.153079  0.333138 0.0232167   0.13138  0.0113111 0.00508031 0.00672781  0.00792375  0.00681079 0.000335156  -0.0371008  -0.0483784 -0.00422044 0.207006 0.169121 -9.80536 
               146.3  0.818948 -0.100994  -11.0368  0.388556  0.644985 0.0330269 -0.686464  0.161184 -0.153242  0.33314 0.023214  0.13138  0.0150796 0.00109488 0.00478576   0.0079279  0.00681381 0.000332213  -0.0371864  -0.0482856 -0.00412179 0.207016 0.169105 -9.80536 
               146.4  0.840078 -0.106901   -11.047  0.387464   0.64344 0.0319682 -0.686602  0.161082  -0.15296  0.333136 0.0232103   0.13138  0.00926937 -0.00296808  0.00149099  0.00791687   0.0068175 0.000336553 -0.0370451 -0.0481788 -0.0039916 0.206994  0.16909 -9.80536 
               146.5   0.828294 -0.0979659   -11.0375  0.387165  0.642605 0.0321881 -0.686609  0.161054 -0.152822  0.333135 0.0232093   0.13138  0.00743156 -0.00389491  0.00206676  0.00792478  0.00681256 0.000333142  -0.0369733  -0.0481301 -0.00399493 0.206983 0.169086 -9.80536 
               146.6   0.83148 -0.110722  -11.0383   0.38823  0.642645 0.0308004 -0.686743  0.161024 -0.152854  0.333134 0.0232101   0.13138  0.00827959 -0.00203781 -0.00107246  0.00792268  0.00681925 0.000334299  -0.0369814  -0.0481797 -0.00385421 0.206986 0.169089 -9.80536 
               146.7  0.827527 -0.103152    -11.04  0.386068  0.641878 0.0309197 -0.686767  0.160979 -0.152547  0.33313 0.023209  0.13138   0.00335583  -0.00298679 -0.000375786  0.00792143  0.00681526 0.000335403 -0.0368061  -0.048118 -0.0038756 0.206961 0.169085 -9.80536 
               146.8  0.831438 -0.112337  -11.0356  0.382687  0.643079 0.0312942  -0.68683  0.160963 -0.152171  0.333124 0.0232116   0.13138 -0.00433084  0.00144704  0.00118307  0.00792137  0.00682075 0.000334632  -0.0365688  -0.0481835 -0.00390928  0.20693   0.1691 -9.80536 
             146.899  0.847447 -0.118868  -11.0173  0.381783   0.64137 0.0319574 -0.686766   0.16095 -0.152148  0.333123 0.0232085  0.131381   -0.005887 -0.00349291  0.00319075  0.00791167  0.00682472 0.000323546  -0.0365652  -0.0480531 -0.00395782 0.206926 0.169084 -9.80536 
                 147  0.816127 -0.101142  -11.0499  0.380578  0.644537 0.0318171 -0.686891  0.160988 -0.152057   0.33312 0.0232145  0.131382 -0.00720694  0.00528462  0.00286872  0.00793324  0.00681526 0.000339553  -0.0364871  -0.0482869 -0.00390886 0.206921 0.169115 -9.80536 
               147.1   0.82811 -0.100001  -11.0507  0.383417  0.645678 0.0325234 -0.686824  0.161058 -0.152371  0.333125 0.0232163  0.131383 -0.000551991   0.00717867   0.00503858   0.0079276  0.00681629 0.000338767 -0.0366978 -0.0483496 -0.0039348  0.20695 0.169119 -9.80536 
               147.2  0.836443 -0.108509  -11.0139  0.381419  0.642836 0.0332745 -0.686762  0.160994 -0.152302  0.333122 0.0232098  0.131384  -0.00503021 -0.000652769   0.00634476  0.00792322  0.00682293 0.000317073  -0.0366267  -0.0480878 -0.00396152 0.206935 0.169087 -9.80536 
               147.3  0.829649 -0.112851  -11.0488  0.383655   0.64105 0.0322291 -0.686788   0.16101  -0.15261  0.333127 0.0232078  0.131383 0.000795986 -0.00455798  0.00228849  0.00792496  0.00682483 0.000338091  -0.0368161   -0.048008 -0.00381816 0.206957  0.16907 -9.80536 
             147.399  0.836352 -0.104167   -11.035  0.381502  0.639613 0.0311332 -0.686894  0.160979 -0.152452  0.333124 0.0232057  0.131383  -0.00265595  -0.00654708 -0.000866435  0.00791842  0.00681915 0.000330448  -0.0366898  -0.0479385 -0.00370637 0.206938 0.169062 -9.80536 
               147.5 0.835054 -0.11494 -11.0283 0.380116 0.637998 0.030952 -0.686902  0.160953 -0.152397  0.333122 0.0232039  0.131383 -0.00486394 -0.00840651 0.000303966  0.00791851  0.00682187 0.000326468  -0.0366334  -0.0478675 -0.00369549 0.206929 0.169053 -9.80536 
               147.6  0.836563 -0.111055  -11.0324  0.381599  0.639746 0.0332228  -0.68679   0.16102 -0.152469  0.333124 0.0232086  0.131383 7.86633e-05 -0.00312074  0.00687712  0.00791791  0.00681889 0.000326226  -0.0367167  -0.0480307 -0.00387167 0.206944 0.169076 -9.80536 
               147.7  0.824031 -0.105059  -11.0524  0.382909  0.640888 0.0325808 -0.686875  0.161039 -0.152544  0.333126 0.0232116  0.131383  0.00298603 0.000307892   0.0032104  0.00792354  0.00681322 0.000333956   -0.036773  -0.0481455 -0.00376095 0.206954 0.169088 -9.80536 
               147.8  0.828475 -0.090625  -11.0616  0.382161   0.64239 0.0315906  -0.68701  0.161016 -0.152413  0.333124 0.0232139  0.131383     0.002649   0.00428664 -0.000191718  0.00792038  0.00680665 0.000338583  -0.0366832  -0.0482457 -0.00365088 0.206945   0.1691 -9.80536 
             147.899   0.816053 -0.0912397   -11.0499  0.381729  0.641731 0.0327519 -0.686922  0.161019 -0.152362  0.333123 0.0232117  0.131383 0.00177119 0.00160749 0.00490162  0.00792334   0.0068048 0.000331985  -0.0366579  -0.0481583 -0.00374563  0.20694 0.169092 -9.80536 
                 148  0.828477 -0.125277  -11.0297    0.3806  0.640507 0.0318492 -0.687014  0.160951 -0.152261  0.333119 0.0232092  0.131383 -0.000633268   -0.0010375   0.00251883   0.0079131  0.00682195 0.000320462  -0.0365928  -0.0480741 -0.00362243 0.206929  0.16908 -9.80536 
               148.1  0.815986 -0.109438  -11.0296  0.379525  0.640635 0.0332902 -0.686959  0.160972 -0.152169  0.333118 0.0232093  0.131383 -0.00117448 0.000696519  0.00646854   0.0079185  0.00681335 0.000321167  -0.0365356  -0.0480634 -0.00371258 0.206922 0.169082 -9.80536 
               148.2  0.822742 -0.147379  -11.0239  0.383493   0.64536 0.0322888 -0.687064  0.161011 -0.152517  0.333122 0.0232167  0.131381 0.00704637  0.0119923  0.0032467 0.00791102 0.00683182 0.00031715  -0.0367129  -0.0484143 -0.00356159 0.206953  0.16912 -9.80536 
             148.299  0.841359 -0.103108  -11.0262  0.378979  0.648348 0.0322332 -0.687185   0.16097 -0.152104  0.333114 0.0232191  0.131379 -0.00303498   0.0157497  0.00349671  0.00790061   0.0068072 0.000317101 -0.0364025 -0.0484905 -0.0035268 0.206915 0.169136 -9.80536 
               148.4 0.822572 -0.10106 -11.0233  0.381781  0.645723 0.0325119 -0.687115   0.16093 -0.152313  0.333119 0.0232128   0.13138 0.00332099 0.00655532 0.00412467  0.00791185  0.00680458 0.000315274  -0.0366005  -0.0482546 -0.00351878 0.206935 0.169101 -9.80536 
               148.5 0.844724 -0.10399 -11.0339  0.382632  0.643346 0.0305682 -0.687229   0.16084  -0.15233  0.333121 0.0232076  0.131381   0.00391992 -0.000621904 -0.000856388  0.00789884  0.00680633 0.000320718  -0.0366423  -0.0480978 -0.00332369 0.206937 0.169077 -9.80536 
               148.6  0.843807 -0.106624  -11.0338  0.381159  0.642611 0.0303645 -0.687266  0.160819 -0.152182  0.333119 0.0232062  0.131381 0.000215565 -0.00234766 0.000175952 0.00789745 0.00680782 0.00032039  -0.0365475  -0.0480403 -0.00331028 0.206924 0.169071 -9.80536 
               148.7  0.823279 -0.116025  -11.0342  0.371578  0.647748 0.0297274 -0.687498  0.160868 -0.151356  0.333104 0.0232128  0.131383   -0.016666  0.00874378 4.38059e-05  0.00790687  0.00681184 0.000321967  -0.0359847  -0.0482713 -0.00325343 0.206855 0.169112 -9.80536 
               148.8  0.805926 -0.100368  -11.0289  0.373334  0.643272 0.0328636 -0.687217  0.160831 -0.151658   0.33311 0.0232028  0.131381  -0.0102008 -0.00200486  0.00938785  0.00791639  0.00679939 0.000319294  -0.0362124   -0.047952 -0.00351125 0.206878 0.169071 -9.80536 
               148.9  0.826912 -0.109957  -11.0385  0.378809  0.642819 0.0359869 -0.686954  0.160868 -0.152227  0.333119 0.0232041  0.131381    0.0040946 -0.000821961    0.0160746  0.00790144  0.00680361 0.000326023 -0.0365746 -0.0479664 -0.0036847 0.206926 0.169068 -9.80536 
             148.999   0.828179 -0.0998191   -11.0352  0.380643  0.637532 0.0357534 -0.687047  0.160762 -0.152382 0.333123 0.023196 0.131382 0.00827892 -0.0115945  0.0125337   0.0079021  0.00679661 0.000323313  -0.0366924  -0.0476866 -0.00352861 0.206935 0.169026 -9.80536 
               149.1   0.811051 -0.0894181   -11.0139  0.379191  0.637164 0.0372539 -0.687074  0.160779 -0.152199  0.333119 0.0231974  0.131381 0.00392847 -0.0103678  0.0132501 0.00790884  0.0067892 0.00031411  -0.0365562  -0.0477151 -0.00354958 0.206918 0.169033 -9.80536 
               149.2   0.810126 -0.0854275   -11.0265  0.379946  0.639426 0.0376336 -0.687136  0.160802 -0.152203  0.333118 0.0232026  0.131382  0.00675832 -0.00215574   0.0119788  0.00790882  0.00678767 0.000322042  -0.0365311  -0.0479274 -0.00346022 0.206919  0.16906 -9.80536 
               149.3   0.82301 -0.079027  -11.0412  0.379988  0.643901 0.0369519 -0.687301  0.160803 -0.152121  0.333115 0.0232086   0.13138 0.00507684 0.00951031 0.00881485  0.00790539  0.00678244 0.000328003  -0.0364326  -0.0482293 -0.00328961 0.206914 0.169097 -9.80536 
               149.4  0.812975 -0.105388  -11.0242 0.379663 0.638542 0.034757 -0.687441  0.160632  -0.15207  0.333113 0.0231989  0.131379  0.00462968 -0.00411302  0.00169778  0.00790823  0.00679703 0.000317605   -0.036444  -0.0478505 -0.00303854 0.206908 0.169045 -9.80536 
               149.5 0.827768 -0.11009 -11.0272  0.384816  0.643458 0.0329777 -0.687488  0.160656 -0.152399  0.333117 0.0232068  0.131377   0.0141222  0.00755852 -0.00268801  0.00789822  0.00679804 0.000317931  -0.0366442  -0.0482333 -0.00286151 0.206942 0.169087 -9.80536 
               149.6  0.833565 -0.101613  -11.0424  0.389311  0.644593 0.0327777 -0.687432  0.160664 -0.152636  0.333121 0.0232079  0.131376   0.0205935    0.010113 -0.00182942  0.00789576  0.00679292 0.000327174 -0.0368194 -0.0482709 -0.0028632 0.206965 0.169088 -9.80536 
               149.7  0.832773 -0.109084   -11.035  0.388743  0.643156 0.0330248 -0.687444   0.16063 -0.152461  0.333118 0.0232039  0.131377   0.0162376  0.00480399 0.000843688  0.00789668  0.00679386 0.000320476   -0.036694  -0.0480993 -0.00289721 0.206946  0.16907 -9.80536 
               149.8   0.827292 -0.0980605   -11.0522  0.392706  0.644589 0.0326614 -0.687431  0.160648 -0.152618  0.333121 0.0232061  0.131377   0.0205177  0.00626912 0.000912396  0.00789957  0.00678654 0.000331638  -0.0368191  -0.0481808 -0.00285375 0.206963 0.169077 -9.80536 
               149.9   0.818026 -0.0994348    -11.041  0.389788  0.645149 0.0331296 -0.687502   0.16063 -0.152265  0.333114 0.0232057  0.131376  0.0111984 0.00581448 0.00328867  0.00790516  0.00678408 0.000326556  -0.0365259  -0.0481426 -0.00288144 0.206926 0.169078 -9.80536 
                 150   0.791385 -0.0939522   -11.0677  0.389639  0.645728 0.0356124 -0.687406  0.160649 -0.152152  0.333112 0.0232035  0.131376 0.00808779 0.00770051 0.00972896  0.00792211  0.00678025 0.000339834  -0.0364585  -0.0481084 -0.00305398 0.206917 0.169078 -9.80536 
               150.1    0.80282 -0.0805878   -11.0434  0.388035  0.645553 0.0380564 -0.687354  0.160641 -0.151974  0.333108 0.0232022  0.131375 0.00512553 0.00458783  0.0147999 0.00791452 0.00677186 0.00032546  -0.0363266  -0.0480243 -0.00316889 0.206899 0.169072 -9.80536 
               150.2   0.819035 -0.0847758    -11.059  0.393361  0.644125 0.0384507 -0.687345  0.160617 -0.152416  0.333116 0.0231992  0.131377    0.015442 -0.00011391   0.0135494  0.00790596  0.00677262 0.000334025   -0.036619  -0.0479475 -0.00307599 0.206933 0.169055 -9.80536 
               150.3   0.821069 -0.0939087    -11.049  0.394493   0.64115 0.0370675 -0.687556  0.160545 -0.152438  0.333115 0.0231936  0.131377    0.015255 -0.00611141  0.00741145 0.00790581  0.0067759 0.00032683 -0.0366285 -0.0477875 -0.0028546  0.20693 0.169031 -9.80536 
             150.399   0.792825 -0.0907895   -11.0492  0.389341  0.643483 0.0363997  -0.68778  0.160594 -0.151773  0.333105 0.0231996  0.131379 0.00283245 0.00119287 0.00505322  0.00792316   0.0067711 0.000328092   -0.036212  -0.0479487 -0.00273575 0.206881 0.169057 -9.80536 
               150.5  0.834686 -0.103912  -11.0308    0.384  0.64698 0.033271 -0.688146  0.160594 -0.151174 0.333095 0.023204 0.131378 -0.00887165  0.00878988 -0.00322073  0.00790102  0.00677551 0.000317869  -0.0358402  -0.0481759 -0.00243836  0.20684 0.169087 -9.80536 
               150.6   0.832941 -0.0895996   -11.0408   0.38595  0.649248 0.0317502 -0.688192  0.160591 -0.151398  0.333099 0.0232058  0.131378 -0.00167689   0.0121974 -0.00617036  0.00790449  0.00676931 0.000322692  -0.0359772  -0.0482934 -0.00233856 0.206859 0.169097 -9.80536 
               150.7   0.826135 -0.0869423   -11.0351  0.381587   0.65007 0.0300182 -0.688339  0.160551 -0.151019  0.333093 0.0232055  0.131377  -0.0090551   0.0115686 -0.00794839  0.00791021  0.00676857 0.000318604  -0.0357343  -0.0482517 -0.00224521 0.206829 0.169095 -9.80536 
               150.8  0.830817 -0.103667  -11.0524    0.3864  0.650658 0.0301772 -0.688181  0.160579 -0.151537  0.333102 0.0232056  0.131376  0.00216665  0.00933961 -0.00465542  0.00790768  0.00677466 0.000325858  -0.0360682  -0.0482455 -0.00231704 0.206869 0.169089 -9.80536 
               150.9   0.820337 -0.0988996   -11.0449  0.383191  0.646043 0.0318155 -0.688047  0.160532 -0.151253  0.333099 0.0231966  0.131375 -0.00248564 -0.00218044  0.00209385  0.00791331  0.00677163 0.000321453  -0.0359446  -0.0478528 -0.00248399 0.206846 0.169048 -9.80536 
             150.999   0.825192 -0.0903156    -11.048  0.385768   0.64429 0.0336658 -0.687885  0.160571 -0.151507  0.333103 0.0231944  0.131375    0.003284 -0.00699209  0.00663475  0.00790671  0.00676289 0.000325341 -0.0361277 -0.0477604 -0.0026137 0.206866 0.169035 -9.80536 
               151.1   0.80583 -0.107848  -11.0508 0.390262 0.644119 0.033912 -0.687854   0.16059 -0.151872  0.333108 0.0231956  0.131375   0.0121729 -0.00503987  0.00633341  0.00791713  0.00676893 0.000326566  -0.0363567  -0.0478235 -0.00257565 0.206894 0.169037 -9.80536 
               151.2   0.823049 -0.0891885   -11.0557  0.392669  0.644291 0.0348569 -0.687823  0.160614 -0.151973  0.333109 0.0231968  0.131375  0.0146261 -0.0036793 0.00713239  0.00790881  0.00675812 0.000329142  -0.0364177  -0.0478716 -0.00260247 0.206902 0.169042 -9.80536 
             151.299  0.820942 -0.102179  -11.0718  0.395318  0.647762 0.0337271 -0.687995  0.160651 -0.152021  0.333109 0.0232027  0.131375  0.0161366 0.00279079 0.00216793  0.00790769  0.00676825 0.000338466  -0.0364389  -0.0481573 -0.00245268 0.206911 0.169072 -9.80536 
               151.4    0.81163 -0.0886347   -11.0529  0.39479 0.645525 0.034742 -0.687917  0.160596  -0.15188  0.333106 0.0231988  0.131374   0.0135088 -0.00356883  0.00542136  0.00791092  0.00675786 0.000327861  -0.0363397  -0.0479713 -0.00251397 0.206896 0.169054 -9.80536 
               151.5  0.818179 -0.090078   -11.052  0.391585  0.648753 0.0358102 -0.688023  0.160552 -0.151312  0.333099 0.0232049  0.131373 0.00431981 0.00841865 0.00705326  0.00791425  0.00676115 0.000323462  -0.0360226  -0.0481629 -0.00255251 0.206864 0.169083 -9.80536 
             151.599  0.828998 -0.086915  -11.0639  0.390705  0.648671 0.0376981 -0.687917  0.160532 -0.151198  0.333098 0.0232037  0.131373 0.00311965 0.00457967  0.0106124  0.00791086  0.00675831 0.000329896 -0.0359521 -0.0480777 -0.0026492 0.206854 0.169077 -9.80536 
             151.699   0.816346 -0.0795086   -11.0495  0.385783  0.649015 0.0369861 -0.688109  0.160415 -0.150709  0.333091 0.0232048  0.131372 -0.00705233  0.00265899  0.00626858  0.00791708    0.006753 0.000322139  -0.0356272  -0.0480569 -0.00250226 0.206817 0.169078 -9.80536 
               151.8   0.840629 -0.0966668   -11.0708  0.388444  0.649205 0.0366245 -0.688139  0.160453 -0.151042  0.333095 0.0232048  0.131372 0.000140867  0.00165458  0.00403866  0.00791006  0.00676294 0.000328722  -0.0358288  -0.0480924 -0.00242331  0.20684 0.169077 -9.80536 
               151.9   0.863252 -0.0796388    -11.094  0.390881  0.650524 0.0348653 -0.688327  0.160463 -0.151249  0.333097 0.0232059  0.131371   0.00677577   0.00329195 -0.000823988  0.00790796  0.00675641 0.000324669  -0.0359468  -0.0482202 -0.00224424 0.206856 0.169085 -9.80536 
             151.999   0.885395 -0.0850627   -11.1143  0.385794  0.650037 0.0329565 -0.688538  0.160318 -0.150634   0.33309 0.0232024  0.131372 -0.00676462 -0.00144017 -0.00627112 0.00790405 0.00676399 0.00031773   -0.035604  -0.0481582 -0.00209998 0.206816 0.169082 -9.80536 
               152.1   0.918597 -0.0690665   -11.1731  0.384299  0.649166 0.0329995 -0.688464   0.16031 -0.150553   0.33309 0.0232013  0.131372  -0.00662953 -0.000889153  -0.00497842  0.00789938  0.00676435 0.000323309  -0.0355636  -0.0480879 -0.00215697 0.206811 0.169076 -9.80536 
               152.2    0.92437 -0.0563522    -11.236   0.37786  0.646594 0.0344642 -0.688294  0.160186 -0.149956  0.333086 0.0231935  0.131372  -0.0184908 -0.00333493 0.000191531  0.00791071    0.006765 0.000320029  -0.0352561  -0.0478386 -0.00231385 0.206772 0.169059 -9.80536 
             152.299   0.918727 -0.0519548   -11.2863  0.373666  0.642524 0.0347064 -0.688186  0.160082  -0.14981  0.333088 0.0231866   0.13137  -0.0215464 -0.00891369 0.000626132  0.00791733  0.00676773 0.000314875  -0.0351604  -0.0475504 -0.00232978 0.206756  0.16903 -9.80536 
               152.4   0.923851 -0.0300745   -11.2979  0.367952  0.639506 0.0332671 -0.688166  0.159977 -0.149641  0.333085 0.0231831  0.131368  -0.0278643  -0.0152925 -0.00257064 0.00791202 0.00675554  0.0003059  -0.0349681  -0.0473828 -0.00220101 0.206732 0.169015 -9.80536 
               152.5   0.927842 -0.0500799   -11.2814  0.365858  0.641306 0.0320076 -0.688249  0.160035 -0.149619  0.333086 0.0231895   0.13137  -0.0278921  -0.0120666 -0.00444994  0.00790275  0.00676795 0.000295669  -0.0349715  -0.0476276 -0.00211195 0.206737 0.169042 -9.80536 
             152.599   0.904693 -0.0300773   -11.2813  0.363075  0.640786 0.0336221 -0.688297  0.160024 -0.149578  0.333086 0.0231891  0.131371  -0.026155 -0.0113141 0.00128498  0.00791689  0.00675772 0.000292111   -0.034953  -0.0476841 -0.00227988 0.206737 0.169048 -9.80536 
               152.7   0.925406 -0.0379333   -11.3225  0.363124   0.64348 0.0329571 -0.688408  0.160122 -0.149554  0.333089 0.0231952  0.131372  -0.0201755 -0.00295835 -0.00015139  0.00791558  0.00676358 0.000300789  -0.0350631  -0.0479688 -0.00220741 0.206754 0.169076 -9.80536 
               152.8   0.905109 -0.0210341   -11.3486  0.366866  0.641768 0.0337164 -0.688278  0.160223 -0.149856  0.333097 0.0231929  0.131372  -0.0114222 -0.00661368  0.00169476  0.00793353  0.00675947 0.000296838  -0.0354297  -0.0479103 -0.00227181 0.206793 0.169062 -9.80536 
               152.9   0.916489 -0.0158031   -11.3718  0.366556  0.638745 0.0346645 -0.688173  0.160211 -0.149995  0.333099 0.0231895  0.131372 -0.00863572  -0.0117866  0.00344795  0.00793372   0.0067576 0.000297006 -0.0355136 -0.0477574 -0.0023424 0.206799 0.169045 -9.80536 
                 153   0.955437 -0.0161265   -11.4531  0.366184  0.640391 0.0328066 -0.688367  0.160308 -0.149804  0.333096 0.0231916   0.13137  -0.0046578 -0.00486688 -0.00107162  0.00791505   0.0067612 0.000310253  -0.0355063  -0.0479668 -0.00215671   0.2068 0.169065 -9.80536 
               153.1   0.935921 -0.0190983   -11.4724  0.367511  0.637884 0.0332778 -0.688264  0.160305  -0.15001  0.333099 0.0231891  0.131369 -0.00109296 -0.00872328 0.000243513  0.00792752  0.00676553 0.000299644  -0.0356384  -0.0478376 -0.00220528 0.206812 0.169049 -9.80536 
               153.2    0.934762 -0.00451866    -11.4886  0.365785  0.635984 0.0330563 -0.688252  0.160263 -0.150008 0.333098 0.023187 0.131369  -0.00252302  -0.00895419 -0.000388826  0.00793354  0.00676077 0.000300366  -0.0355511  -0.0477464 -0.00218491 0.206801 0.169042 -9.80536 
             153.299    0.948735 -0.00769136    -11.4835 0.364454 0.634749 0.033336 -0.688254  0.160233 -0.150008  0.333096 0.0231865  0.131369 -0.00461928  -0.0080044 0.000750034  0.00792814  0.00675944 0.000291706  -0.0354897  -0.0477084 -0.00221224 0.206794 0.169039 -9.80536 
               153.4   0.941894 0.00208796   -11.4916  0.366137  0.636567 0.0313328 -0.688249  0.160334 -0.149924    0.3331 0.0231911   0.13137 -0.00289137 -0.00518325 -0.00443764   0.0079274  0.00675813 0.000298748 -0.0355939 -0.0479003 -0.0020408 0.206808 0.169058 -9.80536 
               153.5   0.972272 -0.0206247   -11.5012  0.370542  0.636891 0.0300098 -0.688214  0.160454 -0.149835  0.333106 0.0231923  0.131367  0.00607622 -0.00934788 -0.00752943  0.00790886  0.00676692 0.000303846  -0.0358625  -0.0480177 -0.00197192 0.206839 0.169065 -9.80536 
             153.599   0.988369 -0.0141652   -11.5465  0.377818  0.636349 0.0303162 -0.688134  0.160559 -0.149925  0.333114 0.0231949  0.131366   0.0173023 -0.00776357 -0.00542053  0.00792425  0.00676545 0.000309535  -0.0362532  -0.0480876 -0.00206358 0.206882 0.169064 -9.80536 
               153.7     1.05077 -0.00257128    -11.5791  0.374236  0.631278 0.0308727 -0.687968  0.160388 -0.150125   0.33311 0.0231875  0.131373   0.0123641 -0.00430671 -0.00112008  0.00792531  0.00676141 0.000302724  -0.0359891  -0.0477095 -0.00215449 0.206847 0.169032 -9.80536 
               153.8   1.05473 -0.010762  -11.6041  0.374139  0.632991 0.0326249 -0.688062  0.160256 -0.149969  0.333107 0.0231903  0.131373  0.0132302 0.00284203 0.00422783   0.0079276   0.0067651 0.000305708  -0.0358464   -0.047826 -0.00230129 0.206837 0.169046 -9.80536 
               153.9    1.01285 -0.0279247   -11.5737  0.374122  0.634639 0.0318106 -0.688002  0.160294 -0.149996 0.333106 0.023195 0.131375  0.00835185 -0.00481024 0.000711939  0.00792211  0.00677043 0.000302949   -0.035751  -0.0479263 -0.00219964 0.206829 0.169061 -9.80536 
                 154    1.00068 -0.0187203   -11.5588  0.373821  0.634077 0.0314921 -0.687963  0.160271 -0.150085  0.333104 0.0231956  0.131375  0.00786375 -0.00359889 0.000209703  0.00792509   0.0067648 0.000299512  -0.0356791  -0.0479096 -0.00216458 0.206821 0.169061 -9.80536 
               154.1     1.03821 -0.00630662    -11.5973  0.377754  0.634767 0.0320595 -0.687975  0.160347 -0.149955  0.333108 0.0231974  0.131376  0.0157085 0.00699239 0.00208468  0.00792571  0.00676005 0.000312255  -0.0358569  -0.0479743 -0.00220467  0.20684 0.169064 -9.80536 
               154.2    1.04753 -0.0345259   -11.5973  0.377177  0.634556 0.0302229 -0.687818  0.160297 -0.150067  0.333104 0.0231952  0.131376   0.0106092  0.00191975 -0.00286322  0.00791604  0.00677353 0.000312838  -0.0357436  -0.0478717 -0.00203451 0.206827 0.169058 -9.80536 
               154.3     1.0215 -0.0243833   -11.5841  0.378451  0.634181 0.0287315 -0.687681  0.160307 -0.150064  0.333105 0.0231955  0.131376   0.0118434 -0.00480105 -0.00571464  0.00791354   0.0067643 0.000312618  -0.0357572  -0.0478376 -0.00193413 0.206828 0.169057 -9.80536 
               154.4    1.02456 -0.0263373   -11.5816  0.380011  0.633598 0.0285053  -0.68769  0.160309 -0.150043  0.333105 0.0231951  0.131376    0.0120066 -0.000142377  -0.00425099  0.00791701  0.00676619 0.000307951  -0.0357858  -0.0478251 -0.00196073  0.20683 0.169055 -9.80536 
               154.5    1.06729 -0.0313352   -11.5818 0.380641 0.634007 0.027024 -0.687661  0.160313 -0.150051  0.333104 0.0231943  0.131376   0.0110754  0.00319683 -0.00631766   0.0079055  0.00676878 0.000305024  -0.0357507  -0.0478266 -0.00187036 0.206827 0.169056 -9.80536 
               154.6     1.0433 -0.0295931    -11.587  0.382414   0.63544 0.0267271 -0.687702  0.160334 -0.149977  0.333105 0.0231964  0.131376   0.0118761 0.000938499  -0.0051734  0.00790667  0.00676276 0.000310139  -0.0357732   -0.047927 -0.00189223 0.206831 0.169066 -9.80536 
               154.7    1.03099 -0.0312645   -11.5857  0.377893  0.631658 0.0263757 -0.687714  0.160191 -0.150412  0.333099 0.0231889  0.131374 0.000452362 -0.00792164 -0.00423252  0.00790484   0.0067632 0.000313019  -0.0354762  -0.0476287 -0.00191482 0.206794 0.169041 -9.80536 
               154.8    1.03586 -0.0338543   -11.5934  0.378632  0.635732 0.0285699 -0.687897  0.160187  -0.15019  0.333097 0.0231953  0.131376 0.00236978 0.00776418 0.00333954  0.00791273  0.00676469 0.000315035  -0.0354425  -0.0479666 -0.00212523 0.206799 0.169074 -9.80536 
               154.9    1.04235 -0.0282463   -11.5976  0.376991  0.633806 0.0297841 -0.687911  0.160104 -0.150371  0.333096 0.0231907  0.131375 -0.00182764 0.000557439  0.00594034  0.00791007  0.00675832 0.000315692  -0.0353595  -0.0477749 -0.00220469 0.206787 0.169055 -9.80536 
                 155     1.0215 -0.0320066   -11.5951 0.378766 0.636506 0.032425 -0.688088  0.160118 -0.150152 0.333097 0.023195 0.131377 0.00120524 0.00298437  0.0121951  0.00790978  0.00675682 0.000319021 -0.0354374 -0.0480126 -0.0023713 0.206801 0.169075 -9.80536 
               155.1     1.0269 -0.0270134   -11.5781  0.378668  0.636934 0.0329595 -0.688053  0.160137 -0.150162  0.333097 0.0231949  0.131377 0.00119447 0.00632937  0.0110943 0.00790857  0.0067552 0.00030791  -0.0354265  -0.0480038 -0.00230957 0.206799 0.169075 -9.80536 
             155.199    1.04897 -0.0242424    -11.592 0.380555 0.636642  0.03135 -0.687911  0.160245 -0.150137   0.3331 0.023192 0.131378 0.00601479 0.00672445 0.00413275  0.00790152  0.00675499 0.000312994  -0.0355637  -0.0479248 -0.00207768  0.20681 0.169067 -9.80536 
               155.3    1.04619 -0.0268402   -11.5907  0.383851  0.637838 0.0308793 -0.687827   0.16032 -0.149987  0.333103 0.0231937  0.131377  0.0111758 0.00493797 0.00256898  0.00789983  0.00675576 0.000312986  -0.0357254   -0.047979 -0.00199366 0.206827  0.16907 -9.80536 
               155.4    1.03517 -0.0304317   -11.5823  0.383737  0.635951 0.0283145 -0.687593  0.160364  -0.15015  0.333102 0.0231902  0.131377  0.00979882 -0.00032156 -0.00453351  0.00790169  0.00675558 0.000308939  -0.0356947  -0.0477755 -0.00175596 0.206818 0.169054 -9.80536 
               155.5    1.04042 -0.0414144   -11.5813   0.37584  0.633788 0.0288932 -0.687732  0.160224 -0.150621 0.333092 0.023184 0.131379  -0.00803743  -0.00192261 -0.000914851  0.00790618  0.00675953 0.000305511  -0.0351846  -0.0475584 -0.00185083 0.206762 0.169042 -9.80536 
               155.6    1.03477 -0.0318262   -11.5666  0.371813  0.628563 0.0298625 -0.687762  0.160117 -0.150914  0.333089 0.0231759  0.131378 -0.0151892 -0.0138891 0.00277842  0.00790407  0.00675377 0.000298785   -0.035054  -0.0472111 -0.00194876 0.206742 0.169008 -9.80536 
               155.7    1.03574 -0.0284625    -11.579  0.376243  0.630214 0.0299605 -0.687711  0.160225 -0.150524  0.333094 0.0231829  0.131379 -0.00276877 -0.00870632  0.00293117  0.00789495  0.00675211 0.000309389  -0.0353705  -0.0474661 -0.00191904 0.206779 0.169028 -9.80536 
             155.799   1.00757 -0.027849   -11.556  0.372161  0.625489 0.0308356  -0.68774  0.160115 -0.150822  0.33309 0.023176 0.131376 -0.0105021 -0.0149147  0.0062201  0.00791115  0.00674871 0.000295017  -0.0351867  -0.0471782 -0.00197053 0.206755 0.169002 -9.80536 
               155.9    1.02629 -0.0310793   -11.5733 0.370031 0.625199 0.029387 -0.687649  0.160164 -0.150828  0.333088 0.0231761  0.131376  -0.012808 -0.0104811 0.00115466  0.00790678   0.0067487 0.000300844  -0.0351164  -0.0472182 -0.00179152 0.206748  0.16901 -9.80536 
                 156    1.03399 -0.0352427    -11.566  0.370965   0.62716 0.0259479 -0.687401  0.160299   -0.1506  0.333089 0.0231793  0.131374 -0.00875858 -0.00512784 -0.00799911  0.00789505  0.00674871 0.000298788  -0.0352235   -0.047389 -0.00149137 0.206761 0.169029 -9.80536 
               156.1    1.03747 -0.0291294    -11.576  0.374012  0.633764 0.0298441 -0.687688  0.160258 -0.150186  0.33309 0.023192 0.131373 -0.00119991   0.0116134   0.0054069 0.00788572  0.0067467 0.00030433  -0.0353333   -0.047917 -0.00185476 0.206786 0.169075 -9.80536 
             156.199    1.03331 -0.0289344    -11.583  0.377831  0.639182 0.0322094 -0.687754  0.160269 -0.149846  0.333092 0.0231995  0.131373 0.00639686  0.0234124  0.0111965  0.00788719  0.00674912 0.000306358  -0.0354988  -0.0482229 -0.00198987  0.20681   0.1691 -9.80536 
               156.3    1.01591 -0.0229289   -11.5827  0.377484  0.638358 0.0324582 -0.687691  0.160248 -0.150044 0.333092 0.023195 0.131371 0.00432871  0.0163803 0.00946215  0.00789713  0.00674357 0.000305796  -0.0354844  -0.0480017 -0.00192131 0.206803 0.169079 -9.80536 
               156.4    1.02147 -0.0262747   -11.5688   0.37871    0.6375 0.0310411 -0.687497  0.160321 -0.150119  0.333093 0.0231916  0.131371 0.00649776  0.0094395   0.004866  0.00789173  0.00674448 0.000299432  -0.0355757  -0.0478223 -0.00171984 0.206807 0.169063 -9.80536 
             156.499    1.03546 -0.0226876   -11.5945 0.379608 0.634849 0.030238 -0.687387  0.160337 -0.150281  0.333096 0.0231863  0.131372  0.0075874  0.0026881 0.00297742  0.00788779   0.0067433 0.000310375  -0.0356469  -0.0475738 -0.00160817 0.206808 0.169038 -9.80536 
               156.6   1.05243 -0.032542  -11.5931  0.377435  0.634584 0.0291352 -0.687356   0.16038 -0.150431  0.333092 0.0231833  0.131373  0.00137118  0.00265668 -0.00059062  0.00788347  0.00674892 0.000307725  -0.0354937  -0.0475004 -0.00149041  0.20679 0.169036 -9.80536 
               156.7   1.04565 -0.034234  -11.5826  0.379281   0.63646 0.0295877 -0.687359  0.160386 -0.150273  0.333094 0.0231862  0.131373 0.00475501 0.00542817 0.00175878  0.00788631   0.0067496 0.000303991  -0.0355706  -0.0476257 -0.00152507 0.206801 0.169046 -9.80536 
             156.799    1.04072 -0.0173294   -11.5792  0.376133  0.636183 0.0300293 -0.687426  0.160358 -0.150509   0.33309 0.0231839  0.131372 -0.00217984  0.00452075  0.00305367  0.00789109  0.00674176 0.000300092  -0.0353606  -0.0475417 -0.00154531 0.206779 0.169042 -9.80536 
               156.9  1.04591 -0.02957 -11.5896  0.376598  0.639741 0.0318482 -0.687517  0.160362 -0.150356   0.33309 0.0231884  0.131372 -0.000598161    0.0127015   0.00809938 0.00788842 0.00674883 0.00030276  -0.0353566  -0.0477641 -0.00166213 0.206783 0.169062 -9.80536 
                 157    1.03329 -0.0375293    -11.564  0.371876  0.638042 0.0296266  -0.68735  0.160396 -0.150737  0.333083 0.0231844  0.131371  -0.010834 0.00573244 0.00196375  0.00789352  0.00675211 0.000288322  -0.0351349  -0.0474925 -0.00140378 0.206755 0.169044 -9.80536 
               157.1    1.03121 -0.0246692   -11.5728  0.369429  0.635765 0.0278567 -0.687224  0.160404 -0.150911  0.333083 0.0231804   0.13137  -0.0130551 0.000114554 -0.00237667  0.00789378  0.00674664 0.000291335  -0.0350993   -0.047272 -0.00124091 0.206746 0.169025 -9.80536 
             157.199    1.04259 -0.0327828   -11.5945  0.371086  0.639164 0.0263492 -0.687087  0.160475 -0.150645  0.333084 0.0231856  0.131369 -0.00633688  0.00977156 -0.00485338  0.00789103  0.00675067 0.000299942  -0.0352365  -0.0474892 -0.00111855 0.206764 0.169046 -9.80536 
               157.3    1.02875 -0.0190292   -11.5926  0.373471  0.640224 0.0285364 -0.687232  0.160416 -0.150472  0.333086 0.0231867   0.13137 0.00032635  0.0100503  0.0036292  0.00789651  0.00674536 0.000299584  -0.0353985  -0.0475525 -0.00133384 0.206782 0.169045 -9.80536 
               157.4    1.02322 -0.0231945   -11.5947  0.375435  0.643094 0.0289663 -0.68719 0.160442 -0.15031  0.333088 0.0231899  0.131371 0.00421078  0.0145305  0.0050973  0.00790175   0.0067456 0.000301082  -0.0354877  -0.0476831 -0.00132563 0.206793 0.169057 -9.80536 
               157.5   1.03554 -0.028134  -11.5849  0.377189  0.640937 0.0291216 -0.687164  0.160399 -0.150326   0.33309 0.0231854  0.131371 0.00687019  0.0081117 0.00516439  0.00789511  0.00674792 0.000294226 -0.0356128 -0.0474586 -0.0012986 0.206801 0.169032 -9.80536 
               157.6    1.06728 -0.0317852   -11.5826 0.376914 0.639376 0.030566 -0.687256  0.160361 -0.150466  0.33309 0.023183 0.131373 0.00419249 0.00305733  0.0088508  0.00787662  0.00675033 0.000292532  -0.0355887  -0.0473113 -0.00137782 0.206795 0.169017 -9.80536 
             157.699    1.03639 -0.0312769   -11.5849  0.379478  0.639246 0.0290943 -0.687009   0.16043 -0.150346  0.333092 0.0231842  0.131373  0.00837886 0.000838783  0.00394547 0.00789167 0.00674873 0.00029343  -0.0357346  -0.0472656 -0.00116682 0.206808 0.169014 -9.80536 
             157.799    1.02929 -0.0333347   -11.5812  0.377763  0.636583 0.0293126 -0.687043  0.160405 -0.150626   0.33309 0.0231797  0.131372  0.00349333 -0.00470105  0.00536801   0.007897 0.00674766 0.00029153  -0.0356244  -0.0470678 -0.00115151 0.206793 0.168997 -9.80536 
               157.9    1.03787 -0.0323694   -11.5908  0.378405  0.635234 0.0303522 -0.687072  0.160372 -0.150657   0.33309 0.0231786  0.131372  0.00495309 -0.00549052  0.00770023  0.00789358  0.00674678 0.000296266  -0.0356478  -0.0470147 -0.00119107 0.206794  0.16899 -9.80536 
                 158    1.02748 -0.0246795   -11.5852  0.379593  0.634825 0.0301507 -0.686996  0.160405 -0.150613  0.333091 0.0231791  0.131372  0.00665636 -0.00556388  0.00595625  0.00789586  0.00674145 0.000293116  -0.0356922  -0.0470178 -0.00110361 0.206798 0.168991 -9.80536 
             158.099    1.04169 -0.0214511   -11.5719  0.377241   0.64128 0.0311046 -0.687012  0.160487 -0.150503  0.333087 0.0231879   0.13137 -0.000114561    0.0116759   0.00730207  0.00788079  0.00673599 0.000285169  -0.0354254  -0.0474381 -0.00112358 0.206782 0.169037 -9.80536 
               158.2     1.0471 -0.0377907   -11.5893  0.377627  0.641007 0.0300394  -0.68691  0.160511 -0.150535  0.333088 0.0231856   0.13137 0.000949571   0.0093783  0.00361621  0.00788157   0.0067436 0.000293679    -0.035475   -0.0473256 -0.000973575 0.206783 0.169027 -9.80536 
               158.3     1.0453 -0.0209994   -11.5881  0.376771  0.638726 0.0293316 -0.686848  0.160499 -0.150685 0.333088 0.023181  0.13137 -0.00166245  0.00140672  0.00236226  0.00788591  0.00673567 0.000291557   -0.0354658   -0.0471001 -0.000883589 0.206777 0.169007 -9.80536 
               158.4    1.05471 -0.0443461   -11.5819  0.374841    0.6408 0.0295926 -0.686877  0.160524  -0.15071  0.333086 0.0231831   0.13137 -0.00520395  0.00575915  0.00274235  0.00787706    0.006745 0.000287481   -0.0353403   -0.0472122 -0.000883434 0.206768  0.16902 -9.80536 
               158.5    1.03741 -0.0265296   -11.5734  0.373754  0.640728 0.0312285 -0.686962  0.160478 -0.150761  0.333085 0.0231814   0.13137 -0.00577186   0.0060582  0.00764331   0.0078886  0.00673351 0.000281342   -0.0353079    -0.047172 -0.000995187 0.206764 0.169015 -9.80536 
               158.6    1.04251 -0.0345058   -11.5835  0.372836  0.638882 0.0305417 -0.686862  0.160487 -0.150865  0.333086 0.0231781   0.13137 -0.00625308  0.00106184  0.00512988  0.00788509  0.00673561 0.000289243   -0.0353269   -0.0469876 -0.000867221 0.206762    0.169 -9.80536 
               158.7    1.02792 -0.0298149   -11.5822  0.371658   0.63607 0.0308699 -0.686841  0.160451 -0.150986  0.333086 0.0231743  0.131369 -0.00712652 -0.00689432  0.00663845  0.00789082  0.00673199 0.000289451  -0.0353308  -0.0467905 -0.00084455 0.206758 0.168981 -9.80536 
               158.8    1.03987 -0.0273934   -11.5809   0.37453  0.637385 0.0306228 -0.686715  0.160493 -0.150732  0.333089 0.0231779  0.131369  0.00017663 -0.00241221  0.00528339  0.00788008  0.00672995 0.000287617     -0.03552   -0.0469365 -0.000755278 0.206779 0.168993 -9.80536 
               158.9    1.03688 -0.0201009   -11.5725   0.37208  0.634575 0.0308837 -0.686748  0.160471 -0.150932  0.333087 0.0231738  0.131368 -0.00443843 -0.00687378  0.00531478  0.0078833 0.00672573 0.00028261  -0.0354098  -0.0467447 -0.00073426 0.206765 0.168977 -9.80536 
             158.999    1.02848 -0.0263608   -11.5668  0.370322  0.634683 0.0292297 -0.686637  0.160541 -0.150968  0.333086 0.0231746  0.131368 -0.00822414 -0.00502115 0.000775498  0.00788735  0.00672705 0.000276872   -0.0353371   -0.0467606 -0.000540411 0.206757 0.168982 -9.80536 
               159.1    1.02841 -0.0256145   -11.5747  0.367775  0.630311 0.0282878 -0.686627  0.160522 -0.151177  0.333085 0.0231691  0.131368 -0.0118434 -0.0141042 -0.0016246  0.00788532   0.0067275 0.000282606   -0.0352918    -0.046493 -0.000463712 0.206747 0.168959 -9.80537 
               159.2    1.03995 -0.0341407   -11.5883  0.37303 0.630099 0.028525 -0.686542  0.160504 -0.150885 0.333091 0.023174 0.131367   0.00120322   -0.0113597 -0.000211632  0.00788216   0.0067302 0.000291708   -0.0356496   -0.0466226 -0.000487268 0.206784 0.168964 -9.80536 
               159.3    1.03194 -0.0389044   -11.5868 0.372365 0.632982 0.027856 -0.686534  0.160579 -0.150734  0.333089 0.0231786  0.131367 -0.00145301 -0.00174616 -0.00173574   0.0078874  0.00673261 0.000290904   -0.0355584   -0.0468705 -0.000421721  0.20678 0.168989 -9.80536 
               159.4    1.03428 -0.0286991   -11.5784  0.372039  0.634542 0.0284533 -0.686584   0.16057 -0.150656 0.333088 0.023181 0.131367 -0.00286998  0.00182911 3.46551e-05  0.00788432  0.00672657 0.000286322   -0.0355232   -0.0469921 -0.000484394 0.206779    0.169 -9.80536 
               159.5    1.03651 -0.0349709     -11.58  0.374401  0.639624 0.0291854 -0.686641  0.160606 -0.150298   0.33309 0.0231884  0.131366 0.00265657  0.0133795 0.00230088  0.00788525  0.00672858 0.000289001   -0.0356141   -0.0473479 -0.000534169 0.206795 0.169029 -9.80536 
               159.6    1.03719 -0.0242148    -11.581  0.374156   0.63632 0.0308514 -0.686606  0.160505 -0.150587   0.33309 0.0231821  0.131367 0.00139746 0.00280198 0.00679075  0.00788601  0.00672222 0.000289195   -0.0356366   -0.0470322 -0.000660593 0.206792    0.169 -9.80536 
               159.7    1.02064 -0.0232759   -11.5756  0.374149  0.638716 0.0321761  -0.68668    0.1605 -0.150468  0.333089 0.0231848  0.131367 0.000362768  0.00824674   0.0093951  0.00789301  0.00672217 0.000286929   -0.0355975   -0.0471828 -0.000708959 0.206791 0.169014 -9.80536 
               159.8    1.04073 -0.0347865   -11.5688  0.373503  0.638535 0.0315056 -0.686601  0.160555 -0.150541  0.333088 0.0231827  0.131368 -0.00124556   0.0053132  0.00540454  0.00788253  0.00672698 0.000282242   -0.0355826   -0.0470975 -0.000569994 0.206787 0.169008 -9.80536 
             159.899    1.03831 -0.0196729    -11.582  0.377152  0.637552 0.0312827 -0.686496  0.160635 -0.150518  0.333093 0.0231821  0.131369 0.00736369 0.00281752  0.0029423   0.0078856  0.00671938 0.000290217   -0.0358414   -0.0470158 -0.000505978 0.206808 0.168997 -9.80536 
                 160    1.04279 -0.0213016   -11.5988  0.376983  0.640125 0.0305144 -0.686514  0.160679 -0.150416  0.333091 0.0231842  0.131368  0.00558987  0.00712298 0.000122969  0.00788142  0.00672139 0.000298352   -0.0357591   -0.0471587 -0.000410882 0.206803 0.169011 -9.80536 
               160.1    1.02678 -0.0271819   -11.5735  0.376698   0.63819 0.0303892 -0.686446  0.160644 -0.150569   0.33309 0.0231805  0.131367   0.00369242   0.00112022 -7.38121e-05  0.00788846  0.00672171 0.000284362   -0.0357449   -0.0469673 -0.000400576 0.206798 0.168995 -9.80536 
               160.2    1.03516 -0.0323909   -11.5786  0.376931  0.635073 0.0294747 -0.686323  0.160641 -0.150716   0.33309 0.0231762  0.131367  0.00474713 -0.00621114  -0.0024374  0.00788378  0.00672333 0.000286637   -0.0357811    -0.046733 -0.000329389 0.206796 0.168976 -9.80536 
               160.3    1.02647 -0.0331452   -11.5794  0.376586  0.634279 0.0304463 -0.686378  0.160596 -0.150747   0.33309 0.0231756  0.131367  0.00301302  -0.0066877 0.000975912  0.00788745  0.00672209 0.000288334   -0.0357255   -0.0467228 -0.000433303 0.206792 0.168975 -9.80536 
               160.4    1.05173 -0.0263272   -11.5698  0.377374  0.634439 0.0291016 -0.686342  0.160627 -0.150698   0.33309 0.0231759  0.131367  0.00432574 -0.00583785 -0.00233064   0.0078745  0.00671776 0.000281933   -0.0357441   -0.0467794 -0.000307033 0.206794  0.16898 -9.80536 
               160.5     1.0422 -0.0319873   -11.5894  0.381382  0.633335 0.0287751 -0.686289  0.160707 -0.150615  0.333094 0.0231769  0.131366   0.0120075 -0.00667961 -0.00249443  0.00788445  0.00672044 0.000291512   -0.0359802   -0.0467764 -0.000296742 0.206814 0.168976 -9.80536 
               160.6    1.02284 -0.0246717   -11.6105 0.385036 0.636143 0.030007 -0.686425  0.160786  -0.15047  0.333094 0.0231816  0.131368  0.0166338 0.00215621 0.00174002  0.00789918  0.00671656 0.000303237   -0.0360929   -0.0470526 -0.000415225 0.206828 0.168996 -9.80536 
               160.7    1.07442 -0.0363842   -11.5937  0.386399  0.640474 0.0303262 -0.686549  0.160782 -0.150365  0.333093 0.0231868  0.131365  0.0147916  0.0107069 0.00258597   0.0078715  0.00672275 0.000293385   -0.0360161    -0.047346 -0.000417892 0.206828 0.169021 -9.80536 
             160.799    1.04731 -0.0314548   -11.5899  0.384503  0.640788 0.0300223 -0.686534  0.160718 -0.150494   0.33309 0.0231853  0.131364 0.00780856 0.00903526  0.0014575  0.00788672  0.00671874 0.000291958   -0.0358144    -0.047255 -0.000372501 0.206809 0.169018 -9.80536 
               160.9    1.03369 -0.0400006   -11.5897  0.384285  0.639395 0.0316438 -0.686545  0.160625 -0.150601  0.333089 0.0231814  0.131363 0.00580273 0.00340998 0.00569353  0.00789182  0.00672155 0.000292768   -0.0357712   -0.0470984 -0.000501743 0.206803 0.169005 -9.80536 
                 161    1.03323 -0.0281969   -11.5811  0.380403  0.638648 0.0305201 -0.686493  0.160573 -0.150772  0.333085 0.0231797  0.131362 -0.00412994 0.000577105  0.00154691  0.00789127  0.00671191 0.000287171   -0.0355136   -0.0469701 -0.000360915 0.206779    0.169 -9.80536 
             161.099    1.04902 -0.0392069   -11.5762  0.376298  0.637222 0.0312787 -0.686511   0.16048  -0.15093  0.333082 0.0231774  0.131362  -0.0125209 -0.00250199  0.00206776  0.00788516  0.00671651 0.000284181  -0.0353006  -0.0468343 -0.00042476 0.206759 0.168992 -9.80536 
               161.2    1.05649 -0.0241999   -11.5808 0.373244 0.638091  0.03137 -0.686555  0.160448 -0.150923  0.333079 0.0231783  0.131361  -0.0158572 -6.4646e-05  0.00118242  0.00788155  0.00670979 0.000284851   -0.0351693   -0.0468959 -0.000416468  0.20675 0.168999 -9.80536 
               161.3     1.0453 -0.0356643   -11.5735  0.370761  0.639528 0.0303686 -0.686569  0.160469 -0.150887 0.333078  0.02318 0.131362  -0.0174887  0.00302462 -0.00209722 0.00788912 0.00671591 0.00027981    -0.035098   -0.0469827 -0.000321254 0.206745 0.169008 -9.80536 
             161.399    1.03462 -0.0230747    -11.593  0.370286   0.63955 0.0304722 -0.686561  0.160497 -0.150865  0.333079 0.0231803  0.131362   -0.0147359   0.00159694 -0.000686147  0.00789425  0.00670877 0.000290188   -0.035181  -0.0469802 -0.00034347 0.206752 0.169006 -9.80536 
               161.5    1.03416 -0.0169478   -11.5721  0.370395  0.634841 0.0296791 -0.686337  0.160537 -0.151001  0.333082 0.0231746  0.131362  -0.0110275  -0.0102011 -0.00212346 0.00789432 0.00670839 0.00027712   -0.0353509   -0.0466456 -0.000286105 0.206759 0.168978 -9.80536 
               161.6    1.02561 -0.0195873   -11.5792  0.375406  0.633944 0.0303622 -0.686328  0.160692 -0.150875  0.333088 0.0231766  0.131362   0.00190659   -0.0096466 -0.000236175  0.00789862  0.00670925 0.000280742   -0.0357386   -0.0467193 -0.000360148 0.206792 0.168976 -9.80536 
             161.699    1.04451 -0.0327162   -11.5703  0.377037  0.632601 0.0309977 -0.686323  0.160714  -0.15086   0.33309 0.0231769  0.131362 0.00499424 -0.0112447 0.00222433  0.00789023   0.0067172 0.000276699   -0.0358344   -0.0467135 -0.000412632 0.206799 0.168974 -9.80536 
               161.8    1.0226 -0.025083  -11.5851  0.380611  0.629949 0.0305691 -0.686233  0.160786 -0.150863  0.333093 0.0231766  0.131362  0.0487746 -0.0269293 0.00470755   0.0079029  0.00671362 0.000283847  -0.0360094  -0.0466419 -0.00032731 0.206812 0.168966 -9.80536 
               161.9   1.25455 0.0357508  -11.5439 0.388956 0.628656  0.03266 -0.686251  0.160742 -0.150914   0.33309 0.0231781   0.13136 0.174689 0.012364 0.056541   0.0078839  0.00672124 0.000278743   -0.0358582   -0.0466251 -0.000345719 0.206799 0.168967 -9.80536 
             161.999 0.905841  0.25598 -11.7585 0.414194 0.631375 0.037837 -0.686087  0.160105 -0.150582  0.333097 0.0231839  0.131352  0.363934  0.056613 0.0364067  0.00788491  0.00671746 0.000285467   -0.0356955   -0.0465238 -0.000259884 0.206792 0.168962 -9.80536 
               162.1 -0.037489  0.614699  -12.2825  0.450825  0.644318 0.0432543 -0.686429  0.166928  -0.16751  0.332991 0.0229974  0.131466   0.558418 -0.0228227  0.0699869 0.00788972 0.00672813 0.00028456   -0.0361132   -0.0471785 -0.000469323 0.206747 0.169023 -9.80536 
             162.199 0.835882  1.24218 -12.1759  0.508485  0.646529 0.0599293 -0.697269  0.200072 -0.195275   0.33281 0.0231145  0.131286  0.641228 -0.104299 0.0280163  0.00785011  0.00671132 0.000279916  -0.0414446  -0.0496321 -0.00155698 0.206756  0.16907 -9.80536 
               162.3  1.60473  1.44683 -11.4167  0.582291  0.627187 0.0584344 -0.697028  0.186861 -0.177674  0.332778 0.0229999  0.131434   0.754496  -0.224997 -0.0201455  0.00784989  0.00665648 0.000269031  -0.0395577  -0.0493274 -0.00122597 0.206776 0.169052 -9.80536 
               162.4  1.85977  1.22458 -10.5255  0.677073  0.599325 0.0491095 -0.702006  0.157604 -0.174797  0.332657 0.0227543   0.13143  0.967735 -0.247493 0.0734549  0.00791247  0.00672444 0.000259077   -0.0351007   -0.0501639 -0.000529991 0.206801 0.169051 -9.80536 
             162.499  1.90991 0.770291 -8.89243  0.777679  0.571185 0.0517351 -0.701632   0.15493 -0.147022  0.332426 0.0226352  0.131364  0.935213  -0.18497 -0.042609   0.0078882   0.0067315 0.000266892   -0.0350649   -0.0496067 -0.000441692 0.206836  0.16902 -9.80536 
               162.6  1.60039 0.153786 -6.86132  0.863726  0.562063 0.0477429 -0.700039  0.164315 -0.175111   0.33276 0.0226823  0.131525   0.834242  -0.121505 -0.0563327   0.0078607  0.00672847 0.000234283   -0.0363934   -0.0498303 -0.000671884 0.206814 0.169047 -9.80536 
               162.7  1.91874  0.11161 -4.12044  0.941558  0.548181 0.0499765 -0.700283  0.177357  -0.16979  0.332757 0.0228078  0.131552    0.79317  -0.135256 -0.0240732  0.00787457   0.0067364 0.000219752  -0.0384179  -0.0497441 -0.00122332 0.206809 0.169037 -9.80536 
             162.799    2.9504 -0.157283  -1.17763   1.00636  0.534813 0.0515582  -0.69631  0.176599 -0.160972  0.332494 0.0229447  0.131685   0.585625 -0.0547307  0.0147751  0.00783073  0.00672386 0.000219437   -0.038068  -0.0486696 -0.00103022 0.206796 0.169005 -9.80536 
               162.9   2.57808 -0.946286   1.48516   1.05191  0.543946 0.0591871 -0.710276  0.166922 -0.165024  0.333093 0.0230906  0.131841    0.433969   0.0340956 -0.00956214  0.00785335  0.00672064 0.000218376  -0.0360022  -0.0518545 -0.00182401 0.206733 0.169067 -9.80536 
                 163  1.62311 -1.23413  4.32507   1.08944  0.537332 0.0554126 -0.704506  0.168234 -0.188919  0.332705 0.0231617  0.131476   0.348745  0.0609015 -0.0593099  0.00788449  0.00671698 0.000208917   -0.036195  -0.0500705 -0.00171138 0.206758 0.168982 -9.80536 
               163.1 0.434962 -1.09993  6.67526   1.12212  0.546092 0.0552369 -0.713448   0.16149 -0.172465  0.332708 0.0230226  0.131645  0.237428 0.0167045 0.0895527   0.0079227  0.00672019 0.000245387  -0.0351676   -0.051821 -0.00192963 0.206757 0.169021 -9.80536 
               163.2 0.807611 -1.36808   9.8761   1.12924  0.544034 0.0668108 -0.733264  0.129443  -0.20237 0.332652 0.023183 0.131614    0.12746 0.00391521  0.0429189  0.00788061  0.00674713 0.000219483  -0.0289742  -0.0551704 -0.00259267 0.206676 0.168973 -9.80537 
               163.3 1.17824 -1.3188 12.5199   1.14134  0.537546 0.0621709 -0.716835  0.161924 -0.225229  0.332741 0.0229915  0.131716  0.0849119 -0.0164687 0.00353619  0.00784328  0.00671761 0.000210919  -0.0345829  -0.0519276 -0.00185898 0.206731 0.168929 -9.80537 
               163.4  1.24368 -1.35914  14.1134   1.15124  0.539228 0.0566159 -0.710816  0.177256 -0.211491  0.332746 0.0229265  0.131697  0.0772295 -0.0150261  -0.038786  0.00786662   0.0067471 0.000253567  -0.0373743  -0.0509942 -0.00145899 0.206746 0.168956 -9.80537 
               163.5 1.37382 -1.3659 14.8315  1.15832 0.540381 0.056886 -0.708771  0.182727  -0.20332  0.332694 0.0229565  0.131687   0.0538184 -0.00665823  -0.0562697 0.00785947 0.00675723 0.00031072   -0.038455  -0.0507168 -0.00128068 0.206755 0.168978 -9.80536 
               163.6  1.51863 -1.30488  16.1008 1.16045 0.54074  0.0509 -0.707451  0.185797   -0.2018  0.332671 0.0228749  0.131653  0.0334642 -0.0041097 -0.0315791  0.00780014  0.00671227 0.000299688  -0.0388575  -0.0505819 -0.00112904 0.206738 0.168974 -9.80537 
               163.7  1.15638 -1.38655  18.6963  1.16208 0.533703 0.047585 -0.709154  0.182008 -0.216451  0.332744 0.0228421  0.131638  0.0280906 -0.0179513 -0.0802138  0.00785948  0.00673808 0.000272761  -0.0379892  -0.0505102 -0.00140557 0.206766 0.168919 -9.80537 
               163.8 0.657773 -1.43681  22.5403   1.16233   0.52081 0.0473874 -0.707743  0.180231 -0.231947  0.332548 0.0229062  0.131525 -0.00491367  -0.0634363 -0.00597074  0.00786242  0.00676548 0.000202004  -0.0374003  -0.0497015 -0.00157457 0.206835  0.16884 -9.80537 
               163.9 0.709931 -1.71966  26.0751   1.16249  0.503463 0.0497667 -0.709014  0.179805 -0.244123 0.332221 0.023054 0.131523 -0.0199097 -0.0842905 -0.0222112 0.00785732 0.00677253 0.00015438  -0.0370628  -0.0491736 -0.00223211 0.206942 0.168755 -9.80536 
                 164 0.528142  -1.5798  27.7487   1.16033  0.515635 0.0546558 -0.716852  0.181026 -0.231854  0.332263 0.0228823  0.131594 -0.0345497 -0.0232225 -0.0184884 0.00788222 0.00675002 0.00026865  -0.0379296  -0.0517397 -0.00279768  0.20677 0.168922 -9.80537 
               164.1  0.52886 -1.61374  28.8463   1.15885  0.527031 0.0558677 -0.720268  0.182367 -0.228556  0.331976 0.0228987  0.131583 -0.0124862 0.00628472  0.0949878  0.00786495  0.00674727 0.000295964  -0.0386631  -0.0531898 -0.00291226  0.20665 0.169041 -9.80537 
               164.2  1.15292 -1.36277  30.7056   1.15501  0.534586 0.0683668 -0.727625   0.18443 -0.233317  0.331728 0.0230995  0.131404 0.00819503  0.0128879 -0.0529195  0.00784449  0.00675438 0.000290026  -0.0390643   -0.055147 -0.00411688 0.206532 0.169066 -9.80537 
             164.299 0.961876 -1.52686  34.3377   1.14022  0.532162 0.0615877 -0.726619  0.179972 -0.239483  0.331874 0.0231402  0.131376  -0.0324936 0.000581278  -0.0315016  0.00788606  0.00678765 0.000167599  -0.0374006  -0.0553439 -0.00381022 0.206439 0.168906 -9.80537 
               164.4 0.875537 -1.34667  37.5211   1.14256    0.5307 0.0513755 -0.724497  0.178492  -0.23657  0.331791 0.0231408  0.131388  -0.0349082 -0.00330316   0.0296565 0.00785431 0.00673463 0.00017906  -0.0373288  -0.0546952 -0.00341536   0.2065 0.168938 -9.80537 
               164.5    0.517 -1.49292  40.2904   1.13562   0.53484 0.0568371 -0.728412  0.180817 -0.239495  0.331887 0.0230397  0.131437 -0.0417632  0.0159966  -0.042007  0.00785945  0.00674475 0.000210021   -0.037785  -0.0557794 -0.00374856 0.206413 0.168954 -9.80537 
               164.6 0.243429 -1.64146   42.057   1.13116  0.548171 0.0560444 -0.730866  0.182392 -0.244076   0.33179 0.0229536  0.131512 -0.0525127  0.0373321 0.00718017  0.00785717  0.00675679 0.000275623  -0.0386248  -0.0568582 -0.00383619 0.206272 0.169071 -9.80537 
             164.699 0.242471 -1.35403  44.3229  1.12922  0.55305 0.055105 -0.730581  0.182666 -0.242797  0.331776 0.0229811  0.131512 -0.0563404  0.0466211 -0.0205273  0.00783369  0.00673692 0.000288895  -0.0388716  -0.0566642 -0.00378998 0.206301 0.169116 -9.80537 
               164.8 0.144373 -1.41623  46.4925   1.13325  0.559441 0.0576157 -0.73082 0.183474 -0.23987 0.331742  0.02305 0.131501 -0.0167676  0.0565068 0.00234638  0.00782899   0.0067483 0.000292604 -0.0394623 -0.0563995 -0.0038191 0.206359 0.169223 -9.80537 
               164.9 0.409777 -1.40377  48.3455   1.13865  0.563351 0.0476158 -0.729694  0.182692 -0.237277  0.331773 0.0230721  0.131528  0.0366228  0.0557598 -0.0632318  0.00781918   0.0067852 0.000311821  -0.0394206  -0.0558725 -0.00354244 0.206432 0.169256 -9.80537 
                 165 0.675059 -1.22558  50.3638   1.15092  0.566811 0.0479988 -0.730363  0.185229  -0.23517  0.331818 0.0231685  0.131579   0.166592  0.0950306 -0.0301191  0.00783815   0.0067681 0.000361417  -0.0397711  -0.0556079 -0.00392533 0.206526 0.169252 -9.80536 
               165.1 0.302441 -1.05349  52.3277   1.17346  0.586392 0.0564587 -0.731685  0.191335 -0.236618  0.331769 0.0231333  0.131587 0.270089  0.31904   0.1095  0.00783995  0.00676068 0.000375427  -0.0409439  -0.0559606 -0.00448868 0.206492 0.169276 -9.80537 
               165.2  -0.74705 -0.335923   53.9778   1.21295  0.621681 0.0595257  -0.73183  0.185119 -0.222504  0.331884 0.0233186  0.131407   0.339606   0.461866 -0.0144697  0.00786004  0.00677749 0.000375518  -0.0399166  -0.0553079 -0.00425424 0.206644 0.169325 -9.80536 
               165.3 -0.666859  0.207597   54.7521   1.24092  0.676201 0.0589953 -0.731147  0.187655 -0.238947  0.331772 0.0232096  0.131439    0.335161      0.6185 -0.00163571  0.00784687  0.00677348 0.000398246  -0.0402803  -0.0556657 -0.00431284 0.206544 0.169276 -9.80536 
               165.4    -1.2221 -0.0822952    54.6322    1.2743  0.740732 0.0610625 -0.735002  0.203141 -0.226987  0.331959 0.0229054  0.131411  0.439173  0.800134 0.0195619 0.00786313 0.00678387 0.00044093   -0.042247  -0.0561589 -0.00469124 0.206634 0.169129 -9.80536 
               165.5  -2.16674 -0.288976   54.4161   1.31218  0.815494 0.0750666 -0.740958  0.218592 -0.244395  0.33192 0.022414 0.131558 0.512282 0.773354 0.112196  0.00787536  0.00682486 0.000446935  -0.0442149  -0.0575611 -0.00500448 0.206609 0.168943 -9.80537 
               165.6 -0.82633 0.731168   55.253   1.35279  0.891293 0.0793248  -0.73637  0.205912 -0.286467  0.331761 0.0219829  0.131302  0.527332   0.76699 0.0237828  0.00776653  0.00671702 0.000417242  -0.0415875  -0.0575851 -0.00473784 0.206468 0.168762 -9.80537 
               165.7 -0.545029  0.556842   56.4349     1.408  0.973721 0.0781451 -0.735588  0.195014  -0.30076  0.331709 0.0218279  0.131231   0.670913   0.902298 0.00481623  0.00785804   0.0067744 0.000381602  -0.0396417  -0.0577556 -0.00446269 0.206403 0.168714 -9.80538 
             165.799 -0.236514  0.479753   57.4045   1.47448   1.06961 0.0873433 -0.736778  0.190887 -0.301939 0.331689 0.021795 0.131222 0.639793 0.955529 0.107917  0.00786904  0.00675499 0.000401088  -0.0389677  -0.0579832 -0.00433031 0.206393  0.16872 -9.80538 
               165.9 -0.707847  0.895701   57.7592   1.53274   1.17056 0.0997445 -0.727059  0.219983 -0.311802  0.331685 0.0216622  0.131197   0.564469    1.00023 -0.0123554  0.00785801  0.00674605 0.000423868  -0.0440356  -0.0564938 -0.00530211 0.206354 0.168733 -9.80538 
                 166 -0.871609  0.277401    57.632   1.59121   1.27461 0.0914058 -0.729016  0.201432 -0.312538   0.33148 0.0218246  0.131154   0.576837    1.06497 0.00814949  0.00786998  0.00679317 0.000447267  -0.0410963  -0.0567692 -0.00439772 0.206345 0.168789 -9.80538 
               166.1  -1.08196 -0.368392   57.2644  1.66089  1.38907 0.085551 -0.723603   0.19245 -0.301897 0.331311 0.022016 0.131041 0.658661  1.16518 0.144264  0.00785101  0.00675912 0.000444628  -0.0397686  -0.0554023 -0.00355609  0.20643 0.168876 -9.80537 
               166.2 -0.655574 -0.500634   56.9032  1.73239  1.50258 0.097154 -0.724348  0.194198 -0.294036  0.331394 0.0220689  0.131035  0.688719   1.10099 0.0505175  0.00787963  0.00675362 0.000434125  -0.0401426  -0.0552117 -0.00369503 0.206496 0.168928 -9.80537 
             166.299 -0.340064  0.112136   57.3861   1.79709   1.61957 0.0980918 -0.722967  0.194611 -0.306155  0.331352 0.0221041  0.131009   0.701842    1.10337 -0.0241586   0.0078969  0.00679206 0.000412596  -0.0407985  -0.0554703 -0.00385065 0.206317 0.169021 -9.80537 
               166.4 -0.310431  -0.27174   57.8036   1.87822   1.74007 0.0917017 -0.72343 0.193901 -0.30207  0.331361 0.0220971   0.13101   0.738023    1.22016 0.00640884 0.00786097 0.00678823 0.00042873 -0.0409609 -0.0552282 -0.0037133 0.206363 0.169125 -9.80537 
               166.5 -0.439178 -0.243295   58.2313   1.95271   1.84235 0.0993314 -0.720308  0.197046   -0.2941  0.331309 0.0220595  0.130989  0.594664  0.902821 0.0181841  0.00787896  0.00676891 0.000442399  -0.0416264  -0.0540253 -0.00405954 0.206512 0.169231 -9.80537 
               166.6 0.0651235  -1.50845    57.945   2.00509    1.9185 0.0953952 -0.720361  0.198303 -0.293149  0.331271 0.0220461   0.13113   0.514957   0.726629 -0.0631078 0.00782264 0.00681916  0.0004529  -0.0413442  -0.0540953 -0.00398198 0.206552 0.169102 -9.80537 
             166.699 0.169193 -1.85947  57.6131   2.05041   1.98146 0.0973602 -0.717038   0.16927 -0.290473  0.331392 0.0220677  0.131203   0.48789  0.612338 -0.125603  0.00785468  0.00677382 0.000469649  -0.0360743  -0.0537238 -0.00493223  0.20652 0.169005 -9.80537 
               166.8 0.685067 -1.91078  57.1635   2.08941   2.04112 0.0963374 -0.716254  0.144031 -0.279421  0.331311 0.0222122  0.131163   0.324167   0.457572 -0.0293766  0.00783401    0.006738 0.000455541  -0.032069 -0.0538844 -0.0055224   0.2064 0.169047 -9.80537 
               166.9  0.19276 -1.98856  56.7033  2.10488  2.08155 0.100794 -0.719684   0.11635 -0.248648  0.331134 0.0221701  0.131226   0.18337  0.362334 0.0101785  0.00783516  0.00672955 0.000473266   -0.02703 -0.0550859 -0.0060146 0.206257 0.168907 -9.80538 
             166.999 -0.207404  -1.53793   57.2556 2.12005 2.10757 0.10904 -0.721039  0.069199 -0.269266  0.330791 0.0219194  0.131064   0.122765   0.306882 -0.0354914  0.00788701  0.00673921 0.000439682  -0.0184731  -0.0551166 -0.00677354 0.206354 0.168817 -9.80538 
               167.1 -0.809344  -1.19055   57.7099  2.12676  2.13125 0.109248 -0.722889 0.0617338 -0.260811  0.330759 0.0219374  0.131055 0.0552739  0.158047 0.0351709  0.00790077  0.00674312 0.000433687  -0.0170317  -0.0556054 -0.00689175 0.206322 0.168758 -9.80538 
               167.2 -0.699344 -0.823418    58.077  2.12687  2.14121 0.109463 -0.725006 0.0573777 -0.239391 0.330787 0.022016 0.131081   0.0276343  0.00866277 -0.00416288  0.00788442   0.0066924 0.000419538  -0.0162996  -0.0562744 -0.00697572 0.206232 0.168726 -9.80538 
               167.3 -1.17428 -1.00079   57.895  2.12864  2.13983 0.109076 -0.724651 0.0656484 -0.233763 0.330799 0.022039 0.131102 0.00539739 -0.0572487  0.0101663  0.00790055  0.00675415 0.000447691   -0.017857  -0.0562486 -0.00681181  0.20621 0.168756 -9.80538 
               167.4 -1.13448  -1.1808  57.5563  2.13109  2.13322 0.106474 -0.726146 0.0771195 -0.246294  0.330783 0.0219825  0.131089 0.00109561 -0.0646996  0.0166288  0.00788952  0.00676018 0.000453713   -0.01988 -0.0563074 -0.0065656 0.206263 0.168795 -9.80538 
               167.5 -1.12778 -1.29994  56.7244  2.13579  2.13184 0.109049 -0.727336 0.0812797 -0.254217  0.330797 0.0220098  0.131067  0.0101684 -0.0283026  0.0152973 0.00790271 0.00676501 0.00046326  -0.0209907  -0.0563481 -0.00644732 0.206268 0.168908 -9.80538 
             167.599 -0.972829 -0.981325   56.4364  2.12776   2.1305 0.109223 -0.727805 0.0859756 -0.227556  0.330741 0.0220262  0.130985 -0.000210299   -0.0127602    0.0200344  0.00787523  0.00672013 0.000459735  -0.0215884  -0.0569588 -0.00623182 0.206151 0.168802 -9.80538 
               167.7  -1.00548 -0.976311   56.5124  2.12707  2.13179 0.108792 -0.728938   0.08778 -0.223769  0.330746 0.0220206   0.13097  0.00438591 -0.00630022   0.0134876  0.00790336  0.00673755 0.000423046  -0.0220258  -0.0572694 -0.00598778  0.20611 0.168821 -9.80538 
               167.8  -1.00007 -0.977794   56.4798  2.12615  2.13186 0.108097 -0.729554 0.0883779 -0.220044  0.330742 0.0220301  0.130961 0.0312067 0.0503868 0.0265704  0.00790375  0.00674869 0.000427781    -0.02195  -0.0575494 -0.00572056 0.206086  0.16876 -9.80538 
             167.899 -0.599308 -0.676577   56.6371  2.13052  2.14298 0.112262 -0.730813 0.0876262 -0.221106  0.330743 0.0219989  0.130986 0.0199443  0.194509 0.0883014  0.00789562    0.006737 0.000422384  -0.0218849  -0.0576293 -0.00558919 0.206112 0.168789 -9.80538 
                 168  -1.24902 -0.473364   56.1451 2.13536 2.17961 0.11644 -0.729709 0.0827613 -0.224442 0.330767 0.022032 0.131042 0.0654386  0.401811 0.0234997    0.007917   0.0067244 0.000445681  -0.0215671  -0.0575428 -0.00537521 0.206038 0.168899 -9.80538 
               168.1  -2.37392 -0.481616   55.6195  2.15209  2.23063 0.123523 -0.727485 0.0787101 -0.227349  0.330764 0.0220911   0.13111  0.252601  0.510191 0.0364662  0.00793649  0.00675553 0.000453002  -0.0212209  -0.0572662 -0.00525634  0.20598 0.168969 -9.80538 
               168.2 -0.679948  0.424608   56.1604  2.18416  2.28138 0.120551 -0.725901 0.0730538  -0.22646  0.330787 0.0220381   0.13108   0.405883   0.564779 -0.0417557  0.00784568  0.00671134 0.000410734  -0.0200267   -0.057006 -0.00506384 0.205996 0.168913 -9.80538 
               168.3 -0.264823  0.791742   57.0708  2.23308  2.34121 0.113937 -0.726331 0.0726682  -0.21903  0.330753 0.0220505  0.131121   0.565257    0.67155 -0.0868768  0.00793429  0.00675351 0.000403082  -0.0199316  -0.0569091 -0.00504284 0.206036 0.168923 -9.80538 
             168.399 0.310131 0.818631  58.0384  2.29015  2.41764 0.115779  -0.72083 0.0908503 -0.233497  0.330871 0.0221634  0.131043 0.629067 0.820096 0.117974  0.00791132  0.00676171 0.000407536  -0.0229356  -0.0562892 -0.00551105 0.205985 0.168865 -9.80538 
               168.5 -0.653658   1.60301   58.6059  2.34864  2.49383 0.110266 -0.727517 0.0631579 -0.220603  0.330856 0.0224664  0.130987   0.543173   0.817562 -0.0820498 0.00795432 0.00675035 0.00038472 -0.0178273 -0.0573226 -0.0049171 0.206031  0.16878 -9.80538 
               168.6 -0.38254 0.717793  58.5586 2.39968 2.57912 0.10737 -0.722667 0.0843459 -0.230101  0.331086 0.0223722   0.13099   0.532663   0.872223 -0.0618884  0.00792093  0.00677095 0.000426359  -0.0214977  -0.0566659 -0.00550198 0.205995 0.168776 -9.80538 
               168.7 -0.0813811   0.449779    58.1937  2.45684  2.68067 0.112061 -0.725529  0.110044 -0.243676  0.331405 0.0223848  0.130878   0.615601    1.04538 -0.0501831  0.00791136  0.00678224 0.000440458   -0.026301  -0.0573335 -0.00655619 0.205928 0.168861 -9.80538 
               168.8 -0.730472 -0.303284   57.5968  2.51363  2.77841 0.125611 -0.730911  0.119002 -0.249257   0.33155 0.0222533  0.130937  0.605083  0.936427 0.0731397  0.00793048  0.00677553 0.000449244  -0.0277757  -0.0584188 -0.00703841 0.205898 0.168839 -9.80539 
               168.9 0.197795 0.280265  57.8134  2.56996  2.86229 0.124483 -0.727202  0.112897 -0.241578    0.3316 0.0221324  0.130988    0.548178    0.861342 -0.00761888  0.00786284  0.00675312 0.000429684  -0.0262635  -0.0576202 -0.00658924 0.205973 0.168743 -9.80539 
             168.999 -0.0199256  0.0419961    58.3611  2.63108  2.95726 0.130038 -0.732344  0.114537 -0.240547  0.331583 0.0221281   0.13096   0.645952   0.983197 -0.0433309  0.00793858  0.00673182 0.000401073  -0.0269505  -0.0584571 -0.00736595 0.205944  0.16885 -9.80538 
             169.099   0.13441 -0.204797   58.8968  2.69743  3.05859 0.137307 -0.732241  0.115744 -0.235694  0.331594 0.0220795  0.130919  0.580478  0.907941 0.0858476 0.00792918 0.00677511 0.00042254 -0.0277135 -0.0582273 -0.0072296 0.205934    0.169 -9.80538 
             169.199 0.245394 0.155289  58.9258  2.75051  3.15314 0.159852  -0.73859  0.111308 -0.236595  0.331312 0.0220988   0.13093  0.504784  0.905641 0.0362954  0.00796413  0.00671337 0.000430857  -0.027164 -0.0594315 -0.0089619 0.205894 0.169052 -9.80538 
               169.3 -0.129895 -0.116024   58.5532  2.79426  3.24271 0.156561   -0.7333  0.117609 -0.237823  0.331297 0.0221796   0.13097   0.495794   0.910217 0.00577518  0.00792626  0.00672082 0.000447414 -0.0280722 -0.0589469 -0.0083575 0.205817 0.168963 -9.80538 
               169.4 -0.454206 -0.788994    58.113   2.8505  3.34244 0.146286 -0.722285  0.133045 -0.236073  0.331127 0.0224064  0.130903   0.54035  0.927052 0.0621665  0.00793613  0.00675235 0.000434158  -0.0311218  -0.0570011 -0.00732526 0.205801 0.169051 -9.80538 
               169.5 -0.346806 -0.782915   57.7176  2.90004  3.43315 0.147228 -0.720781  0.135252 -0.233996  0.331089 0.0224102  0.130921    0.501431     0.86132 -0.00345029  0.00790226  0.00676135 0.000436434  -0.0314677  -0.0570134 -0.00705572 0.205743 0.169015 -9.80539 
               169.6  0.185449 -0.103245   58.1375  2.94573  3.51502 0.141468 -0.720022  0.136673 -0.232994   0.33116 0.0223622  0.130883    0.47402   0.824378 -0.0538186  0.00785249  0.00669508 0.000425692  -0.0316015   -0.057003 -0.00678816 0.205725 0.168977 -9.80539 
               169.7 -0.240278 -0.621054   58.6873  2.99657  3.60325 0.135894 -0.720484  0.133962   -0.2326  0.331167 0.0223268  0.130882  0.469215  0.837913 0.0437041  0.00793642  0.00678455 0.000411179  -0.0313028   -0.056998 -0.00704807 0.205725 0.169025 -9.80539 
               169.8  -0.54087 -0.145876   59.0486  3.04689  3.67858 0.143517 -0.718432  0.130803 -0.240124  0.331047 0.0222852  0.130802  0.410435  0.757132 0.0226392  0.00789932   0.0066922 0.000419273  -0.0304824  -0.0562001 -0.00732901  0.20586 0.169008 -9.80538 
               169.9 -0.412849 -0.459531   58.7771  3.08215  3.74342 0.146894  -0.71874   0.12742 -0.243808  0.331043 0.0222985  0.130803   0.363046   0.684193 -0.0143086   0.0078903  0.00672471 0.000436836   -0.029314   -0.056274 -0.00763634 0.205914 0.168873 -9.80538 
                 170 -0.347801 -0.487763   58.4557  3.12366  3.80912 0.150721 -0.722261  0.116296 -0.250772  0.331073 0.0223136  0.130824   0.385978   0.680931 -0.0514874  0.00789584  0.00674262 0.000433052   -0.027426  -0.0565381 -0.00829833 0.205987 0.168913 -9.80538 
               170.1 -0.578325  -1.36508   57.8857 3.15482 3.87632 0.15684 -0.724667  0.110497 -0.239557  0.331094 0.0223264  0.130893  0.367583  0.622377 0.0871956  0.00789846  0.00675379 0.000439584  -0.0263034  -0.0574936 -0.00858984 0.205868  0.16883 -9.80539 
               170.2 -0.251681  -1.17204   57.7841  3.19298  3.93542 0.156274 -0.724065  0.117604 -0.240205  0.331108 0.0222724  0.130891   0.35084  0.558254 0.0340468  0.00790674  0.00679565 0.000415964  -0.0276126  -0.0572977 -0.00811954 0.205883  0.16886 -9.80539 
               170.3 -0.106688 -0.496922   58.2997  3.22554  3.99291 0.160791 -0.723033  0.112809 -0.235833  0.331024 0.0223197  0.130877   0.366578   0.564024 -0.0426388  0.00790795  0.00671577 0.000400667  -0.0268808  -0.0573395 -0.00845064 0.205823 0.168858 -9.80539 
             170.399 0.0403421 -0.798741   58.5291  3.26534   4.0556 0.162277  -0.72339  0.112206 -0.234455  0.331041 0.0222781  0.130896 0.374674 0.542516 0.133195 0.00790498 0.00676814 0.00041374  -0.0272433  -0.0573823 -0.00848451  0.20578 0.168965 -9.80539 
               170.5 0.0156456 -0.256085   57.6256   3.2996  4.10853 0.169758 -0.722487  0.109738 -0.231447 0.330975 0.022278 0.130871  0.343033  0.508486 0.0247373  0.00790901  0.00673226 0.000438804  -0.0267465  -0.0574102 -0.00874819 0.205745 0.168932 -9.80539 
               170.6 -0.148698 -0.377487   55.9965  3.33461  4.15325 0.171447 -0.723367  0.111038 -0.233892  0.331044 0.0222156  0.130843  0.336818  0.481126 0.0215675  0.00793666  0.00672956 0.000473358  -0.0267078  -0.0573459 -0.00859636 0.205817 0.168895 -9.80539 
               170.7  0.201219 -0.702013   54.4472  3.37725  4.20562 0.166316 -0.724355  0.114524 -0.240384  0.331108 0.0222799  0.130835    0.422246    0.543944 -0.00196841   0.0078943  0.00673372 0.000465483  -0.0275381  -0.0571528 -0.00823294  0.20588 0.168979 -9.80538 
               170.8 -0.21351 -1.29642  53.0941  3.41306  4.26374 0.172505 -0.725044  0.114102 -0.234346  0.330998 0.0222478  0.130902  0.444767  0.545128 0.0119133  0.00791934  0.00676446 0.000462297  -0.0274564  -0.0577565 -0.00839464 0.205773 0.168935 -9.80539 
             170.899  0.467883 -0.356719   52.6752  3.44964  4.30897 0.171904 -0.724616  0.113465  -0.23099  0.330982 0.0221784  0.130752    0.446719    0.503481 -0.00916097  0.00785513  0.00664242 0.000457218  -0.0266518  -0.0579815 -0.00828272 0.205764 0.168758 -9.80539 
                 171 0.344377 -0.29939  52.9139  3.49093  4.35932 0.167486 -0.723496  0.114081 -0.230291  0.330981 0.0222339  0.130711   0.49974  0.549693 -0.107514  0.00791709  0.00672338 0.000381227  -0.0264969  -0.0580801 -0.00847473 0.205723 0.168676 -9.80539 
               171.1  0.592186 -0.591609   53.1847  3.54095   4.4119 0.170018 -0.722583  0.114693 -0.229757  0.330944 0.0222402   0.13072  0.475403  0.512878 0.0229762   0.0078863  0.00672206 0.000383318 -0.0265662 -0.0577693  -0.008543  0.20576  0.16868 -9.80539 
             171.199  0.326678 -0.392684   53.1266  3.58262  4.45932 0.190362 -0.716146  0.128155 -0.227438  0.330904 0.0221147  0.130702  0.408863  0.497965 0.0323438  0.0079769 0.00668898 0.00038075 -0.0286084 -0.0566623 -0.0104346 0.205788 0.168629 -9.80539 
               171.3  0.220592 -0.533601   52.6511  3.62297  4.51393 0.188875 -0.716586  0.127865 -0.228597  0.330928 0.0220886   0.13071  0.400895  0.520033 -0.030063  0.00793442   0.0067214 0.000406778 -0.0288758  -0.056888 -0.0102331 0.205733 0.168686 -9.80539 
               171.4 0.187457 -1.07393  52.0258 3.66362 4.57501 0.17956 -0.714207  0.130306 -0.228714  0.330814 0.0221126  0.130669  0.417194  0.531974 0.0768813  0.00787332  0.00674881 0.000419012  -0.0296976   -0.056837 -0.00952031 0.205633 0.168745 -9.80539 
               171.5 0.316663 -1.27111  51.4959  3.70855  4.62767 0.187616 -0.717217  0.130564 -0.227498  0.330858 0.0221272  0.130629  0.421479  0.468561 0.0318358  0.00788582  0.00674816 0.000431162  -0.0300203  -0.0573108 -0.00989664 0.205622 0.168808 -9.80539 
               171.6   0.48966 -0.641832   51.7409  3.74092  4.66676 0.189846 -0.716239  0.129401 -0.230823  0.330895 0.0221904  0.130539   0.385404   0.427021 0.00755338  0.00788519  0.00669641 0.000406995   -0.029197  -0.0574393 -0.00974657 0.205601 0.168655 -9.80539 
             171.699  0.441906 -0.895351   52.2353  3.77508  4.71501 0.185785 -0.715397  0.131002 -0.229351  0.330994 0.0222061  0.130537  0.368973  0.452753 0.0936827  0.00789659    0.006763 0.000386617  -0.0295085  -0.0577328 -0.00939895 0.205505 0.168633  -9.8054 
               171.8 -0.097526 -0.561198   52.6534  3.80865  4.75992 0.191056  -0.71444  0.132451 -0.230071 0.331074 0.022304 0.130544  0.331625  0.454241 0.0388364  0.00790504  0.00669162 0.000380534  -0.0296428  -0.0577517 -0.00904256 0.205474 0.168595  -9.8054 
               171.9   0.31186 -0.818223    52.668   3.8322  4.79767 0.194618 -0.714125  0.134728 -0.234457  0.331074 0.0224063  0.130554 0.291148 0.458892 0.022315  0.00789703  0.00673415 0.000364542  -0.0292554  -0.0578844 -0.00913398 0.205488 0.168419  -9.8054 
                 172 0.355804  -0.5219  52.1787 3.86233 4.85234 0.19282 -0.710669  0.134994 -0.230724 0.331097 0.022411 0.130568   0.324034   0.562507 0.00128053  0.00788845  0.00671485 0.000392065  -0.0296304    -0.05746 -0.00883641 0.205431 0.168475  -9.8054 
               172.1 -0.484984  -1.03729   51.5881  3.90087  4.91283 0.199377 -0.710887  0.134511  -0.22909    0.3311 0.0224324  0.130551  0.415292   0.58902 0.0942855  0.00791522  0.00674636 0.000391282  -0.0297153   -0.057468 -0.00885141 0.205426 0.168511  -9.8054 
             172.199  0.175831 -0.342521   51.5939  3.94991  4.96592 0.197833 -0.706581  0.130265  -0.22637  0.331196 0.0223452  0.130587   0.47434  0.556413 0.0183833  0.00788557  0.00674954 0.000356021  -0.0289167  -0.0563065 -0.00830924 0.205511 0.168521  -9.8054 
               172.3  0.717595 0.0401956   52.2602  4.00615  5.03004 0.193955  -0.70631   0.12536 -0.221343  0.331262 0.0221995  0.130704   0.565574   0.597392 -0.0784859  0.00788197  0.00674074 0.000355203  -0.0287904  -0.0561812 -0.00802756 0.205475 0.168674  -9.8054 
               172.4  0.917534 -0.287835    52.911  4.06417  5.09748 0.193162 -0.705895  0.127075   -0.2225  0.331309 0.0221781  0.130671  0.570546  0.630847 0.0483876  0.00790905  0.00674738 0.000358343  -0.0293335  -0.0562007 -0.00821505 0.205442  0.16872  -9.8054 
             172.499   0.239818 -0.0660982     53.043  4.12596  5.16081 0.198149 -0.706128  0.128385 -0.214666   0.33127 0.0221102  0.130632  0.499427  0.621092 0.0262575  0.00789509  0.00677295 0.000386056  -0.0300131  -0.0556731 -0.00827715 0.205527  0.16885 -9.80539 
               172.6  0.224027 -0.142466   52.7899  4.17114  5.22177 0.202552 -0.706106  0.130642 -0.216979  0.331286 0.0220759  0.130654   0.471364   0.605838 0.00465428 0.00785459 0.00670653 0.00039087  -0.0302397  -0.0558781 -0.00852068 0.205497 0.168805 -9.80539 
               172.7  0.336144 -0.296381   52.3597 4.22288 5.28729 0.19986 -0.706879  0.130358  -0.21562  0.331304 0.0220999  0.130632   0.529845   0.677372 -0.0751543  0.00789839  0.00673638 0.000398143 -0.0303808 -0.0559151 -0.0086165 0.205504  0.16885 -9.80539 
               172.8 0.193777 -1.13752  51.7987  4.27542  5.35731 0.208563 -0.708922  0.129839 -0.212703  0.331341 0.0222051  0.130453 0.494291 0.606954  0.06567  0.00788588  0.00676872 0.000398979  -0.0308616  -0.0563317 -0.00878163 0.205454  0.16896 -9.80539 
               172.9  0.453226 -0.670155   51.8934  4.32206   5.4116 0.216374 -0.709756  0.129981 -0.214188  0.331339 0.0221915   0.13046  0.439548   0.55117 0.0554704  0.00787515   0.0067287 0.000395314  -0.0306401  -0.0563486 -0.00886224 0.205496 0.168918 -9.80539 
             172.999  0.280635 -0.652499    52.409  4.36524  5.47391 0.212359  -0.70627  0.131936 -0.210101  0.331407 0.0221816  0.130482   0.475152   0.610207 -0.0488104 0.00788725 0.00672776 0.00037438  -0.0313386  -0.0560265 -0.00848595 0.205415 0.168973 -9.80539 
               173.1 0.0627563 -0.863003   52.8619  4.40246  5.53405 0.218878 -0.704119  0.134552 -0.208797  0.331461 0.0222379  0.130515  0.416958  0.569369 0.0712378  0.00789074  0.00674774 0.000376894  -0.0316772  -0.0561076 -0.00820439 0.205331 0.168921  -9.8054 
               173.2 0.0651222 -0.492967   53.0145  4.43887  5.58445 0.229972 -0.708313  0.130572 -0.214737  0.331332 0.0222719  0.130441  0.356737   0.55947 0.0399042  0.00795705  0.00668144 0.000360777  -0.0304768  -0.0567574 -0.00884051 0.205381 0.168823  -9.8054 
               173.3 0.00587298  -0.493261    52.7589  4.47893  5.64647 0.223626 -0.703538  0.135817  -0.21111  0.331397 0.0222775  0.130482   0.369032   0.621711 -0.0221533  0.00791463  0.00674461 0.000409274  -0.0318653  -0.0557939 -0.00812129 0.205379 0.168927 -9.80539 
               173.4 -0.463455  -1.01381   52.2694  4.51603  5.71289 0.219724 -0.699633  0.138868 -0.210667  0.331326 0.0223148  0.130517 0.412294 0.651615 0.154049  0.00789741  0.00674047 0.000402223  -0.0322936  -0.0553424 -0.00775374 0.205345 0.168893  -9.8054 
               173.5 -0.0885225  -0.678056    52.0185  4.55975  5.77291 0.228351 -0.702781  0.138997 -0.213934  0.331308 0.0223174  0.130506  0.465397  0.610353 0.0158909  0.00787945  0.00670799 0.000411865  -0.0320266  -0.0558495 -0.00809835 0.205371 0.168839  -9.8054 
               173.6   0.291183 -0.0832669    52.4964  4.60198   5.8363 0.228377 -0.702066  0.137696 -0.213374  0.331351 0.0222945  0.130475   0.460074   0.610877 -0.0149837  0.00787825  0.00670685 0.000380227  -0.0319248  -0.0560242 -0.00796529 0.205302 0.168845  -9.8054 
             173.699 0.0793356 -0.235504   53.1048  4.65166  5.89293 0.224039 -0.701497  0.138187 -0.213968   0.33129 0.0223704  0.130466   0.50424  0.668394 0.0178631  0.00791693  0.00671652 0.000378021  -0.0314501  -0.0556453 -0.00800385 0.205394  0.16875  -9.8054 
               173.8 -0.451086 -0.111993    53.452   4.7062  5.96506 0.229365 -0.702802  0.139127 -0.214484  0.331304 0.0223015  0.130489  0.470051  0.683886 0.0372128  0.00790975  0.00671485 0.000391802  -0.0322124  -0.0557704 -0.00786897 0.205377 0.168876  -9.8054 
               173.9  0.0448802 -0.0851665    53.4924  4.75448  6.03925 0.224535 -0.704449  0.134826 -0.214686  0.331288 0.0222267  0.130481   0.444625   0.711788 -0.0255053  0.00782366  0.00667789 0.000395668  -0.0318772  -0.0560229 -0.00730633 0.205356 0.168957 -9.80539 
             173.999 -0.0375984 -0.0428105    53.2261   4.7997    6.115 0.226864 -0.707527   0.13704 -0.215077  0.331315 0.0222479  0.130475  0.482446  0.806209 -0.054384  0.00788668  0.00671295 0.000391517  -0.0323848  -0.0566169 -0.00792557 0.205337 0.168982 -9.80539 
               174.1 -0.600339   -1.0718   52.6927  4.85459  6.19839 0.232835 -0.708249  0.136895  -0.21304  0.331364 0.0222672  0.130383 0.541082 0.804495 0.128609  0.00788065  0.00676367 0.000407276  -0.0325246  -0.0565866 -0.00801606 0.205355 0.169023 -9.80539 
               174.2 -0.196516 -0.368443   52.7301  4.90599  6.26754 0.236685  -0.70358  0.133161 -0.216955  0.331398 0.0221527  0.130348  0.556987  0.731949 0.0450217  0.00788174  0.00675355 0.000376077  -0.0311467    -0.05582 -0.00753099 0.205391 0.168875  -9.8054 
               174.3     0.36401 -0.00113925     53.3567  4.96807  6.33946 0.234861 -0.704047  0.131157 -0.213458  0.331431 0.0220868   0.13041   0.673087   0.766516 -0.0295382 0.00787359 0.00674105 0.00037028  -0.0308961  -0.0556595 -0.00727473 0.205429 0.168908 -9.80539 
               174.4  0.697229 -0.476388   53.9095  5.04482  6.42259 0.243358 -0.703382   0.13339 -0.210801  0.331422 0.0221299  0.130462 0.737555 0.866742 0.201978  0.00786749  0.00677111 0.000376299  -0.0313667   -0.055171 -0.00766354 0.205497 0.168948 -9.80539 
             174.499 -0.480472  0.595845   54.1307  5.11683  6.51121 0.241394 -0.706157  0.123794 -0.214957  0.331632 0.0223684  0.130532   0.692881   0.899489 -0.0457899  0.00790803  0.00672401 0.000360962    -0.02984  -0.0557693 -0.00698707  0.20546 0.168954 -9.80539 
               174.6 -0.300416 0.0067206   54.1115  5.18477  6.60548 0.236067 -0.705946  0.122615 -0.218781  0.331635 0.0223631  0.130536   0.680351   0.929564 -0.0211831 0.00787495 0.00677814 0.00038002  -0.0298404  -0.0558821 -0.00694095 0.205419 0.168984 -9.80539 
               174.7 -0.0392932 -0.0378954    53.8005  5.25753  6.71147 0.242618   -0.7082  0.130219 -0.222361  0.331707 0.0224373  0.130501   0.782319    1.09647 0.00993718  0.00786297  0.00675214 0.000384725  -0.0314965  -0.0564131 -0.00760006 0.205375 0.169044 -9.80539 
               174.8 -0.585138 -0.658516   53.1693  5.33496  6.81292 0.260159 -0.712507   0.13661 -0.220434  0.331851 0.0224196  0.130442 0.760937 0.925146 0.123558  0.00787315  0.00675017 0.000403143  -0.0327626  -0.0570882 -0.00812677 0.205375 0.169085 -9.80539 
               174.9  0.120376 -0.381768   53.2864  5.39761  6.91027 0.261774 -0.707049  0.126738 -0.231344  0.331805 0.0222645  0.130346  0.629816  0.854436 0.0627132  0.00780957  0.00677462 0.000424575  -0.0313904  -0.0568696 -0.00740695 0.205216 0.169099  -9.8054 
             174.999 0.0747393 -0.729461   54.7044  5.45767  6.99492 0.264352 -0.706349  0.127501   -0.2335  0.331829 0.0223347  0.130364    0.64091   0.899119 -0.0442181  0.00786753  0.00672658 0.000354048  -0.0313088   -0.056907 -0.00746245   0.2052 0.169047  -9.8054 
               175.1 -0.0676405  -0.998509    56.2302  5.51311   7.0793 0.272868 -0.705637  0.129332 -0.233478  0.331885 0.0223647  0.130369 0.514212 0.749387 0.138035  0.00789234  0.00677078 0.000345856  -0.0316009  -0.0569759 -0.00728539 0.205165 0.169029  -9.8054 
             175.199  0.580611 -0.922875   57.0285  5.56048  7.15148 0.297759 -0.709978    0.1104 -0.234797  0.331799 0.0225427  0.130382 0.435057 0.683511 0.111527  0.00790075  0.00670692 0.000334295  -0.0284743  -0.0577153 -0.00836342 0.205154 0.169051  -9.8054 
               175.3 0.019466 -0.89541  57.2301  5.60785  7.22436 0.296487 -0.704796  0.127653 -0.232739  0.331893 0.0225991  0.130416  0.427008  0.686902 0.0104838  0.00792216  0.00673975 0.000389974  -0.0320107  -0.0566615 -0.00760846 0.205153 0.169169  -9.8054 
               175.4 -0.0612092   -1.11988    57.0416  5.64765   7.2984 0.282231 -0.688135  0.174658 -0.225307  0.331933 0.0227678  0.130416 0.429186 0.713507 0.108545   0.0078838  0.00674249 0.000402166  -0.0400161  -0.0541303 -0.00609285 0.205115 0.169128  -9.8054 
               175.5 -0.0317877   -1.18821    56.8343 5.68897 7.36151 0.28095 -0.679606  0.193659 -0.230439  0.331952 0.0226408  0.130393  0.446093  0.652663 0.0213603  0.00786466  0.00675087 0.000397866  -0.0427029  -0.0527367 -0.00522375 0.205152 0.169013  -9.8054 
               175.6  0.512166 -0.371119   57.5453  5.73372  7.42773 0.274912 -0.675706  0.203306 -0.226473  0.332186 0.0225351  0.130472   0.456761   0.646024 -0.0254205  0.00787883  0.00671091 0.000350614  -0.0446007  -0.0520447 -0.00447328 0.205135 0.169062  -9.8054 
               175.7  0.389824 -0.738287   58.2556  5.78609  7.49779 0.268792 -0.676326   0.20429 -0.230565  0.332181 0.0225057  0.130483   0.456196   0.761333 -0.0179979  0.00792013  0.00676692 0.000375917  -0.0449335  -0.0518936 -0.00434364 0.205174 0.169114  -9.8054 
             175.799 -0.282827 -0.394578    58.724  5.83265   7.5725 0.267227 -0.674743  0.205503 -0.229186  0.332235 0.0226418  0.130526  0.441474  0.722156 0.0181508  0.00790996  0.00673495 0.000381683  -0.0453159  -0.0517395 -0.00373573 0.205138 0.169135  -9.8054 
               175.9  0.307324 -0.387065   58.8707  5.87579  7.65137 0.259227  -0.67197   0.20233 -0.225543   0.33223 0.0225994  0.130532   0.414474   0.740741 -0.0451744  0.00785163  0.00674204 0.000377354  -0.0451786  -0.0513269 -0.00311695  0.20509 0.169208  -9.8054 
                 176   0.129324 -0.0646814     58.587  5.92824  7.73189 0.268245 -0.685743  0.204117  -0.22284   0.33223 0.0226958  0.130572   0.466352   0.833173 -0.0435583  0.00793891  0.00677488 0.000406996  -0.0460217  -0.0531678 -0.00435281  0.20515 0.169358 -9.80539 
               176.1 -0.385496 -0.835052   58.0635  5.97311  7.81905 0.276502 -0.692206  0.205131 -0.220474  0.332328 0.0226506  0.130581 0.470174 0.807198 0.126704 0.00794222 0.00679092 0.00038831  -0.0463303  -0.0545091 -0.00488437 0.205091  0.16937 -9.80539 
               176.2 -0.532086 -0.515643   57.7814 6.01139 7.89907 0.28416 -0.690183  0.205068 -0.224346  0.332224 0.0226242  0.130653  0.447031  0.757128 0.0738275  0.00793795  0.00677953 0.000387147  -0.0462437  -0.0547585 -0.00477744 0.204986 0.169308  -9.8054 
               176.3 -0.197091 -0.169233    58.311  6.06248  7.97585 0.283639 -0.689717  0.203254  -0.22076   0.33227 0.0225726  0.130697   0.494741   0.793314 -0.0352821  0.00792077  0.00676576 0.000384599  -0.0461843  -0.0543475 -0.00443731 0.205025 0.169382 -9.80539 
             176.399 -0.183943  -0.53349   58.9386  6.11594     8.06 0.285433  -0.69032  0.202949 -0.219926  0.332262 0.0225498   0.13069 0.525665 0.851673 0.140619  0.00792673  0.00679664 0.000376609  -0.0462502   -0.054267 -0.00449947  0.20505 0.169421 -9.80539 
               176.5 -0.593605  0.103634   59.1338  6.16973  8.14994 0.288024 -0.690542  0.201697  -0.21847  0.332339 0.0225284  0.130763    0.469478    0.880556 -0.00975744  0.00795058  0.00680776 0.000376933  -0.0464743   -0.054177 -0.00403347 0.205037 0.169513 -9.80539 
               176.6 -0.309428 0.0675039   59.2437 6.21236  8.2366 0.28293 -0.689888  0.201992 -0.219774  0.332338 0.0225424  0.130743   0.448777   0.921739 -0.0480909  0.00791363  0.00674216 0.000392415   -0.046165  -0.0541981 -0.00392024 0.205041 0.169433 -9.80539 
             176.699 -0.412613 -0.141111   58.9333  6.25597   8.3376 0.282859 -0.693631  0.203169 -0.220779 0.332377 0.022556 0.130738   0.492404    1.10012 -0.0467326  0.00794902  0.00676618 0.000410455 -0.0463975 -0.0550163 -0.0044216 0.205005 0.169427 -9.80539 
               176.8  -1.1981 -1.05748  58.5108  6.30466  8.44265 0.293798 -0.700756  0.206567  -0.22444  0.332512 0.0224037  0.130897  0.558474    1.0142 0.0404407  0.00796017   0.0067941 0.000415794  -0.0467208  -0.0564822 -0.00490788 0.204976 0.169366  -9.8054 
               176.9 0.0914934  0.131277   58.8367  6.36392  8.53647 0.282689  -0.69289  0.192286 -0.217548 0.332722  0.02209 0.130925   0.573759   0.957448 -0.0679348  0.00783821   0.0067902 0.000398153  -0.0439761  -0.0547853 -0.00393278 0.205051 0.169334 -9.80539 
                 177  0.117296 0.0900145   59.5621   6.4291  8.62872 0.288551 -0.692585  0.205732 -0.215774  0.33258 0.022316 0.130937   0.706126    1.06512 -0.0435074  0.00795691  0.00675613 0.000366528  -0.0458289  -0.0544229 -0.00514424 0.205156 0.169276 -9.80539 
               177.1 0.340524 -0.15886  60.2393  6.50065  8.73396 0.305657 -0.685786  0.214419 -0.211744   0.33259 0.0224102  0.130984 0.638019  1.02752 0.101774   0.0079746  0.00678409 0.000373057   -0.047153  -0.0529525 -0.00605018 0.205231 0.169268 -9.80539 
               177.2 0.110011 0.288509  60.3226  6.56168  8.83244 0.325082 -0.677312  0.235754 -0.206535  0.332442 0.0222703  0.130937  0.577654   1.00796 0.0149604  0.00799868  0.00673931 0.000397471  -0.0504935  -0.0513543 -0.00764315 0.205296 0.169229 -9.80539 
               177.3 -0.0985109   -0.17502    60.0253  6.61517  8.93772 0.325237 -0.677996  0.233306 -0.212569  0.332379 0.0223424  0.130954  0.587766   1.04825 0.0524223  0.00798513  0.00679575 0.000406023  -0.0502477   -0.051866 -0.00718964  0.20521 0.169226 -9.80539 
               177.4 -0.110601 -0.526736   59.5237  6.68215  9.05383 0.320933 -0.672827  0.234921 -0.212658   0.33224 0.0225375  0.130828 0.636124  1.08357 0.162237   0.0079621  0.00675732 0.000396821  -0.0510602  -0.0508499 -0.00618667 0.205195 0.169328 -9.80539 
               177.5 -0.446485 -0.640893   58.9422 6.74949 9.15314 0.32388 -0.668762  0.232942  -0.20985  0.332262 0.0225928   0.13078      0.60869     0.974536 -0.000200578  0.00797742  0.00677112 0.000395261  -0.0506252  -0.0497602 -0.00570507 0.205275 0.169338 -9.80539 
             177.599 -0.0877322  -0.349557    59.0808 6.81273 9.25615 0.31656 -0.667582  0.232677 -0.207878   0.33233 0.0226091   0.13084   0.625246    0.98204 -0.0180228  0.00795644    0.006736 0.000381655  -0.0513301  -0.0495034 -0.00516381  0.20522 0.169479 -9.80539 
               177.7 -0.189076 -0.494724   58.7311 6.88796 9.37563 0.31357 -0.668155  0.233582 -0.207165 0.332351 0.022689 0.130863 0.716591  1.09828 0.133655 0.00796601 0.00677349 0.00041104  -0.0525522  -0.0495224 -0.00514881 0.205148 0.169683 -9.80539 
               177.8 -0.127321   0.23469   58.2553   6.9651  9.48162 0.325264 -0.667699  0.234958 -0.208575  0.332333 0.0227239  0.131001    0.704642    0.994536 -0.00166311  0.00797636  0.00675198 0.000394766    -0.05318  -0.0491942 -0.00533047 0.205165 0.169775 -9.80538 
               177.9 0.0578104 -0.101422   57.1744  7.03294  9.58585 0.317339 -0.668679  0.234593 -0.209769  0.332297 0.0227761  0.130995   0.689786   0.990593 -0.0718629  0.00794852  0.00673836 0.000394891   -0.053489  -0.0495602 -0.00506399 0.205101 0.169827 -9.80538 
                 178  0.264642 -0.249831   55.9998 7.09408 9.69212 0.32229 -0.664395  0.226698 -0.202228 0.332206 0.022791 0.130973   0.755045    1.10705 -0.0251442  0.00797866  0.00675978 0.000403263  -0.0519368  -0.0495461 -0.00591389  0.20498 0.169736 -9.80539 
               178.1 -0.431016 -0.819344   54.7066  7.16909  9.80026 0.331689 -0.663353  0.223574 -0.197609   0.33227 0.0226039  0.131099  0.77437  1.05582 0.138062  0.00798593   0.0067747 0.000404469  -0.0510012  -0.0494898 -0.00632906 0.204981 0.169658 -9.80539 
             178.199 -0.118916 -0.356121   53.7797  7.24662  9.89864 0.335585 -0.664001  0.222755  -0.19711  0.332302 0.0225916  0.131091    0.753209    0.974358 0.000817702 0.00797315 0.00674991 0.00040687  -0.0507527  -0.0494799 -0.00614782 0.205008 0.169647 -9.80539 
               178.3  0.269736 -0.347032    53.935  7.32028  10.0001 0.337476 -0.664213  0.222243 -0.197055 0.332323 0.022574 0.131067   0.81673   1.04796 0.0216676 0.00797749 0.00676567 0.00035314  -0.0507732  -0.0497705 -0.00609595 0.204955  0.16965 -9.80539 
               178.4  0.495155 -0.623449   54.2203  7.40259  10.1146 0.349224 -0.662185  0.221358 -0.196952  0.332383 0.0225773   0.13104 0.824152  1.09385 0.211605  0.00799594  0.00678401 0.000350344  -0.0507332  -0.0496207 -0.00638272 0.204911 0.169656 -9.80539 
               178.5  -0.237781 -0.0461417    54.2402  7.48638  10.2276 0.352152 -0.665112  0.216622 -0.198749  0.332453 0.0223854  0.131213   0.744422    1.06187 -0.0285371  0.00800547  0.00680764 0.000358774  -0.0507547  -0.0499585 -0.00589133 0.204888 0.169815 -9.80539 
               178.6  0.180232 -0.863678   53.8466  7.55125   10.343 0.335847  -0.66294   0.21211 -0.200185  0.332383 0.0223134  0.131146   0.717547    1.08008 -0.0411346  0.00785313  0.00680096 0.000408877 -0.0503079 -0.0503269 -0.0048001 0.204738 0.169829 -9.80539 
               178.7  0.213332 -0.779569   53.4863  7.63702  10.4569 0.345513 -0.668888  0.210404 -0.198594  0.332369 0.0223159  0.131126     0.83943     1.21434 -0.00290845  0.00792438  0.00677789 0.000364501   -0.050369  -0.0507645 -0.00587582 0.204821 0.169926 -9.80539 
             178.799 -0.353444  -1.24108    52.771  7.71424   10.565 0.358797 -0.674476  0.209625 -0.201371  0.332437 0.0221638  0.131212  0.807721   1.06945 0.0280889   0.0079483  0.00680662 0.000390487  -0.0497177  -0.0517625 -0.00650461 0.204838 0.169841 -9.80539 
               178.9  0.414641 -0.548837   52.6811   7.7944  10.6686 0.351756 -0.672123  0.207924 -0.199705  0.332515 0.0220865  0.131239    0.76645    1.01277 -0.0439622  0.00786846   0.0067633 0.000424888  -0.0494458  -0.0512178 -0.00607316 0.204857 0.169851 -9.80539 
                 179  0.256877 -0.663989    53.193  7.88498  10.7736 0.352411 -0.671989  0.208814 -0.198766   0.33242 0.0220432  0.131276   0.920444    1.13848 -0.0251671   0.0079371  0.00679458 0.000339421  -0.0497677  -0.0507542 -0.00651016 0.204926 0.169903 -9.80539 
             179.099  0.482036 -0.683254   53.7605  7.97135  10.8862 0.365629 -0.670418  0.208215  -0.19948  0.332399 0.0221037  0.131274   0.801372    1.08195 -0.0229394  0.00794878  0.00678459 0.000356127  -0.0496198  -0.0504959 -0.00729589 0.204928 0.169893 -9.80539 
             179.199 0.0672079 -0.198822   53.6597  8.04217  10.9966 0.374858 -0.672482   0.21692 -0.199526  0.332196 0.0219069  0.131282   0.703486    1.07612 -0.0926295   0.0079571  0.00677595 0.000404859   -0.051096  -0.0511264 -0.00891607 0.204891 0.169886 -9.80539 
               179.3 -0.314339 -0.709098   53.4869  8.10044  11.1001 0.369035 -0.674143  0.211991  -0.20549  0.332182 0.0219151  0.131463   0.681148    1.09942 -0.0247053  0.00791503  0.00681674 0.000394819   -0.049514  -0.0519164 -0.00880909  0.20484 0.169738 -9.80539 
               179.4 -0.74157 -1.00033  53.0867  8.18247  11.2205 0.375519 -0.677741  0.213914 -0.198503  0.332276 0.0219321  0.131279 0.751602  1.13557  0.18983 0.00794477 0.00677804 0.00036619  -0.0504721  -0.0522078 -0.00928548 0.204861 0.169861 -9.80539 
             179.499 0.152533 -0.81227  52.6318 8.26055 11.3346 0.39336 -0.683379  0.216803 -0.194971   0.33229 0.0221664  0.131276 0.762423  1.06653 0.069022  0.00791723   0.0067293 0.000385734  -0.0514618  -0.0531237 -0.00982437 0.204848 0.169944 -9.80539 
               179.6  0.193542 -0.492645   53.0205   8.333  11.431 0.39265 -0.680918  0.217654 -0.198661  0.332315 0.0221248  0.131206 0.76369 1.02389 0.04029  0.00792161  0.00680459 0.000383278  -0.0509903   -0.052597 -0.00945453 0.204896 0.169845 -9.80539 
               179.7  0.117092 -0.793996   53.5245  8.42615  11.5425 0.395835 -0.680691  0.218094  -0.19892   0.33228 0.0220272  0.131204 0.869287  1.17869 0.144238  0.00797811  0.00679945 0.000337644  -0.0515096  -0.0521041 -0.00936607 0.204951 0.169942 -9.80539 
               179.8  0.217223 -0.282176   53.5478  8.53203  11.6423 0.403602 -0.680355  0.219689 -0.201514 0.332212 0.021916 0.131417   0.830293   0.988314 -0.0143113  0.00796136  0.00678289 0.000380419  -0.0523921  -0.0505897 -0.00928397 0.205168 0.170111 -9.80538 
               179.9 0.0727031 -0.625013   51.7163 8.60905 11.7458 0.38001 -0.687977  0.219379 -0.204163  0.332029 0.0220928  0.131409 0.774842 0.961972 -0.10066  0.00785482  0.00680237 0.000425682   -0.052593  -0.0522919 -0.00772716 0.205097 0.170135 -9.80538 
                 180  0.248624 -0.949817   49.8286  8.68404  11.8452 0.381118 -0.686372  0.212325 -0.200848     0.332 0.0220361  0.131429   0.837134    1.00545 -0.0708044  0.00790636  0.00680961 0.000387962   -0.051301  -0.0523439 -0.00852778 0.205043 0.170108 -9.80538 
               180.1 -0.379429  -1.40991   47.7672  8.76676  11.9437 0.392222 -0.686207  0.205311  -0.19715  0.332042 0.0218523  0.131476  0.83815 0.926386 0.162626  0.00793182  0.00679508 0.000400145  -0.0500285  -0.0524602 -0.00919856 0.205015 0.170095 -9.80538 
               180.2 0.0373838  -0.87185   46.4547  8.84966  12.0376 0.402505 -0.686331  0.205997 -0.198841  0.331971 0.0219611  0.131524  0.792274  0.852939 0.0608586  0.00789567  0.00677867 0.000410908  -0.0504954  -0.0526565 -0.00917352 0.204978 0.170142 -9.80538 
               180.3  0.663231 -0.523982   46.4638   8.9255    12.12 0.416375 -0.679697  0.201848   -0.1975  0.331835 0.0221473  0.131447  0.843214   0.86177 0.0346145  0.00788633  0.00678168 0.000332942  -0.0495517  -0.0516896 -0.00984562 0.204961 0.170093 -9.80538 
             180.399  0.853465 -0.932956   46.4523  9.00484  12.1968 0.425006  -0.68117  0.208985 -0.195947  0.331771 0.0225704   0.13155 0.804005 0.836862 0.228615  0.00790784  0.00679171 0.000357155  -0.0497659   -0.051827 -0.00967979  0.20501 0.169935 -9.80538 
             180.499   0.337736 -0.0903783    46.1816  9.09732  12.2807 0.433864 -0.690029  0.208908  -0.20736  0.331767 0.0222063  0.131866  0.728937    0.8112 0.0964173  0.00792642  0.00677148 0.000366509   -0.050739  -0.0525552 -0.00907776 0.205112 0.170112 -9.80538 
               180.6 0.445537 -0.50621  45.5631  9.16547  12.3592 0.427017 -0.690499  0.221941  -0.20779  0.331725 0.0223561  0.131882  0.706221  0.793982 0.0521161  0.00786139   0.0067456 0.000365116  -0.0526575  -0.0527245 -0.00783493  0.20511 0.170063 -9.80538 
               180.7  0.423534 -0.652035   44.9918  9.23615  12.4449 0.431246 -0.687981  0.223372  -0.20336  0.331758 0.0223793  0.131903  0.795543  0.879116 0.0348116  0.00792836  0.00676206 0.000361117  -0.0528728  -0.0525961 -0.00773354 0.205065 0.170052 -9.80538 
               180.8 -0.018878  -1.35963   44.3254 9.30665 12.5339 0.44446 -0.683702  0.224252  -0.19332  0.331758 0.0224334  0.131913 0.749614 0.759993 0.118697  0.00791189  0.00676822 0.000362495  -0.0533036  -0.0524373 -0.00753381 0.204978 0.170084 -9.80538 
               180.9  0.832368 -0.744205   44.3689  9.39273  12.6011 0.434181 -0.685763   0.23015 -0.197408  0.331736 0.0220593  0.132074    0.719731    0.682101 -0.00579461  0.00787446  0.00676517 0.000378573  -0.0546079  -0.0517919 -0.00603828 0.205116 0.170145 -9.80538 
             180.999 0.700841 -1.08682  44.8422  9.4672  12.677 0.43473 -0.683828  0.226673 -0.191714  0.331844 0.0220112  0.132043   0.844271   0.763529 -0.0354959 0.00794151 0.00676593 0.00033207  -0.0543038  -0.0518071 -0.00627477  0.20506 0.170183 -9.80538 
               181.1 0.979716 -1.20913  45.4063  9.55871  12.7513 0.439312 -0.685029  0.227651 -0.197639  0.331687 0.0219551  0.132086  0.839828  0.744926 0.0188051  0.00793704  0.00675315 0.000340872   -0.054513  -0.0514952 -0.00625157 0.205137 0.170194 -9.80538 
               181.2  0.899255 -0.408898   45.5289  9.63684  12.8325 0.453781 -0.679779  0.230814 -0.197148 0.331338 0.021905 0.132119   0.786549   0.797756 -0.0671672  0.00796182  0.00672938 0.000325467  -0.0551147  -0.0508951 -0.00795591 0.205109   0.1702 -9.80538 
               181.3  0.355315 -0.173537     45.28  9.70977  12.9077 0.447379 -0.678589  0.225981 -0.197433 0.331344 0.021915 0.131944    0.80281   0.845163 -0.0448243  0.00796041  0.00673915 0.000351797  -0.0536833  -0.0507228 -0.00785575 0.205105 0.170116 -9.80538 
               181.4  0.351238 -0.689695   44.7093  9.80979  13.0048 0.439049 -0.674753  0.233712 -0.193532  0.331313 0.0221327  0.131772  0.906592  0.924245 0.0873907  0.00792096  0.00674335 0.000369964  -0.0560082  -0.0497114 -0.00745074 0.205154 0.170249 -9.80538 
               181.5 0.458353 -0.66555  44.1628  9.89579  13.1085 0.447985 -0.688848  0.245775 -0.197604  0.331288 0.0223007  0.131722   0.897757   0.891206 -0.0137003  0.00793673  0.00673701 0.000369018  -0.0586686  -0.0529576 -0.00809865 0.205047 0.170329 -9.80538 
             181.599  0.592666 -0.295858   44.4954  9.97802  13.1845 0.451983 -0.692025  0.250911  -0.20101  0.331241 0.0223334  0.131663   0.894041   0.843999 -0.0263527  0.00790876  0.00676893 0.000342351  -0.0586784  -0.0533583 -0.00883242 0.205077 0.170212 -9.80538 
               181.7  0.455494 -0.669924    44.933  10.0732  13.2822 0.451879 -0.695353   0.25333 -0.203041  0.331305 0.0222945  0.131623   0.98578   1.00042 0.0925597  0.00792519  0.00676345 0.000331194  -0.0593737  -0.0542558 -0.00910258 0.205031 0.170251 -9.80538 
               181.8   0.41979 -0.285509   44.9579  10.1777  13.3791 0.464119 -0.695299  0.265603  -0.20166 0.331299 0.022188   0.1317   0.899198   0.854838 -0.0272925  0.00791862  0.00674247 0.000358241  -0.0625176  -0.0540753 -0.00978532 0.205057 0.170396 -9.80538 
               181.9 0.619839 -0.60753  43.2438  10.2696   13.465 0.447885 -0.695688   0.26182 -0.201709  0.331272 0.0222847  0.131661  0.860635   0.82538 -0.113262  0.00786205  0.00675797 0.000408526  -0.0622381  -0.0539918 -0.00909636 0.205074 0.170443 -9.80537 
                 182  0.565877 -0.926607   41.2543  10.3567  13.5388 0.452215 -0.693774  0.253042 -0.197928   0.33156 0.0219955  0.131772 0.928093 0.805861 -0.10127  0.00796102   0.0067549 0.000384242 -0.0602181 -0.0534012 -0.0104411 0.205098 0.170381 -9.80538 
               182.1 0.284137 -1.50878  39.2353  10.4473  13.6111 0.459401 -0.692637  0.243317  -0.19433  0.331756 0.0216077  0.131927 0.919735 0.718394 0.096425  0.00794764  0.00674743 0.000395386 -0.0580074 -0.0531071  -0.011086 0.205097 0.170318 -9.80538 
               182.2 0.414616 -1.20746  37.9645  10.5368  13.6764 0.471092  -0.69002  0.238648 -0.193132  0.331734 0.0215501  0.131921  0.891838  0.640391 0.0241282  0.00795615  0.00676697 0.000374096 -0.0570308 -0.0526406 -0.0116861 0.205097 0.170295 -9.80538 
               182.3     1.028 -0.816651   37.7316  10.6256   13.738 0.473478 -0.688369   0.23668 -0.191359  0.331681 0.0216169  0.131859   0.992388    0.64127 -0.0239737 0.00793645 0.00674409  0.0003313 -0.0564605 -0.0524309 -0.0118879 0.205086 0.170265 -9.80538 
               182.4   1.27396 -0.835349   36.8337  10.7291  13.8039 0.488105  -0.67862  0.229698 -0.192126  0.331595 0.0217141  0.131861  1.00498 0.638459 0.206305   0.0079666  0.00674878 0.000343134 -0.0552078 -0.0507698  -0.012717 0.205084 0.170248 -9.80538 
               182.5 1.30001 0.12986 35.4173  10.8279  13.8748 0.507638  -0.67329  0.232271 -0.200266  0.331431 0.0216582  0.132128   0.93844  0.650182 0.0948377  0.00794888  0.00676587 0.000367279 -0.0562256 -0.0501755 -0.0132097 0.205069 0.170315 -9.80538 
               182.6   1.36908 -0.474692   33.6853  10.9237  13.9461 0.507874 -0.675985  0.230584 -0.202937  0.331327 0.0217008  0.132082  0.983677  0.648414 0.0724368  0.00793389  0.00672171 0.000346695 -0.0563313 -0.0509972 -0.0125812 0.205041 0.170367 -9.80538 
             182.699   1.88248 -0.660834   31.9428  11.0159  14.0096 0.508345 -0.676852  0.235067 -0.196712  0.331284 0.0215148  0.132271   1.1494 0.703184  0.02247  0.00788808  0.00672248 0.000359678 -0.0561232 -0.0513932 -0.0121639 0.204983 0.170282 -9.80538 
               182.8  0.969751 -0.631437   30.2698  11.1157   14.065 0.521096  -0.67625  0.234619 -0.192672  0.331361 0.0214099  0.132253  1.04331 0.578037 0.127776  0.00795266  0.00671554 0.000356604 -0.0549586 -0.0510538 -0.0120465 0.204962 0.170173 -9.80538 
             182.899   1.24363 -0.591511   29.4966  11.2189  14.1169 0.527083 -0.677153   0.23253 -0.191686  0.331341 0.0214376  0.132237   1.00247  0.519296 0.0598331  0.00793785  0.00668267 0.000283734 -0.0546043 -0.0510127 -0.0117999 0.204978 0.170168 -9.80538 
                 183    1.2077 -0.810803   28.9011  11.3387  14.1752 0.526057 -0.679734  0.227679 -0.192934  0.331303 0.0212864  0.132153   1.24888  0.588694 0.0263588  0.00794369   0.0066965 0.000318535 -0.0544501 -0.0513867 -0.0112217 0.205011  0.17023 -9.80538 
               183.1    1.5323 -0.145108   27.9145  11.4749  14.2324 0.531084 -0.684725  0.225618 -0.195209  0.331314 0.0210978  0.132311    1.19309   0.525944 0.00678452   0.0079592  0.00671195 0.000328346 -0.0549483  -0.051861 -0.0107596 0.205081 0.170289 -9.80538 
               183.2  1.77476 0.240205  26.2173  11.6027  14.2841 0.534201 -0.680496  0.231495 -0.199041  0.331175 0.0211721   0.13244    1.17399   0.499005 -0.0581165  0.00795533  0.00668882 0.000334795 -0.0565249 -0.0508666 -0.0114864 0.205143  0.17031 -9.80538 
               183.3   1.94995 -0.206631   24.1837  11.7219   14.332 0.525886 -0.682621   0.23055 -0.198767  0.331136 0.0211454  0.132442    1.27205   0.494995 -0.0564473   0.0079417  0.00672306 0.000321646 -0.0563575 -0.0512204 -0.0110965 0.205142 0.170313 -9.80538 
               183.4   1.74775 -0.382424   22.1791  11.8535   14.383 0.522806 -0.682978  0.229569 -0.197659  0.331133 0.0210956  0.132475   1.32165  0.493301 0.0788477  0.00792879  0.00670272 0.000338992 -0.0559884 -0.0514055 -0.0111229 0.205121 0.170309 -9.80538 
               183.5   1.38352 -0.292447   20.5348  11.9594  14.4305 0.529683 -0.686079  0.225159 -0.193678  0.331107 0.0208793  0.132609   1.17732  0.404426 0.0127295 0.00795159 0.00666434 0.00030989 -0.0541263 -0.0526374 -0.0113394 0.205009   0.1703 -9.80538 
               183.6   1.80235 -0.689969   19.9631 12.0718 14.4714 0.52791  -0.68707  0.224956 -0.193782  0.331109 0.0208781   0.13262    1.19127   0.392169 -0.0319726  0.00793267  0.00669095 0.000305035 -0.0540095 -0.0529633 -0.0112309 0.204995 0.170307 -9.80538 
               183.7 2.07836 -1.1505  19.833  12.2001  14.5204 0.544247 -0.681675  0.215771 -0.191745  0.331482 0.0208734  0.132506  1.33431 0.513904   0.1648 0.00794305  0.0067044 0.00026911 -0.0527018  -0.052491  -0.012667 0.204987 0.170335 -9.80538 
             183.799   1.55891 -0.538717   19.8723  12.3319  14.5633 0.559672 -0.680891  0.217695 -0.190821   0.33137 0.0206166  0.132569   1.20558  0.437581 0.0126253  0.00794562  0.00665095 0.000269351 -0.0535237 -0.0521039 -0.0129552 0.205037  0.17034 -9.80538 
               183.9    1.2554 -0.795896    19.181 12.4504 14.6213 0.55078 -0.677103  0.215285 -0.188685  0.331627 0.0205183  0.132773     1.1358   0.468649 -0.0193446 0.00791088 0.00670957 0.00030526 -0.0536593 -0.0522541 -0.0123425 0.205047 0.170414 -9.80538 
                 184   1.48265 -0.849062   18.7723  12.5721  14.6548 0.558877 -0.677906  0.212498 -0.197257 0.331394 0.020538 0.132753   1.24206  0.450042 0.0406432   0.0079327   0.0067055 0.000277054 -0.0530271 -0.0514882 -0.0129367 0.205061  0.17034 -9.80538 
             184.099 0.959853 -1.20319  17.9481  12.7029  14.6907 0.572846 -0.680018  0.209815 -0.200268  0.331354 0.0204571  0.132671   1.2324 0.363001 0.156493  0.00791676  0.00667993 0.000308818 -0.0527083 -0.0513218 -0.0133439 0.205082 0.170304 -9.80538 
               184.2  1.34644 -1.01747  17.5523  12.8169  14.7229 0.575449 -0.679057  0.210108 -0.203453  0.331388 0.0204573  0.132662    1.16079   0.308521 -0.0218538  0.00794663  0.00670401 0.000279794 -0.0522546 -0.0511966 -0.0131406  0.20504 0.170298 -9.80538 
               184.3  1.93062 -0.74085  17.5418  12.9563  14.7432 0.572844 -0.679368  0.213042   -0.2033   0.33126 0.0202705  0.132964    1.29156   0.268997 -0.0262798  0.00791751  0.00668365 0.000271621 -0.0538772 -0.0503526 -0.0130827 0.205145  0.17025 -9.80538 
             184.399  1.90523 -0.69147  16.5867  13.0894  14.7718 0.582311 -0.677978  0.210756 -0.203374  0.331214 0.0203247   0.13296  1.28306  0.22749 0.117639  0.00796121  0.00669953 0.000317623  -0.053554 -0.0502401  -0.013633 0.205149 0.170255 -9.80538 
               184.5    2.03204 0.00770754    15.2965   13.239  14.8019 0.591039 -0.675689  0.220057 -0.219188  0.330965 0.0206981  0.133498   1.25567   0.25171 -0.013338  0.00797792  0.00669699 0.000369907 -0.0570079 -0.0501577 -0.0140972 0.205307 0.170273 -9.80537 
               184.6   2.48508 -0.488521   13.7798 13.3481 14.8356 0.58199 -0.680597  0.220108 -0.211048  0.330745 0.0204994    0.1334   1.25198  0.236854 -0.046629  0.00790531  0.00667141 0.000343998 -0.0561974 -0.0518117 -0.0136772 0.205244 0.170348 -9.80537 
               184.7   2.63323 -0.476965   12.0925  13.4563   14.863 0.579725 -0.682517  0.210531 -0.199049  0.330681 0.0200254   0.13348    1.36685   0.248253 -0.0276911  0.00792219  0.00670074 0.000381124 -0.0529624 -0.0525662 -0.0139306  0.20511   0.1704 -9.80537 
               184.8 1.89347 -0.0704 10.5276   13.573  14.8867 0.603254 -0.682792  0.205236 -0.190577  0.330565 0.0194989  0.133426   1.2237 0.183735 0.101332  0.00796654  0.00665694 0.000387998 -0.0513036 -0.0527984 -0.0152055 0.205051 0.170428 -9.80538 
               184.9   2.38479 -0.284717   9.97613  13.6719  14.9128 0.601704 -0.686363  0.202649 -0.187132  0.330419 0.0194377  0.133483   1.12294   0.17443 0.0167555  0.00786483  0.00669012 0.000275411 -0.0497942 -0.0541139 -0.0144677  0.20497 0.170506 -9.80538 
             184.999   2.41934 -0.759948    9.9054  13.7871  14.9274 0.602269 -0.686692  0.203086  -0.18779  0.330382 0.0195083  0.133547     1.30076    0.164749 -0.00335392  0.00790862  0.00668821 0.000257518 -0.0495617 -0.0540797 -0.0145307 0.204943 0.170502 -9.80538 
               185.1   2.74468 -0.695579   10.2285  13.9291  14.9382 0.612319 -0.685524   0.20413 -0.188603  0.330259 0.0193587   0.13352   1.25765  0.137157 0.0213434  0.00791545  0.00666006 0.000209834 -0.0503429 -0.0533299 -0.0147086 0.204987 0.170447 -9.80538 
               185.2  2.52251 -0.28342  9.86443  14.0426  14.9528 0.617643   -0.6886  0.211421 -0.189559  0.330086 0.0194958  0.133422    1.17952   0.181888 -0.0985994  0.00787963  0.00670341 0.000254547 -0.0509161 -0.0537505 -0.0157949 0.204938 0.170444 -9.80538 
             185.299  1.5832 -0.4302 9.03227  14.1622  14.9771 0.615683 -0.693529  0.215246 -0.188003  0.330123 0.0193884  0.133607    1.22525   0.199612 -0.0266845  0.00801763  0.00667692 0.000315807 -0.0518842 -0.0550116 -0.0160916  0.20498 0.170473 -9.80538 
               185.4    1.495 -0.98578   7.0238  14.3116  14.9938 0.614517  -0.69307  0.221899 -0.180791 0.329989 0.019635 0.133435   1.36611  0.110327 0.0642781  0.00794843  0.00664605 0.000397432 -0.0541316 -0.0549291 -0.0159528 0.205085 0.170433 -9.80537 
               185.5  2.48704 -1.28486  4.19285  14.4184  15.0108 0.613751  -0.69913  0.216661 -0.185686  0.329937 0.0189892  0.133734    1.26648  0.0301201 -0.0999106  0.00791054  0.00670746 0.000463949 -0.0517156 -0.0565625 -0.0158783 0.204973  0.17056 -9.80537 
               185.6   2.26348 -0.350799   3.20961  14.5255  15.0127 0.615436 -0.698811  0.219598 -0.184433  0.329688 0.0187869  0.133532    1.26268 -0.0576914 -0.0938699  0.00798491  0.00660667 0.000335107 -0.0510832 -0.0566248 -0.0171118 0.204888 0.170615 -9.80538 
               185.7   2.72852 -0.355631   2.43111  14.6697  15.0106 0.616851 -0.696951  0.228441 -0.195248   0.32961 0.0188865  0.133483    1.44322 -0.0510943  0.0309187  0.00794185  0.00664404 0.000293973 -0.0532027 -0.0569017 -0.0179113 0.204975  0.17062 -9.80537 
             185.799  2.50694 0.322796  1.48751  14.8307  14.9875 0.627602 -0.674901  0.251384 -0.206149  0.329495 0.0188384   0.13384    1.35311  -0.123444 -0.0509163  0.00796042  0.00657343 0.000269972 -0.0585714 -0.0524521 -0.0188964 0.205078 0.170461 -9.80537 
               185.9  1.91349 0.263594 -1.51528  14.9575  15.0018 0.614915  -0.69553  0.250208 -0.234429  0.328952 0.0188481  0.134167     1.2984 -0.0967197 -0.0628925  0.00795592  0.00670368 0.000413148 -0.0582082 -0.0578542 -0.0183587 0.205192 0.170626 -9.80537 
                 186   2.56097 0.0875137  -4.18034  15.0791  14.9919 0.619937 -0.686575  0.246263 -0.221245  0.329069 0.0186018  0.134254    1.42001  -0.179819 -0.0205882  0.00793097  0.00669535 0.000392968 -0.0566335 -0.0563652 -0.0190932 0.205114 0.170694 -9.80537 
             186.099    1.81367 -0.0866056   -6.65575  15.2096  14.9732 0.635242 -0.681651  0.244191  -0.21346 0.329146 0.018368 0.134301   1.29718 -0.257093  0.192482 0.00797817 0.00667084 0.00037366 -0.0557868 -0.0555843 -0.0196393 0.205076 0.170739 -9.80537 
               186.2   2.73464 -0.219645  -8.86636  15.3449  14.9521 0.655929 -0.668433  0.243398 -0.228167  0.329058 0.0185025  0.133982   1.22544 -0.270026  0.105442  0.00787799  0.00661653 0.000363454 -0.0562188 -0.0540529 -0.0202646  0.20519  0.17072 -9.80537 
               186.3   2.73044 -0.586845  -10.9893  15.4699  14.9103 0.662833   -0.6783  0.246415 -0.228179   0.32912 0.0185986  0.134114   1.34413 -0.379745 0.0696584  0.00798448  0.00663357 0.000316225 -0.0567032 -0.0548967 -0.0200847   0.2051 0.170668 -9.80537 
             186.399   2.89508 -0.283158   -12.983  15.6172  14.8664 0.677304 -0.676347  0.244092 -0.237858 0.329111  0.01862 0.134107   1.30576 -0.392602  0.187892  0.00798613  0.00665479 0.000324579 -0.0569182   -0.05451 -0.0201281  0.20514 0.170592 -9.80537 
               186.5   2.48776 0.0597269  -14.4372   15.746  14.8204 0.686579 -0.680781  0.243241 -0.239631  0.329018 0.0187224  0.134002   1.22149 -0.352876 0.0355936 0.00802753 0.00662822 0.00027839 -0.0570002 -0.0546066 -0.0201315 0.205077 0.170522 -9.80537 
             186.599   2.55843 -0.668144   -16.524  15.8784  14.7924 0.679646 -0.683673  0.242496 -0.244544  0.32896 0.018597 0.133987   1.22855 -0.360187 0.0215572  0.00797499  0.00661993 0.000311173 -0.0575541 -0.0559552 -0.0192991 0.205244 0.170495 -9.80537 
               186.7   3.01677 -0.964054  -19.7227   16.012  14.7477 0.676084 -0.684605  0.245584 -0.246884  0.328905 0.0185819  0.133962      1.36776    -0.504825 -5.82739e-05 0.00793795 0.00661604 0.00036826 -0.0582816 -0.0560406  -0.018893 0.205251 0.170466 -9.80537 
             186.799   2.6938 -1.21846 -23.1938   16.122  14.6959 0.689844 -0.682451  0.243745 -0.240758  0.329206 0.0184114  0.134007   1.16354 -0.579975  0.107057  0.00795354  0.00664074 0.000350714 -0.0571379 -0.0552398 -0.0189698 0.205123 0.170574 -9.80537 
               186.9   3.36774 -0.470334  -24.7486  16.2257  14.6238 0.689093 -0.691076  0.242686 -0.237532   0.32936 0.0184923  0.134141   1.05305 -0.637284 0.0400344  0.00794518  0.00662778 0.000266049 -0.0568153 -0.0554849 -0.0184448 0.204911 0.170551 -9.80538 
             186.999   3.44964 -0.830523   -25.937  16.3582  14.5412 0.691997 -0.687927   0.23928 -0.253606  0.329307 0.0182797  0.134157    1.20983  -0.814453 -0.0188954  0.00799486  0.00663625 0.000233808 -0.0576756 -0.0551127 -0.0186242 0.205006 0.170313 -9.80538 
               187.1   4.00069 -0.942749  -26.4458  16.4868  14.4677 0.695404 -0.696639  0.237311 -0.259799  0.329597 0.0179829  0.134058   1.14129 -0.735846 0.0229899  0.00792237  0.00665425 0.000204914 -0.0577835 -0.0572456 -0.0181427 0.205138 0.170273 -9.80538 
               187.2   3.94493 -0.813547  -27.6802  16.5955  14.4041 0.711862 -0.674473  0.247249  -0.25785  0.329684 0.0180357  0.134044   1.10359 -0.662586 0.0138334  0.00790023  0.00663743 0.000282335  -0.059032 -0.0538032 -0.0195934 0.205177 0.170338 -9.80537 
             187.299   3.41162 -0.692779  -28.7292 16.7056 14.3316 0.71323 -0.674945  0.246281 -0.258983  0.329598 0.0180243  0.133982   1.13395 -0.727743 0.0393924 0.00795999 0.00662959 0.00021811 -0.0590958 -0.0536302 -0.0194593 0.205137  0.17029 -9.80538 
               187.4   3.51217 -0.817112  -29.8987  16.8312   14.257 0.721475 -0.676219  0.246972 -0.261359   0.32963 0.0179262  0.134052   1.13988 -0.708725  0.290291  0.00794168  0.00661537 0.000230095 -0.0596871 -0.0542245 -0.0191234 0.205228 0.170211 -9.80538 
             187.499  2.24841 -1.37142 -31.2099  16.9443  14.1886 0.744623 -0.675456  0.248199 -0.263285  0.329637 0.0178454  0.134237  1.01295 -0.68248 0.191202  0.00801474  0.00674085 0.000208016 -0.0602034 -0.0544884 -0.0191513 0.205315 0.170157 -9.80537 
               187.6  2.78927 -1.85245 -31.3647  17.0613  14.1054 0.749538 -0.672994  0.241803 -0.259985  0.329427 0.0175445  0.134082   1.03162 -0.746742 0.0370828  0.00793554  0.00670025 0.000177868 -0.0603614 -0.0539266 -0.0186442 0.205318 0.169913 -9.80538 
             187.699  3.34806 -2.19192 -31.3828  17.1601  14.0306 0.760615 -0.675835  0.243251 -0.264474  0.329461 0.0177872  0.134185   1.06995 -0.793413  0.257275   0.0079128  0.00665697 0.000180091 -0.0600053 -0.0542783 -0.0189989 0.205274 0.170028 -9.80538 
             187.799  3.30595 -2.11533 -31.0806  17.2628  13.9625 0.779949  -0.67406  0.243434 -0.267177  0.329658 0.0178887  0.134121   1.03164 -0.706054  0.107867  0.00796997   0.0066898 0.000184689 -0.0596274 -0.0544716 -0.0189502 0.205368 0.170112 -9.80537 
               187.9  2.81137 -3.11427 -31.2584  17.3744   13.904 0.789807 -0.668611  0.244939 -0.272989   0.32992 0.0178289  0.134179   1.05628 -0.623558 0.0219923   0.0079821  0.00662752 0.000180478 -0.0599077 -0.0544765 -0.0192643 0.205552 0.170108 -9.80537 
                 188  3.46833 -3.74909 -31.5366  17.4664  13.8471 0.792807 -0.670021  0.249271 -0.280064  0.329919 0.0180469  0.134454   1.16246 -0.665003 0.0422102     0.00792  0.00663803 0.000193275 -0.0595766 -0.0541738 -0.0193761 0.205427 0.170325 -9.80537 
             188.099   2.7565 -3.30047 -32.1575  17.5683  13.7866 0.818709 -0.683646   0.25788 -0.285275  0.329818 0.0180026  0.134394   1.01246 -0.658508   0.25221 0.00797991 0.00661481  0.0002207 -0.0604897 -0.0563059 -0.0202116 0.205378 0.170452 -9.80537 
             188.199  2.86539 -3.71226 -32.6168  17.6516  13.7301 0.855221 -0.708013  0.280282 -0.300272  0.329752 0.0179843  0.134361  0.895578 -0.626344  0.210268 0.00794432 0.00656035 0.00024083 -0.0634984 -0.0604526 -0.0214694 0.205363  0.17064 -9.80537 
               188.3  2.56553 -3.97987 -32.2438 17.7462 13.6593 0.86591 -0.700423  0.270102 -0.292967  0.329766 0.0180036  0.134368  0.941913 -0.732804  0.150936  0.00794142   0.0065798 0.000178292 -0.0621086 -0.0590829 -0.0208684 0.205355  0.17056 -9.80537 
               188.4  3.23585 -3.70615 -31.8217  17.8425  13.5928 0.874424 -0.693038  0.253987 -0.303296  0.329957 0.0178704  0.134282 0.944907 -0.72298 0.289055 0.00789261 0.00656458 0.00017705 -0.0589404 -0.0582245 -0.0197366 0.205438 0.170643 -9.80536 
               188.5  2.55406 -3.45835 -31.5588  17.9495  13.5273 0.895252 -0.689848  0.256748 -0.318392  0.330041 0.0177626  0.134481  0.955109 -0.609348  0.101159  0.00797068   0.0066142 0.000192039  -0.059919 -0.0584886 -0.0198408 0.205597 0.170534 -9.80536 
             188.599  2.91192 -4.65406   -31.88  18.0515  13.4581 0.898681 -0.689145  0.247252  -0.30437  0.329969 0.0177436  0.134478  0.971793 -0.614178 0.0978068  0.00793786  0.00665597 0.000221207 -0.0589661 -0.0581382 -0.0194159 0.205561 0.170392 -9.80537 
               188.7  3.65255 -4.70241 -32.2706 18.1632 13.3847 0.90882 -0.686162  0.243947 -0.293609  0.329986 0.0177291  0.134546   1.09098 -0.660382  0.200956  0.00790484  0.00662097 0.000214936 -0.0589271 -0.0574542 -0.0192018 0.205533 0.170281 -9.80537 
               188.8  2.69611 -3.80696 -33.0308 18.2629 13.3145 0.94161 -0.698119  0.265204 -0.283037  0.329869 0.0175825  0.134427  0.954186 -0.670389  0.206935  0.00796025  0.00656902 0.000227554 -0.0625259 -0.0590997 -0.0202017 0.205456 0.170305 -9.80537 
               188.9  3.22265 -4.34292 -32.0333  18.3569  13.2526 0.956509 -0.693576  0.258239 -0.289381  0.329894 0.0175458  0.134423  0.893086 -0.631121  0.118461  0.00789314  0.00663574 0.000132023 -0.0614252 -0.0586045 -0.0199071 0.205511 0.170282 -9.80537 
                 189  2.69097 -4.78251 -30.2294  18.4638  13.1752 0.967863 -0.692495  0.257288 -0.276983  0.329925 0.0173977   0.13443   1.03302 -0.747864  0.111174  0.00796593  0.00665271 0.000120093 -0.0621226 -0.0585151 -0.0198828 0.205538 0.170108 -9.80537 
               189.1  2.73672 -3.96889 -28.4045  18.5876  13.0952 0.999588  -0.69528  0.265435 -0.267187  0.330075 0.0170428  0.134668   1.04984 -0.680717  0.282379  0.00796945  0.00660513 0.000115678 -0.0647422 -0.0593936 -0.0201521 0.205627 0.169868 -9.80537 
             189.199  2.40787 -4.20452 -27.3296 18.6845 13.0351 1.02671 -0.701602  0.278371 -0.264676  0.329981 0.0171315  0.134603  1.04372 -0.56983 0.164612  0.00794555  0.00668702 0.000143589 -0.0665853 -0.0601623 -0.0207012 0.205564 0.169947 -9.80537 
               189.3   2.4305 -4.61714 -26.9413 18.7823 12.9809 1.03749 -0.696393  0.268617 -0.261755  0.329928 0.0171979  0.134619   1.10833 -0.543552  0.206218  0.00792654  0.00666048 0.000193421 -0.0644822  -0.058896 -0.0202185 0.205492 0.170026 -9.80537 
               189.4  2.17079 -4.47822 -26.9471 18.9165 12.9217  1.0548 -0.683542  0.256666 -0.257959  0.329836 0.0172516  0.134673   1.18615 -0.548271  0.349342  0.00797096  0.00658446 0.000223465 -0.0632352 -0.0572064  -0.019594 0.205606 0.169858 -9.80537 
               189.5  1.51059 -4.25607 -27.1761  19.033  12.875 1.08074  -0.67691  0.252821 -0.289673  0.329542 0.0172366    0.1349  1.07129 -0.55018 0.263488  0.00797884  0.00654935 0.000241213 -0.0624577  -0.056988 -0.0193254 0.205773  0.16988 -9.80537 
               189.6  1.98723 -4.13723 -26.4661 19.1497 12.8125 1.09005 -0.654427  0.222769 -0.271433  0.329578 0.0172319  0.134972   1.08332 -0.611354  0.156705 0.00795952 0.00657111 0.00018682 -0.0580261 -0.0531541 -0.0181954 0.205792 0.169727 -9.80537 
             189.699  2.13692  -4.4392 -25.8108 19.2519 12.7523 1.09712 -0.648318  0.211624 -0.280231 0.329526 0.017078 0.135054   1.17772 -0.670493  0.309179  0.00790621  0.00662853 0.000175661 -0.0552427 -0.0518507 -0.0175139 0.205734 0.169885 -9.80537 
             189.799  1.79033 -3.58639 -25.1041 19.3672 12.6917 1.12183 -0.648086   0.21382  -0.28711  0.329517 0.0170632  0.135086   1.08475 -0.557672  0.129055  0.00796914  0.00661113 0.000150464 -0.0557716 -0.0520844 -0.0175961 0.205783  0.16986 -9.80537 
               189.9    1.893 -4.65042 -25.3162 19.4599  12.641 1.12432 -0.651247  0.205558 -0.275731  0.329479 0.0169789  0.135251   1.02676 -0.505895 0.0839032  0.00794828   0.0066623 0.000232423 -0.0535445 -0.0520018  -0.017101 0.205666 0.170004 -9.80537 
                 190  2.33902  -4.2699 -25.4691 19.5623 12.6039 1.13633 -0.653145  0.203471 -0.302193  0.329311 0.0168189  0.135124   1.15007 -0.522085  0.162672 0.00791208 0.00659772 0.00022607 -0.0524863  -0.053068 -0.0169643 0.205778 0.170148 -9.80537 
               190.1  1.60699  -3.8164 -26.1135 19.6708 12.5552 1.15849 -0.653716   0.20388 -0.303934  0.329314 0.0167372   0.13509     1.062 -0.515385  0.225292   0.0079979  0.00660478 0.000252018 -0.0522398 -0.0531011 -0.0170024 0.205759 0.170207 -9.80536 
               190.2  2.31473 -3.97387 -26.4207 19.7712 12.5056 1.17523 -0.653141  0.203204 -0.310541  0.329266 0.0166984  0.135067  0.956927 -0.506639  0.131009    0.007833  0.00658224 0.000240177 -0.0520064 -0.0531894 -0.0169593 0.205788 0.170231 -9.80536 
               190.3  2.11652  -4.2141 -25.9941 19.8745 12.4512 1.18355 -0.651095  0.198094  -0.31478  0.329247 0.0167153  0.135046   1.03234 -0.607896 0.0991658  0.00794863  0.00661179 0.000200334 -0.0514267 -0.0531222 -0.0167036 0.205844  0.17018 -9.80536 
               190.4  2.66338 -3.99224  -25.524 19.9861 12.3799 1.20107 -0.649988   0.19743 -0.301816  0.329214 0.0167516  0.135139   1.06703 -0.626288  0.326432 0.00792528 0.00661847 0.00021178 -0.0518035 -0.0524656 -0.0166331  0.20578 0.170082 -9.80537 
               190.5  1.66641 -3.53846 -25.2257 20.1172 12.3205 1.23918 -0.645355  0.223817 -0.325587 0.329291 0.016457 0.135595   1.09312 -0.500675  0.183644  0.00806601  0.00663445 0.000228608 -0.0577238 -0.0526846 -0.0177806 0.205976 0.169857 -9.80537 
               190.6  2.36433 -4.54524 -25.4448 20.2201 12.2672 1.24228 -0.648685  0.203486 -0.307283  0.329044 0.0164234  0.135722   1.08264 -0.489436   0.17876  0.00791333  0.00664917 0.000228322 -0.0540353 -0.0526058 -0.0166626  0.20588 0.169883 -9.80537 
               190.7  2.98008  -4.3298 -25.8671 20.3353 12.2125 1.25949 -0.647137  0.199771 -0.300229  0.329061 0.0164021  0.135789   1.20479 -0.506615  0.275277  0.00788791  0.00658846 0.000226077 -0.0534591 -0.0520738 -0.0164368  0.20584 0.169867 -9.80537 
               190.8  1.74839 -3.70645 -26.7088  20.439 12.1696 1.28533 -0.648713  0.200305 -0.307424  0.329037 0.0162554  0.135716   1.06884 -0.500073  0.228055 0.00797296 0.00659436 0.00024089 -0.0527007 -0.0523147 -0.0164385 0.205812 0.170019 -9.80537 
               190.9  2.26301 -4.17033  -26.725 20.5435  12.133 1.28774 -0.625519  0.170819 -0.332219  0.328871 0.0161736  0.135765   1.00584 -0.455047  0.105137  0.00780639  0.00664489 0.000226331 -0.0473444 -0.0491517 -0.0150615 0.205939 0.170068 -9.80536 
                 191   1.8896 -4.54858 -26.3965 20.6475 12.0686 1.29961 -0.629725  0.171561 -0.307402  0.328828 0.0162365  0.135641   1.13806 -0.599475  0.118093  0.00787202  0.00664016 0.000188581 -0.0477757 -0.0489499 -0.0151795 0.205798 0.170002 -9.80537 
               191.1  2.06101  -3.6508 -25.9152 20.7747 11.9919 1.32477 -0.629583  0.175334 -0.278609  0.328756 0.0162469  0.135772   1.10994 -0.563654  0.163669  0.00787883  0.00659884 0.000182907 -0.0496808 -0.0482974 -0.0153733 0.205733 0.169773 -9.80537 
             191.199   2.0961 -4.15288 -25.7252 20.8732 11.9377 1.33907  -0.63329  0.185795 -0.262863  0.328696 0.0163325  0.135812   1.06122 -0.478092 0.0542314 0.00785818 0.00667014 0.00018005 -0.0510927 -0.0482511 -0.0158292 0.205615 0.169831 -9.80537 
               191.3  2.24947 -4.83652  -26.021 20.9734 11.8881 1.34661  -0.63214  0.186774 -0.252994  0.328704 0.0163543  0.135909   1.10182 -0.481604   0.11946  0.00785253  0.00664065 0.000225927 -0.0510361 -0.0475709 -0.0158883  0.20553 0.169861 -9.80538 
               191.4  1.78933 -4.68912 -26.5893 21.0928 11.8423 1.36645 -0.639548  0.193728 -0.261397  0.328658 0.0163276  0.135962    1.1511 -0.499707  0.257213 0.00790579 0.00659609 0.00023733 -0.0522669 -0.0492528  -0.016223   0.2056 0.169868 -9.80537 
             191.499  1.24758 -4.47148 -27.2611 21.2073 11.7987 1.39511 -0.652136  0.210268 -0.283761 0.328456 0.016223 0.136197   1.04279 -0.502421  0.187722  0.00793346  0.00655941 0.000266588 -0.0551987 -0.0522373 -0.0168147 0.205743 0.169875 -9.80537 
               191.6  1.83784 -4.54128 -26.5962 21.3122 11.7414 1.40842 -0.650821    0.2076 -0.268543  0.328442 0.0162412  0.136259   1.03164 -0.545262  0.117702  0.00780788  0.00657991 0.000167609 -0.0550768 -0.0516453 -0.0166747 0.205696  0.16981 -9.80537 
             191.699  1.84696 -4.70384 -26.1601 21.4146 11.6818 1.42636 -0.652035   0.21541 -0.265632  0.328414 0.0163057  0.136284   1.07452 -0.594621  0.315136  0.00778755  0.00657526 0.000159696 -0.0561036  -0.051583 -0.0171358 0.205641 0.169861 -9.80537 
               191.8  1.69315 -4.02611 -25.6984 21.5294 11.6148 1.44614 -0.651827  0.214954  -0.26135  0.328436 0.0162634  0.136368   1.05292 -0.574972 0.0963285   0.0078153  0.00653262 0.000151075 -0.0565941 -0.0515351 -0.0170292 0.205654 0.169763 -9.80537 
               191.9  2.23868  -5.4091 -26.0128 21.6271   11.56 1.45119 -0.651239  0.218124 -0.251237   0.32846 0.0163093  0.136509      1.01738    -0.514561 -0.000162433  0.00776527  0.00662017 0.000192691 -0.0568154 -0.0510854 -0.0171647 0.205592 0.169814 -9.80537 
                 192  2.52631 -5.65135 -26.4669 21.7286 11.5156  1.4657 -0.652401  0.230571  -0.26026  0.328532 0.0163532  0.136494   1.1469 -0.52603 0.112056  0.00779181  0.00664135 0.000213212 -0.0585656 -0.0515398 -0.0178783 0.205616 0.169887 -9.80537 
               192.1  1.56167 -4.89072 -27.3269 21.8505 11.4631 1.49875 -0.661034   0.25554 -0.268808  0.328299 0.0161954   0.13672  1.05472 -0.54637 0.287838   0.0078665  0.00656296 0.000259016 -0.0632272 -0.0534166 -0.0188428 0.205694  0.16984 -9.80537 
               192.2  2.34406 -4.69432 -27.7154 21.9545 11.4195 1.53062 -0.671088  0.279218  -0.30165  0.328016 0.0161729  0.136635  0.990522 -0.515627  0.169753  0.00771538  0.00651254 0.000249254 -0.0671196 -0.0560116  -0.019738 0.205831 0.169889 -9.80537 
               192.3  1.97999  -4.8181 -27.1573 22.0565 11.3576 1.53896 -0.669016  0.268775 -0.290485  0.328004 0.0162317  0.136623   1.04172 -0.638752  0.112957   0.0078375    0.006586 0.000163986 -0.0656087 -0.0553477 -0.0192587 0.205792 0.169832 -9.80537 
             192.399    2.347 -4.56446 -26.6248 22.1527 11.2986 1.55131 -0.670377  0.258303 -0.289881  0.327973 0.0162672  0.136566   1.05569 -0.683426  0.273895  0.00781173  0.00658895 0.000165864 -0.0630326 -0.0554571 -0.0188841 0.205756 0.169962 -9.80537 
             192.499  1.65974 -3.94903  -26.379  22.274 11.2379 1.57989 -0.666595  0.286183 -0.323322  0.328026 0.0159767  0.136943   1.07782 -0.566424  0.111847  0.00792308  0.00659827 0.000231064   -0.06856 -0.0557766 -0.0197893 0.205919 0.169852 -9.80537 
               192.6  2.41146 -4.99685 -26.4776 22.3755 11.1823 1.58205 -0.669993  0.273031 -0.312521  0.327893 0.0159621  0.137054     1.057 -0.545833  0.111669 0.00783028  0.0066206 0.00021465 -0.0660253  -0.056078 -0.0192574 0.205877 0.169897 -9.80537 
               192.7  2.95104 -4.90492 -26.8848 22.4895 11.1262  1.5987  -0.67074  0.278867 -0.316639  0.327911 0.0159966  0.137015    1.1823 -0.565131  0.194001  0.00779496  0.00655933 0.000204387 -0.0669755  -0.056319 -0.0195319 0.205891 0.169908 -9.80537 
             192.799  1.88259 -4.26473 -27.8174 22.5882 11.0744  1.6287  -0.67699  0.296362 -0.318024  0.327824 0.0157338  0.136975   1.01161 -0.600283  0.194523 0.00787238 0.00657012 0.00023288  -0.069248 -0.0573452 -0.0203262  0.20587 0.170044 -9.80537 
               192.9  2.63916 -4.62207 -27.8403 22.6835 11.0214 1.64675 -0.677618  0.296024 -0.327893  0.327791 0.0156966   0.13696  0.938584 -0.562073  0.166238  0.00778542   0.0065391 0.000179536 -0.0689251 -0.0576915 -0.0203229 0.205901 0.170093 -9.80536 
                 193  1.99218 -4.77674 -27.6804 22.7829 10.9613 1.66035 -0.676877   0.29154 -0.332155  0.327775 0.0157144  0.136991   1.06297 -0.674811  0.158846  0.00786624  0.00660368 0.000179202 -0.0681566 -0.0577204 -0.0200852 0.205927 0.170093 -9.80536 
             193.099  2.50766 -3.95042 -27.0791 22.9051 10.8888 1.68384 -0.676149  0.289912 -0.335124 0.327861 0.015628 0.137093   1.07071 -0.649657  0.189377 0.00781116 0.00655185 0.00016001 -0.0688205  -0.057868 -0.0199017  0.20599 0.169938 -9.80536 
               193.2  1.95017 -3.77993   -27.02 23.0083 10.8457 1.69951 -0.672222  0.299112 -0.367645  0.327928 0.0155295  0.137207   1.04507 -0.517984 0.0859735  0.00781771  0.00653513 0.000204665 -0.0697404 -0.0581442 -0.0202428 0.206119 0.170059 -9.80536 
               193.3  2.02715 -4.37226 -27.3939 23.0995 10.7952 1.70315 -0.670867  0.287759 -0.353357  0.327855 0.0155682  0.137252   1.06085 -0.514131  0.140107 0.00783878 0.00664272 0.00019899 -0.0671348 -0.0573014 -0.0197179 0.206014  0.17016 -9.80536 
               193.4  1.66783 -4.19806 -28.1213 23.2122 10.7416 1.71605 -0.669496  0.284097 -0.354588  0.327832 0.0155931  0.137261   1.11109 -0.549125   0.25076  0.00789096  0.00654039 0.000212335 -0.0665431 -0.0571316 -0.0194834 0.206027 0.170152 -9.80536 
               193.5  1.53548 -3.98944 -28.8254 23.3204 10.6896 1.73362 -0.670086   0.28269 -0.368754 0.327721 0.015578 0.137309   1.00195 -0.580294  0.127918   0.0078727  0.00653933 0.000203463 -0.0662543 -0.0577243 -0.0193603 0.206106 0.170165 -9.80536 
             193.599  2.21483  -3.8761 -28.2273 23.4229 10.6291 1.74555 -0.669634  0.283928 -0.368328  0.327738 0.0155908  0.137285 0.975359  -0.6332 0.107931  0.00785174   0.0065725 0.000156894 -0.0668706 -0.0577481 -0.0194217 0.206129 0.170098 -9.80536 
               193.7  2.17689 -4.35989 -27.7272 23.5288 10.5552 1.75781 -0.669131  0.285915 -0.362842  0.327717 0.0156005    0.1373  1.08665 -0.71718 0.243149  0.00787106  0.00662798 0.000151435 -0.0674435 -0.0574634   -0.01953 0.206103 0.170056 -9.80536 
               193.8  2.17773 -3.92703 -27.0822 23.6551 10.4757 1.78142 -0.666433    0.2946 -0.366739  0.327787 0.0154284  0.137307   1.06716 -0.634428 0.0882181  0.00787054  0.00656686 0.000171319 -0.0703261 -0.0572423 -0.0198582 0.206164 0.169827 -9.80536 
             193.899  2.04541 -4.51704 -27.3665 23.7574 10.4281 1.78551 -0.667768  0.291405 -0.381703  0.327787 0.0154176  0.137358   1.05019 -0.536508 0.0616104  0.00785382  0.00659164 0.000228032 -0.0692843 -0.0579906 -0.0196678 0.206236 0.169916 -9.80536 
                 194  2.40045 -4.46175 -27.6161 23.8688 10.3767 1.80552 -0.669424  0.302038 -0.387529  0.327793 0.0154426  0.137327   1.18098 -0.551771  0.159937 0.00785953 0.00656916 0.00020097 -0.0711121 -0.0585103 -0.0203022  0.20627  0.16992 -9.80536 
               194.1  1.38991 -4.38294 -28.3793 23.9871 10.3273 1.83035 -0.674881  0.309401 -0.396806   0.32769 0.0153248  0.137493   1.13035 -0.555798  0.246605  0.00793036  0.00658709 0.000247572  -0.072138 -0.0598224 -0.0206592 0.206327 0.169971 -9.80536 
             194.199  2.28626 -4.52786 -28.5633 24.0873  10.271 1.84795  -0.67637  0.310545 -0.389934  0.327736 0.0153092  0.137551    1.0265 -0.559725  0.126356  0.00777779  0.00659311 0.000187679 -0.0720082  -0.059733  -0.020724 0.206267 0.170023 -9.80536 
               194.3  2.06109 -4.50475 -28.1757 24.1946 10.2094 1.86412 -0.679125  0.318924 -0.389359   0.32775 0.0153177  0.137542   1.07814 -0.661549  0.103602  0.00792292   0.0065949 0.000186808 -0.0737288 -0.0602602 -0.0211406 0.206281  0.16998 -9.80536 
               194.4  2.48332 -4.37533 -27.5803 24.2898 10.1496 1.87754 -0.679262  0.314774    -0.391  0.327693 0.0153733  0.137538   1.07649 -0.694312  0.218938 0.00786048 0.00661813 0.00015566 -0.0719321 -0.0600353 -0.0210295 0.206221 0.170155 -9.80536 
             194.499  1.64235 -3.79973 -27.3076 24.4118 10.0906 1.89875 -0.680241  0.336112 -0.422768  0.327755 0.0151229  0.137972   1.08183 -0.570318 0.0597791  0.00799269  0.00656759 0.000202536 -0.0762744 -0.0612888 -0.0217429 0.206397 0.170059 -9.80535 
               194.6   2.2995 -4.73853  -27.644 24.5055 10.0252 1.90334 -0.675692  0.333787 -0.385304  0.327768 0.0151936  0.138199    1.0492 -0.576723  0.108952  0.00791111  0.00662225 0.000239117 -0.0755141 -0.0592801 -0.0216912 0.206207 0.170104 -9.80536 
               194.7  2.97248 -4.57003 -27.9968 24.6105 9.96728 1.91888 -0.675162   0.33594 -0.383344  0.327792 0.0152146  0.138252   1.14632 -0.592616  0.229949  0.00787174   0.0065695 0.000223035 -0.0754302  -0.059019 -0.0219221 0.206169 0.170176 -9.80536 
             194.799  1.88476 -3.91108 -28.8276 24.7178 9.91095 1.94863 -0.680221  0.349367 -0.384778  0.327701 0.0150546  0.138248   1.04819 -0.581888  0.196838  0.00794417  0.00655656 0.000248232 -0.0775243  -0.059897 -0.0225673  0.20617  0.17022 -9.80536 
               194.9  2.54657 -4.38575 -28.6874  24.801 9.86623 1.96463 -0.682745   0.34787 -0.391072 0.327681 0.014971 0.138282  0.942156 -0.528451  0.135099  0.00784044  0.00660865 0.000196595  -0.076124 -0.0602054 -0.0225634 0.206128 0.170408 -9.80535 
                 195  2.09785 -4.83119 -28.2812 24.8989 9.80286 1.97708 -0.682913  0.347231 -0.382914   0.32764 0.0149975  0.138245   1.06974 -0.655492   0.13929  0.00790138  0.00660314 0.000174435 -0.0760432 -0.0598798  -0.022539 0.206076 0.170399 -9.80535 
             195.099  2.17796  -3.9861 -27.6605 25.0134  9.7273 2.00438  -0.68234  0.351893 -0.370859 0.327599 0.014971 0.138304   1.03628 -0.644192    0.2027  0.00791174  0.00656058 0.000179043  -0.077619 -0.0595529 -0.0227059 0.206059 0.170272 -9.80536 
               195.2  1.85828 -4.17259 -27.4543 25.1037 9.66808 2.01826 -0.685628  0.354268 -0.357875  0.327509 0.0150428  0.138214  0.989069 -0.544128 0.0844208  0.00789499  0.00660566 0.000190064  -0.077468 -0.0595061 -0.0228344  0.20596 0.170357 -9.80536 
               195.3  2.11194 -4.78465  -27.738 25.1995 9.62126 2.02329 -0.684566  0.347473 -0.366199  0.327448 0.0150188  0.138234   1.03564 -0.516595  0.130322  0.00784086   0.0066322 0.000211661 -0.0759481 -0.0595502 -0.0224648 0.205989 0.170415 -9.80536 
               195.4  1.65698 -4.75694 -28.3389 25.3184 9.57636 2.04304 -0.691421  0.353384 -0.383658  0.327301 0.0150138  0.138339   1.09466 -0.519188  0.241793  0.00792154  0.00657862 0.000243355 -0.0772003 -0.0616932 -0.0226575 0.206146 0.170392 -9.80535 
               195.5  1.49333 -4.34817  -28.861 25.4354 9.52751 2.06684 -0.692515   0.35615 -0.398545   0.32715 0.0150595  0.138455   1.00721 -0.493623  0.189069  0.00790469  0.00650567 0.000232234 -0.0781904 -0.0626696 -0.0226544 0.206279 0.170316 -9.80535 
               195.6  1.96874 -4.42161 -28.6084 25.5415 9.47468 2.07993 -0.688999  0.350363 -0.395477   0.32716 0.0150474  0.138453   1.00513 -0.528627   0.14375  0.00785993  0.00655647 0.000205889 -0.0776461 -0.0621657 -0.0223608 0.206304 0.170242 -9.80535 
               195.7  1.93163 -4.58215  -28.323 25.6455 9.40436 2.09153 -0.689417  0.348041 -0.377589  0.327083 0.0150773  0.138558  1.12299   -0.615 0.232987  0.00786081  0.00659289 0.000189686 -0.0773905 -0.0613572 -0.0221705 0.206178 0.170208 -9.80536 
               195.8  1.77303 -3.70494 -27.9624 25.7595 9.34191  2.1129 -0.689038  0.352322 -0.377305  0.327078 0.0150571  0.138634   1.03871 -0.525304 0.0908595  0.00790111  0.00653399 0.000190682 -0.0785997  -0.061396 -0.0223536 0.206202 0.170135 -9.80536 
             195.899  1.65813 -4.98454 -28.4006 25.8639 9.28958 2.12022 -0.688812  0.353843 -0.374099  0.327109 0.0150662  0.138601  1.00298 -0.47259 0.059046  0.00789286  0.00660789 0.000204369 -0.0790908 -0.0612809 -0.0224552 0.206194 0.170098 -9.80536 
                 196  1.87237 -4.78428 -28.7563 25.9625  9.2418 2.13334 -0.687692  0.354685 -0.369999  0.327141 0.0150615  0.138635   1.09832 -0.492751    0.1509  0.00784774  0.00654958 0.000226273 -0.0790158 -0.0608165 -0.0225617 0.206147  0.17013 -9.80536 
               196.1 0.885047 -4.84283 -29.5402 26.0788 9.18879 2.15957 -0.691082  0.361244 -0.370475  0.327125 0.0150173  0.138692  1.07379  -0.5289 0.238924  0.00792922   0.0065819 0.000274331 -0.0804454 -0.0615739 -0.0229522 0.206179 0.170089 -9.80536 
               196.2  1.45874 -4.57899 -29.6226 26.1724 9.13923 2.16764 -0.687796  0.349439 -0.371568   0.32714 0.0149405    0.1387  0.969005 -0.539665 0.0975971  0.00782894  0.00660566 0.000214469 -0.0778818 -0.0609259 -0.0223245 0.206158  0.17017 -9.80536 
             196.299  1.57803 -4.30787 -28.9753 26.2834 9.07592 2.18385 -0.686734  0.359757 -0.374428  0.327165 0.0149549  0.138716   1.02333 -0.645275  0.077497  0.00786743   0.0065769 0.000171797 -0.0805509 -0.0610458 -0.0228741 0.206215 0.170032 -9.80536 
               196.4  2.07688 -4.21142 -28.3855 26.3841 9.00944 2.19784 -0.685905   0.36044 -0.370966   0.32711 0.0150067   0.13875   1.03045 -0.693049  0.217724   0.0078031  0.00658836 0.000165088 -0.080365 -0.060703 -0.022944 0.206182 0.170077 -9.80536 
               196.5  1.65755 -3.64092 -28.0398  26.504 8.94448 2.22641 -0.677047  0.385633 -0.393426  0.327123 0.0148353   0.13891    1.0554 -0.576525 0.0946601  0.00794281  0.00652005 0.000219827 -0.0854926 -0.0598962 -0.0240154 0.206295 0.169956 -9.80536 
               196.6  2.34891 -4.60137 -28.4096 26.6091  8.8764 2.23791 -0.672766  0.390905 -0.374815  0.327175 0.0148882  0.139055    1.0612 -0.576804  0.115998   0.0078796  0.00658611 0.000245568 -0.0868136 -0.0584865 -0.0242502 0.206201 0.169882 -9.80536 
               196.7  3.00009 -4.73813 -28.9376 26.7178 8.81528 2.25234 -0.670995  0.392538 -0.369077  0.327231 0.0149053  0.139152   1.1596 -0.59687 0.220476  0.00781595  0.00656463 0.000240649 -0.0868287 -0.0579485  -0.024394  0.20616 0.169921 -9.80536 
             196.799  1.95492 -4.13484 -29.8697 26.8213 8.75577 2.27865 -0.672953  0.399647 -0.366428  0.327226 0.0147822  0.139121   1.00061 -0.630671  0.193588  0.00787827  0.00653901 0.000253838 -0.0877864 -0.0581837 -0.0247938 0.206142 0.169968 -9.80536 
               196.9  2.37875 -4.63095 -30.0075  26.912 8.69612 2.29955 -0.674362  0.402375 -0.361838 0.327265 0.014758 0.139125  0.919666 -0.595783  0.164698  0.00782009   0.0065691 0.000226317 -0.0880003 -0.0582263 -0.0249538 0.206109 0.170009 -9.80536 
                 197    1.783  -4.9625 -29.7535  27.004 8.63164 2.31624 -0.675553  0.403886 -0.359565   0.32727 0.0147386  0.139114   1.04261 -0.715605  0.164504  0.00790335  0.00658111 0.000189403 -0.0879891 -0.0582736 -0.0250722 0.206081 0.170052 -9.80536 
             197.099   1.9736 -4.05425 -29.2728 27.1107 8.56136 2.34209 -0.675296  0.402905  -0.36296   0.32732 0.0147216  0.139157  0.999396 -0.669038  0.219982  0.00789181  0.00652343 0.000192723 -0.0880633 -0.0584318 -0.0249724 0.206114 0.170015 -9.80536 
               197.2  1.99189 -4.53022 -29.0375 27.2133 8.49733 2.35538 -0.675393  0.399554 -0.362657  0.327317 0.0147075  0.139156  0.974059 -0.572824 0.0920811  0.00785419  0.00660355 0.000180093 -0.0877238 -0.0584624 -0.0248103 0.206119 0.169978 -9.80536 
               197.3  2.17901 -5.22483 -29.3074 27.3041 8.44885  2.3644 -0.675947  0.398565 -0.368147  0.327303 0.0147029  0.139207   1.01775 -0.560909  0.145965  0.00785078  0.00659001 0.000208435  -0.087019 -0.0587279 -0.0247341 0.206138 0.170063 -9.80536 
               197.4    1.884 -4.99768 -29.9543 27.4212 8.38528  2.3849 -0.676022  0.400766 -0.367689  0.327303 0.0147356  0.139192   1.04812 -0.584792  0.307295  0.00790368  0.00653039 0.000276709 -0.0879449  -0.058854 -0.0248133 0.206163 0.169978 -9.80536 
               197.5  1.58546 -4.61308   -30.64 27.5364 8.33012 2.41406 -0.680521  0.410937 -0.389626  0.327081 0.0147395  0.139384  0.966897 -0.581271  0.223066  0.00789679  0.00645149 0.000283858 -0.0902707 -0.0606072 -0.0251428  0.20632 0.169895 -9.80536 
               197.6  2.12782 -5.00552 -30.3932  27.636 8.26623 2.42154 -0.675222   0.39454 -0.382458  0.327052 0.0146856  0.139428  0.946136 -0.638301  0.126223  0.00788012  0.00655606 0.000228696 -0.0878385 -0.0595806 -0.0242795 0.206313  0.16983 -9.80536 
             197.699  2.35154 -5.23319 -29.9811 27.7313  8.1968  2.4326 -0.675715  0.392581 -0.377949  0.327002 0.0146843  0.139494    1.0357 -0.703467  0.275947  0.00786727  0.00658973 0.000185161 -0.0872983 -0.0593777 -0.0241175  0.20627 0.169859 -9.80536 
               197.8  1.92234 -4.45957 -29.4749 27.8293 8.12608 2.45729 -0.674139  0.399985 -0.372749  0.326909 0.0146879  0.139461  0.987769 -0.644447 0.0818738 0.00792551 0.00651509 0.00019433 -0.0885175 -0.0588874 -0.0245373 0.206239 0.169867 -9.80536 
               197.9  1.99994 -5.21816 -29.6584 27.9299 8.06689 2.46255 -0.673973  0.399581 -0.376893  0.326916 0.0146749  0.139458  0.974451 -0.562282 0.0415377  0.00785439  0.00659218 0.000225799 -0.0885214 -0.0590091 -0.0245141 0.206261 0.169856 -9.80536 
                 198  2.44123 -5.37862 -29.9883 28.0434 8.00322 2.47903 -0.673637  0.406891  -0.37682  0.326952 0.0147108  0.139407   1.11663 -0.595463  0.151958  0.00785447  0.00661021 0.000226582 -0.0905875 -0.0590408 -0.0248299 0.206281  0.16973 -9.80536 
               198.1  1.38696 -4.99419 -30.8372 28.1652 7.94249 2.51016 -0.681697  0.423852 -0.383208  0.326827 0.0145959  0.139596  1.06572 -0.59055 0.242016   0.0079518  0.00655508 0.000271153 -0.0940087 -0.0608228 -0.0255645  0.20635 0.169664 -9.80536 
               198.2  2.37066 -5.06052 -31.1929 28.2671 7.88765 2.52692  -0.68257  0.424019 -0.393136   0.32677 0.0145678  0.139539  0.967771 -0.571182  0.129672  0.00775077  0.00654832 0.000237457 -0.0939013 -0.0612627 -0.0255727  0.20639 0.169687 -9.80536 
               198.3  2.02004 -5.02785 -30.7575 28.3762 7.81575 2.54319 -0.682989  0.431146 -0.382581  0.326788 0.0146038  0.139562   1.02319 -0.691818  0.106979  0.00789476  0.00656702 0.000217214 -0.0960932 -0.0612282 -0.0258656 0.206388 0.169539 -9.80536 
               198.4  2.44051 -4.88196 -30.0396 28.4745 7.74301 2.56016 -0.681674  0.431441 -0.376132 0.326693 0.014652 0.139606   1.02064 -0.747971  0.285253  0.00786693  0.00658664 0.000160397 -0.0958178 -0.0605897 -0.0259318 0.206325 0.169586 -9.80536 
               198.5  1.77577 -4.18727 -29.7016  28.588 7.67967 2.59184 -0.682045   0.45137 -0.397213  0.326734 0.0144689  0.139826     1.038 -0.606051  0.154239  0.00795798  0.00652783 0.000232712 -0.0996114  -0.061452 -0.0267484 0.206441 0.169537 -9.80536 
               198.6  2.32202 -5.34544 -29.9267 28.6783 7.61896 2.60164 -0.683352  0.448974 -0.380663  0.326684 0.0145172  0.139996  1.01764 -0.58718 0.147178  0.00790988  0.00662646 0.000233189 -0.0986692 -0.0610192  -0.026622 0.206346 0.169617 -9.80536 
               198.7  2.87779 -5.37019 -30.4229 28.7913 7.54835 2.61685 -0.680902  0.447481 -0.370187  0.326716 0.0145272  0.140058   1.13778 -0.618025  0.245892  0.00785652  0.00658629 0.000257919   -0.09885  -0.060255 -0.0264784 0.206302 0.169547 -9.80536 
               198.8  1.86755 -4.73592 -31.2443 28.8887 7.49334 2.64789 -0.685314    0.4529 -0.377983  0.326639 0.0143729  0.140085  0.974674 -0.636701  0.259413  0.0079328 0.00656464 0.00025529 -0.0990673 -0.0611144 -0.0267855  0.20631 0.169663 -9.80536 
             198.899  2.59408 -5.01301 -31.2457 28.9806 7.43684 2.66658  -0.68078  0.442313 -0.385622  0.326587 0.0143135  0.140076  0.889533 -0.594702  0.212507  0.00784384  0.00657485 0.000196937 -0.0970875 -0.0605757 -0.0263049 0.206342 0.169685 -9.80536 
                 199  1.96699 -5.28075 -31.0528 29.0605 7.37498 2.68083 -0.682359  0.437098 -0.382122  0.326535 0.0143454  0.140043 0.972768 -0.71123 0.195502  0.00795164    0.006625 0.000173568 -0.0955085 -0.0604601 -0.0259636 0.206283 0.169786 -9.80536 
               199.1  2.43729 -4.35872 -30.6104 29.1564 7.30083 2.70595 -0.683327  0.431946 -0.376479   0.32655 0.0143423  0.140074   0.92088 -0.687457  0.242735  0.00788393   0.0065505 0.000206012 -0.0947015 -0.0603869  -0.025645 0.206252 0.169773 -9.80536 
             199.199  2.00643 -4.50127 -30.5228 29.2566 7.23835 2.72149 -0.679702  0.427904 -0.386398  0.326601 0.0143104  0.140146  0.932928 -0.590605  0.120478  0.00788665  0.00661541 0.000234703 -0.0943691 -0.0601956 -0.0254811 0.206313 0.169717 -9.80536 
               199.3   2.1812  -5.0696 -30.8485 29.3372  7.1792 2.73174 -0.681817  0.427153 -0.372846  0.326593 0.0143384  0.140209  0.954666 -0.591979   0.15489  0.00789114  0.00662243 0.000203258 -0.0937246 -0.0598799 -0.0253744 0.206215 0.169794 -9.80536 
               199.4  1.85824 -5.03353 -31.5849 29.4458 7.12259 2.74654 -0.681959  0.423504 -0.383999   0.32647 0.0143666  0.140266   1.01184 -0.602483  0.221475 0.00792632 0.00656789 0.00027049 -0.0932628 -0.0605202 -0.0250413  0.20631 0.169767 -9.80536 
               199.5    1.457 -4.87597 -32.0839 29.5542 7.07571 2.76397 -0.68227 0.420734 -0.41818 0.326225 0.014369 0.140535  0.912208 -0.561523  0.187666  0.00791958  0.00656603 0.000235236 -0.0929531 -0.0619722 -0.0246775 0.206517  0.16974 -9.80536 
               199.6  2.18413 -4.69777 -31.6326 29.6526 7.01327  2.7747 -0.679102  0.412628 -0.415739  0.326251 0.0143118  0.140538  0.894018 -0.622695  0.111189  0.00785354  0.00657361 0.000212038 -0.0921946 -0.0615575 -0.0242678 0.206542 0.169643 -9.80536 
               199.7  2.18708 -5.12329 -31.1532 29.7466 6.94028 2.78774 -0.679201   0.41411 -0.409816  0.326203 0.0143367  0.140594   1.01436 -0.696879  0.275111  0.00789599  0.00662353 0.000189234 -0.0924804  -0.061255  -0.024356 0.206497 0.169637 -9.80536 
               199.8  1.93528 -4.42118 -30.5133 29.8522 6.86756 2.81663 -0.678162  0.418568 -0.411001  0.326215 0.0142739  0.140644    0.9621 -0.637167  0.151331  0.00789304  0.00660044 0.000196323 -0.0938495 -0.0611983 -0.0245699 0.206518 0.169548 -9.80536 
               199.9  1.86331 -4.85584 -30.4633 29.9572 6.80969 2.83087 -0.674859  0.421012 -0.424032  0.326278 0.0142131  0.140648   0.96778 -0.560553  0.100413  0.00789534  0.00656859 0.000192389 -0.0945562 -0.0611307 -0.0247148 0.206586 0.169504 -9.80536 
                 200  2.31898 -4.92542 -30.7053 30.0607 6.74951 2.84726 -0.674474  0.421516 -0.420927  0.326287 0.0142176   0.14066   1.09041 -0.596693   0.17416 0.00788801 0.00660185  0.0002229 -0.0948571 -0.0609584 -0.0247453 0.206573 0.169471 -9.80536 
             200.099  1.43638 -4.84531 -31.4587 30.1787 6.67896 2.86975 -0.672531  0.420193 -0.415262   0.32633 0.0142928  0.140608  1.04195 -0.63323 0.254705  0.00795692   0.0066039 0.000264175 -0.0953409 -0.0605167   -0.02468 0.206562 0.169361 -9.80536 
               200.2  2.21967 -4.71119 -31.6786 30.2879 6.61086 2.88238 -0.667983  0.410413 -0.415108  0.326322 0.0142958  0.140613  0.969527 -0.618334    0.1444  0.00782947  0.00658037 0.000200457 -0.0941569 -0.0598758 -0.0242185 0.206586 0.169283 -9.80536 
               200.3  2.15152 -4.48698 -31.4427 30.3934 6.54218 2.89402 -0.666079  0.405879 -0.415981  0.326338 0.0143026  0.140632   1.02196 -0.721442  0.127314  0.00790784  0.00661109 0.000205323  -0.093839 -0.0597025 -0.0239675 0.206611 0.169212 -9.80536 
             200.399  2.60391 -4.16396 -30.8154  30.485 6.48774 2.90814 -0.667747  0.403455 -0.431252  0.326394 0.0143011  0.140438   1.04522 -0.711113   0.23102  0.00784794  0.00657354 0.000157281 -0.0922374 -0.0604731 -0.0239088 0.206665  0.16939 -9.80536 
               200.5  1.82538 -3.74763 -30.5348 30.5888 6.42972 2.92975 -0.667332  0.410564 -0.445219   0.32643 0.0142274  0.140531   1.02979 -0.592399 0.0984928  0.00796008  0.00661509 0.000193561 -0.0932166 -0.0608892 -0.0242196 0.206728 0.169428 -9.80536 
               200.6  2.02528 -4.49747 -30.7398 30.6931 6.36713 2.93828 -0.667555  0.409002 -0.437906  0.326418 0.0142463  0.140512   1.03325 -0.565629  0.118631  0.00789194  0.00658571 0.000217959 -0.0931736 -0.0606769 -0.0241567 0.206697 0.169394 -9.80536 
               200.7  2.46599  -4.7458 -31.1303 30.7923 6.30921 2.95254 -0.667405  0.411408 -0.431748  0.326486 0.0142526  0.140607    1.1372 -0.606684  0.154341  0.00785402  0.00658868 0.000244637 -0.0931421 -0.0602547  -0.024353 0.206636  0.16946 -9.80536 
               200.8  1.74874 -4.49477 -31.7587 30.8997 6.24263 2.97489 -0.665347  0.409643 -0.425414  0.326533 0.0142901  0.140547  0.981866 -0.636604  0.168754  0.00787591  0.00658117 0.000249172  -0.093018 -0.0596845 -0.0242842 0.206606 0.169431 -9.80536 
             200.899  2.40494 -4.95207 -31.6557 30.9924 6.18691 2.98557 -0.661236  0.401526 -0.433653  0.326451 0.0142269  0.140518  0.891839 -0.596425  0.141808  0.00779601  0.00661165 0.000197853 -0.0914852 -0.0593014 -0.0238306  0.20665 0.169449 -9.80536 
                 201  1.62592  -5.0846 -31.2897 31.0855 6.11122 3.00622 -0.664069  0.406788  -0.42262  0.326452 0.0142002  0.140389  0.993982 -0.743611  0.155539  0.00792313  0.00663565 0.000186866 -0.0926549 -0.0592629 -0.0243019 0.206579 0.169414 -9.80536 
               201.1  2.26458 -4.39157 -30.5611 31.1964 6.02768 3.03261 -0.663627  0.406976 -0.419538  0.326461 0.0141474  0.140451  0.961039 -0.717882  0.209799  0.00784323  0.00664771 0.000172032 -0.0934971 -0.0591792 -0.0242845 0.206585 0.169298 -9.80536 
               201.2  1.95039 -4.59282 -30.3929   31.29 5.96724 3.05529 -0.658535  0.417856  -0.42555  0.326474 0.0141255  0.140451  0.952081 -0.604419  0.128151  0.00789823  0.00663777 0.000206605 -0.0951556 -0.0585452 -0.0249116 0.206613 0.169327 -9.80536 
               201.3  2.09726 -5.25681 -30.7092 31.3737 5.91537 3.06482 -0.660003  0.414706 -0.424524  0.326432 0.0141269  0.140519  0.979688 -0.578073  0.168355  0.00786013  0.00662321 0.000203945 -0.0939115  -0.058688 -0.0246289 0.206596 0.169428 -9.80536 
             201.399  1.71483 -5.18923 -31.4295  31.476 5.86123 3.08153 -0.660527  0.412981 -0.430096  0.326358 0.0141259  0.140572  1.00839 -0.59742 0.270056  0.00791878  0.00657394 0.000264313 -0.0934304 -0.0590781 -0.0244278 0.206639 0.169455 -9.80536 
               201.5  1.34799 -5.03476 -32.0077 31.5956 5.79907 3.10704 -0.658731  0.413274 -0.447898  0.326165 0.0142363  0.140783  0.931974 -0.598675  0.217361  0.00789048  0.00654246 0.000230467 -0.0944954 -0.0597635 -0.0242739 0.206786 0.169305 -9.80536 
               201.6  1.95562  -4.9735 -31.6462  31.693 5.73534 3.11758 -0.655489  0.404028 -0.447278  0.326183 0.0142022  0.140797  0.918357 -0.654378  0.118276  0.00786039  0.00658723 0.000197851 -0.0932427 -0.0592951 -0.0237639 0.206801 0.169254 -9.80536 
             201.699  2.04679 -5.24562 -31.2356 31.7839   5.668 3.12706 -0.656018  0.402468 -0.447456  0.326161 0.0141963  0.140814   1.01018 -0.719036  0.274693  0.00785413  0.00662477 0.000169726 -0.0925603 -0.0593204 -0.0236189  0.20679 0.169312 -9.80536 
               201.8  1.76984 -4.46707 -30.7091 31.8832 5.59674 3.15306 -0.654543  0.407396 -0.447416  0.326128 0.0141864  0.140824  0.959383 -0.638293  0.126013  0.00790836  0.00659859 0.000183203  -0.093517 -0.0590643 -0.0238796 0.206791 0.169297 -9.80536 
               201.9  2.22586 -5.29123 -30.6923 31.9812 5.53677 3.16297  -0.65381  0.408361 -0.450422  0.326147 0.0141798    0.1408  0.946896 -0.573295 0.0719286  0.00787977  0.00663342 0.000190054 -0.0937781 -0.0590421 -0.0239381 0.206804 0.169283 -9.80536 
                 202  2.65368 -5.38972 -30.9875 32.0648 5.49025 3.17719 -0.654832  0.411549 -0.451782  0.326149 0.0142013  0.140822  1.04592 -0.59004 0.159073  0.00786585  0.00663441 0.000222873 -0.0934075  -0.059214  -0.024174 0.206795 0.169415 -9.80536 
               202.1   1.7684 -4.93226 -31.6978 32.1751  5.4349 3.20595 -0.659184  0.419002 -0.461922   0.32603 0.0141415  0.140994   0.96873 -0.587198   0.29903  0.00793319   0.0065852 0.000270123 -0.0948315 -0.0604309 -0.0244773 0.206862   0.1694 -9.80536 
               202.2  2.17758 -5.20156 -32.0374  32.271 5.37713 3.23422 -0.660965   0.42476 -0.468648  0.325997 0.0141344  0.141002  0.882255 -0.567075  0.212489  0.00782229  0.00660182 0.000237625 -0.0959421 -0.0609845 -0.0247308 0.206895 0.169385 -9.80535 
               202.3  1.76599 -5.06361 -31.6258  32.366 5.31374 3.24933 -0.658454  0.419747 -0.469572  0.326009 0.0141661  0.141034  0.933857 -0.674751  0.161107  0.00793132  0.00659481 0.000207336 -0.0954937 -0.0606859  -0.024468 0.206916 0.169324 -9.80536 
               202.4  2.26991 -4.71585   -31.04 32.4826 5.22651 3.26725 -0.657943   0.41229 -0.460937 0.326022 0.014083 0.141177  0.996533 -0.711248  0.294691  0.00789696  0.00661484 0.000158046 -0.0954417 -0.0603984 -0.0239386 0.206903 0.169151 -9.80536 
               202.5  1.45899 -4.17944  -30.733 32.5879 5.15881 3.29101 -0.656482  0.414864 -0.467736  0.326054 0.0140271  0.141292  0.985883 -0.623288  0.135327 0.00800464    0.00664 0.00018987 -0.0962321 -0.0604215 -0.0240395  0.20694 0.169103 -9.80536 
               202.6  1.90467  -5.1117 -30.9328 32.6851 5.09615 3.29153 -0.660298   0.39863  -0.46389  0.325894 0.0140075  0.141307  0.984849 -0.602923  0.134201  0.00786968  0.00664824 0.000217468 -0.0934781 -0.0609519 -0.0231403 0.206931 0.169097 -9.80536 
               202.7  2.37234 -5.08655 -31.3138 32.7974 5.02831 3.30624 -0.659909    0.3975  -0.46398  0.325886 0.0140047  0.141286   1.11446 -0.652913  0.195344  0.00789617  0.00659066 0.000220078 -0.0936057 -0.0609268 -0.0230568  0.20694 0.169052 -9.80536 
               202.8  1.67802 -4.46207 -32.0267    32.9 4.97089 3.33199 -0.663249  0.402748 -0.475183  0.325766 0.0139204  0.141343  0.974191 -0.656583  0.187752  0.00792597  0.00659858 0.000217734 -0.0941272  -0.061884 -0.0232914 0.206989 0.169109 -9.80536 
               202.9  2.28641 -4.79705 -32.0349 32.9801 4.91922 3.34438 -0.663102  0.397819 -0.480706   0.32572 0.0138365  0.141349 0.866972  -0.5983 0.149378  0.00787358  0.00662504 0.000190973 -0.0924696   -0.06195  -0.022988 0.206995 0.169222 -9.80536 
             202.999  1.54996 -5.10452 -31.7662 33.0741 4.85551 3.35759 -0.662187  0.397236 -0.485694  0.325729 0.0138311  0.141394 0.984738 -0.71458 0.140285  0.00792539  0.00664211 0.000163757 -0.0924687  -0.062073  -0.022925 0.207032 0.169207 -9.80536 
               203.1  2.06356 -4.41063 -31.1765  33.173 4.77821 3.37931 -0.663116  0.393145 -0.478691    0.3257 0.0138133  0.141459   0.93513 -0.664469  0.224343  0.00788256  0.00663834 0.000168226 -0.0920796 -0.0618739 -0.0225992 0.206991 0.169163 -9.80536 
               203.2  1.97457 -4.79938 -30.9805  33.275 4.71408 3.39831 -0.660854  0.394404 -0.482721 0.325736 0.013777 0.141438  0.937503 -0.559636  0.109846   0.007909 0.00667814 0.00017013 -0.0927989 -0.0616752 -0.0227432 0.207015 0.169094 -9.80536 
               203.3  2.09252 -5.48342 -31.2995 33.3669  4.6606 3.40956 -0.661135   0.39359  -0.48215  0.325722 0.0137764  0.141456  0.988697 -0.549146  0.169096  0.00784563  0.00664475 0.000213758 -0.0925523 -0.0616847 -0.0226651 0.207011 0.169108 -9.80536 
               203.4  1.60142 -5.46684 -31.8918 33.4903 4.59866 3.42984  -0.66035  0.393061 -0.487908  0.325643 0.0138384  0.141478   1.03379 -0.602846  0.251655  0.00791361  0.00659939 0.000247237 -0.0933294  -0.062141 -0.0225409 0.207097 0.168988 -9.80536 
             203.499  1.21976 -5.13941 -32.4215 33.5988 4.53387 3.45345 -0.659414  0.393519 -0.490184 0.325611  0.01389 0.141532  0.932384 -0.613387  0.180911  0.00791418  0.00659514 0.000227645 -0.0939925 -0.0622364 -0.0225476 0.207135 0.168907 -9.80536 
               203.6  1.98869  -5.0631 -31.9706 33.6921 4.46626 3.46015 -0.656782  0.383474 -0.483348  0.325639 0.0138325  0.141606 0.894825 -0.67339 0.113145  0.00781119  0.00662506 0.000197331  -0.092511 -0.0615909 -0.0219586 0.207114 0.168871 -9.80536 
               203.7  2.13757 -5.35633 -31.5809 33.7833 4.40091 3.47198  -0.65715  0.384515 -0.490005  0.325677 0.0138431  0.141546   1.01397 -0.725206  0.237639  0.00778541  0.00664385 0.000192111 -0.0922633 -0.0619613 -0.0220425 0.207148 0.168929 -9.80536 
               203.8  1.97067 -4.85447 -30.9486 33.8806 4.32533 3.49414 -0.654361   0.38917 -0.485673  0.325619 0.0138439  0.141567  0.951847 -0.669889 0.0831328  0.00789401  0.00670066 0.000184369 -0.0932649 -0.0612882 -0.0223173 0.207126 0.168901 -9.80536 
               203.9  2.12419 -5.48859  -31.111 33.9733 4.27425 3.50354 -0.652573  0.394245 -0.500201  0.325676 0.0138305  0.141538  0.933399 -0.572633 0.0709596  0.00783414   0.0067044 0.000200592 -0.0937118 -0.0615256  -0.022573 0.207187 0.168959 -9.80536 
             203.999  2.66383 -5.33715 -31.4506 34.0716 4.21187 3.52539 -0.649163  0.403704  -0.49647  0.325706 0.0138929  0.141569   1.06389 -0.616613  0.182734  0.00784739  0.00665919 0.000220239  -0.095526 -0.0607457 -0.0231327 0.207161 0.168932 -9.80536 
               204.1  1.84861 -5.01846 -32.2405   34.19 4.13969 3.55498 -0.648734  0.410208 -0.495416  0.325705 0.0139254  0.141617  0.974287 -0.629984  0.309015  0.00791975  0.00662535 0.000246889 -0.0974753 -0.0606919 -0.0233935 0.207169  0.16882 -9.80536 
             204.199  2.35367 -5.14645 -32.6128 34.2709  4.0794 3.57977 -0.650346  0.410737 -0.489621  0.325747 0.0138923  0.141609  0.849962 -0.612905  0.219773  0.00773156  0.00658786 0.000185488 -0.0970908 -0.0606931 -0.0234488 0.207132 0.168886 -9.80536 
               204.3  1.96376 -4.91679  -32.276 34.3674 4.00921 3.59999 -0.647982  0.407717 -0.490179  0.325762 0.0139253  0.141661  0.907761 -0.703457  0.205058  0.00787065  0.00658571 0.000207504 -0.0972074 -0.0604281 -0.0232768 0.207153 0.168798 -9.80536 
             204.399  2.24565 -4.73988 -31.5407 34.4629 3.93689 3.62037 -0.647955   0.40321 -0.489612  0.325764 0.0139164   0.14167  0.937808 -0.721133  0.329862  0.00788067  0.00661945 0.000142247 -0.0964499 -0.0603954 -0.0229256 0.207152 0.168795 -9.80536 
               204.5  1.61723 -4.16506 -31.1336 34.5677 3.87332 3.64327 -0.644224   0.40026 -0.503893  0.325915 0.0138702  0.141861  0.950343 -0.607546  0.155417 0.00791188 0.00658193  0.0001692 -0.0962847 -0.0604362 -0.0227092 0.207233 0.168746 -9.80536 
               204.6  1.92215 -5.40693 -31.2804 34.6582 3.82144 3.64629 -0.644618   0.39122 -0.507273  0.325762 0.0138621  0.141899  0.959243 -0.554392   0.12563  0.00789132  0.00665924 0.000202208 -0.0943251 -0.0606356 -0.0220327 0.207254 0.168797 -9.80536 
               204.7  2.39059 -5.48603 -31.6229 34.7716 3.75475 3.65631  -0.64215  0.386252 -0.503761  0.325715 0.0138344  0.141859   1.09284 -0.597599  0.161511  0.00786047  0.00662538 0.000230361  -0.094096 -0.0601692 -0.0216705 0.207256 0.168712 -9.80536 
               204.8  1.68647 -5.15514 -32.2571  34.877 3.69113 3.68345 -0.643238  0.388628 -0.504483  0.325696 0.0138502  0.141875  0.933772 -0.638544  0.229534  0.00788472   0.0066425 0.000234086 -0.0948321 -0.0604774 -0.0217757 0.207275  0.16867 -9.80536 
               204.9  2.42183 -5.39024 -32.0817  34.966 3.63651 3.69827 -0.638955  0.380538 -0.514155  0.325644 0.0137707  0.141819  0.848263 -0.588307   0.17601  0.00778823  0.00662674 0.000198581 -0.0932186 -0.0601127 -0.0213009 0.207318 0.168696 -9.80536 
                 205  1.71188 -5.45021 -31.6153 35.0626 3.56066 3.71953 -0.639865  0.382037 -0.506518  0.325636 0.0137604  0.141754  0.958499 -0.737111  0.179656  0.00790188  0.00662419 0.000169981 -0.0941767 -0.0600569 -0.0215302 0.207297 0.168607 -9.80536 
               205.1  2.47817 -4.68222  -30.831 35.1643 3.48111 3.74502 -0.641503  0.377464 -0.498988 0.325627 0.013694 0.141892  0.939213 -0.656541  0.272372    0.007809  0.00659369 0.000168688  -0.093904 -0.0600182 -0.0211734 0.207265 0.168541 -9.80536 
             205.199  2.06037  -4.7685 -30.5577 35.2626  3.4213 3.77439 -0.637358  0.386667 -0.503134   0.32563 0.0136379  0.141916  0.948798 -0.548852  0.183195  0.00787724  0.00663081 0.000179234 -0.0957247  -0.059508 -0.0217655 0.207288 0.168511 -9.80536 
               205.3  2.14857 -5.22377 -30.8431  35.363 3.35616 3.79145 -0.638706  0.382744 -0.492945  0.325634 0.0136596  0.141894   1.01741 -0.568551  0.206335  0.00790016  0.00665048 0.000174457 -0.0955625 -0.0592975 -0.0216082  0.20724 0.168445 -9.80536 
               205.4  2.01212 -5.09514 -31.5967 35.4818  3.2919  3.8053  -0.63018  0.372631 -0.491842    0.3256 0.0137594  0.141902   1.06814 -0.579459  0.338914  0.00790394  0.00659192 0.000257204 -0.0943997 -0.0579945 -0.0208044 0.207268  0.16836 -9.80536 
             205.499  1.29469 -4.93268 -32.2488 35.5951 3.22839 3.83059 -0.624536  0.368085 -0.494479  0.325524 0.0139048  0.142028  0.967033 -0.599407  0.258186  0.00793996  0.00655801 0.000223893 -0.0942908 -0.0574139  -0.020511 0.207322 0.168266 -9.80537 
               205.6  1.79622 -5.06596 -32.0019  35.681 3.16263  3.8388 -0.618092  0.353747 -0.480442  0.325524 0.0138745  0.142096  0.918406 -0.654796  0.147965   0.0078601   0.0066058 0.000184448  -0.091623 -0.0556241 -0.0196016 0.207243 0.168284 -9.80537 
             205.699  2.01668 -5.36331 -31.5991 35.7882 3.08471 3.84638 -0.614184   0.34496 -0.476394  0.325466 0.0138076  0.142069   1.01138 -0.731598  0.294361   0.0078055  0.00665204 0.000144674  -0.090646 -0.0550025 -0.0189678 0.207259 0.168213 -9.80537 
             205.799  1.63938 -4.54772 -31.1191 35.8951 3.00446 3.87502 -0.613701  0.345272 -0.467931  0.325435 0.0137987  0.142124    0.9843 -0.640344  0.183592 0.00788423 0.00664322 0.00015859 -0.0914002 -0.0546934 -0.0190236  0.20724 0.168125 -9.80537 
               205.9  2.14524 -5.55416 -31.1086  35.997 2.94432 3.88599 -0.613338  0.341577 -0.470961   0.32542 0.0137634  0.142081  0.969362 -0.568516 0.0987389  0.00784062  0.00669217 0.000137596 -0.0908947  -0.054796 -0.0188275 0.207261 0.168109 -9.80537 
             205.999  2.75222 -5.65506 -31.6797 36.0954 2.88216 3.90088 -0.613461  0.342331 -0.464533  0.325456 0.0137837  0.142184   1.08113 -0.619615  0.164767 0.00777343 0.00666852 0.00022617 -0.0910854  -0.054462 -0.0188711 0.207219   0.1681 -9.80537 
               206.1  1.77395 -5.17316  -32.563 36.2044 2.81942 3.93077 -0.616646   0.34744 -0.463346  0.325431 0.0137355  0.142189  0.989822 -0.614805  0.286343  0.00789355  0.00661461 0.000276908 -0.0920789 -0.0549965 -0.0192627 0.207219 0.168092 -9.80537 
             206.199  2.03258 -5.56579 -33.0248 36.2983 2.76916 3.95511 -0.616178  0.349618 -0.479287  0.325308 0.0136703  0.142258  0.900044 -0.572203   0.20764  0.00776517  0.00661219 0.000233205 -0.0921787 -0.0555154  -0.019283 0.207288 0.168126 -9.80537 
               206.3  1.50526 -5.68139 -32.6241 36.3871 2.69854 3.97034 -0.616842  0.344497 -0.466773  0.325265 0.0137435  0.142103  0.929685 -0.697769  0.172243  0.00789903   0.0066446 0.000180113 -0.0915261 -0.0550312 -0.0190394 0.207222 0.168095 -9.80537 
             206.399  2.04484 -5.35943 -32.0547 36.4748 2.63122 3.98318 -0.616978   0.33642 -0.467042 0.325272  0.01371 0.142107  0.936054 -0.710995  0.325948  0.00781534  0.00665838 0.000161955 -0.0896063 -0.0549308   -0.01833 0.207207 0.168158 -9.80537 
               206.5  1.51662 -4.85578 -31.6747 36.5775 2.56562 4.00828 -0.615794  0.336123 -0.476207  0.325362 0.0136561  0.142204 0.946018 -0.59928  0.16652  0.00786345  0.00667611 0.000190289 -0.0899219 -0.0551405 -0.0183024 0.207254 0.168111 -9.80537 
               206.6  2.10375 -6.11888 -31.7081 36.6702 2.50667  4.0168 -0.618083  0.330956 -0.472597  0.325276 0.0136356  0.142251  0.951314 -0.570191  0.148547  0.00780542  0.00666824 0.000235951  -0.088937 -0.0554011 -0.0179797 0.207243 0.168124 -9.80537 
               206.7  2.64453 -6.17387 -31.8042 36.7788  2.4387 4.03647 -0.617344  0.332743 -0.467555  0.325293 0.0136526  0.142269   1.07874 -0.612108  0.218892  0.00780693  0.00664002 0.000189883  -0.089744 -0.0551192 -0.0181026 0.207228 0.168062 -9.80537 
               206.8  1.86741 -5.29688 -32.4812 36.8804 2.36814 4.06421 -0.616895   0.33492 -0.455981  0.325345 0.0136724  0.142207  0.929592 -0.657522  0.215521  0.00786424  0.00660823 0.000238048 -0.0903477 -0.0546831 -0.0182532 0.207188 0.168035 -9.80537 
             206.899  2.42282 -5.70274 -32.2943 36.9691 2.31076 4.08075 -0.614444  0.328661 -0.464981  0.325322 0.0136341  0.142187  0.845597 -0.595481  0.196632  0.00781213  0.00667267 0.000158565 -0.0891591 -0.0545478 -0.0179587 0.207219 0.168046 -9.80537 
                 207  1.53222 -5.73786 -32.0636 37.0583  2.2442 4.10702 -0.616594  0.337007 -0.463571   0.32533 0.0135431  0.142186  0.955427 -0.717112  0.205648   0.0079772  0.00669402 0.000155131 -0.0906568 -0.0548923 -0.0184607 0.207215 0.168045 -9.80537 
             207.099  2.31888 -4.65571 -31.4936 37.1525 2.17119 4.12494  -0.61731  0.326897 -0.459492  0.325448 0.0134985  0.142239  0.92276 -0.67313    0.192  0.00780871  0.00661778 0.000192696 -0.0889721 -0.0548561 -0.0178029 0.207198 0.168037 -9.80537 
               207.2  1.88198 -4.92866 -31.2689 37.2564 2.10808  4.1423 -0.614343  0.332551 -0.468616  0.325489 0.0134234  0.142312  0.936966 -0.568651 0.0838531  0.00786166  0.00671571 0.000175478 -0.0905029 -0.0547559 -0.0181226 0.207243 0.167969 -9.80537 
               207.3  2.11121 -5.66492 -31.6835 37.3429 2.05014 4.14578 -0.612667  0.326315 -0.460659   0.32543 0.0134247  0.142367  0.967385 -0.578813  0.120307  0.00781309  0.00674805 0.000219121 -0.0891534 -0.0540594 -0.0177167   0.2072    0.168 -9.80537 
             207.399  1.81784 -5.52945 -32.1783 37.4546  1.9829  4.1621 -0.612694  0.328664 -0.459239 0.325437 0.013468 0.142343    1.0235 -0.625963  0.197584  0.00786658  0.00666439 0.000234395 -0.0901645 -0.0541475 -0.0177738 0.207215 0.167925 -9.80537 
               207.5  1.57707 -5.26635 -32.6071 37.5602 1.92068  4.1785 -0.616807  0.332115 -0.469517  0.325348 0.0134823  0.142419  0.913687 -0.630509 0.0936406  0.00783318  0.00667293 0.000232096 -0.0911152 -0.0553733  -0.017821 0.207278 0.167883 -9.80537 
             207.599 2.62549 -4.8675  -32.11 37.6447 1.85375 4.18055  -0.61331  0.326654 -0.459949   0.32536 0.0134182  0.142576   0.85088 -0.675805 0.0496967  0.00776192  0.00666504 0.000197826 -0.0901923 -0.0544131 -0.0174671 0.207241  0.16788 -9.80537 
               207.7  2.50986 -5.46373 -31.6622 37.7354 1.78116 4.19901 -0.614225  0.337347 -0.461685  0.325477 0.0134984  0.142554  0.960808 -0.710428  0.204122  0.00786042  0.00676834 0.000151575  -0.092068 -0.0546489  -0.018357 0.207241 0.167879 -9.80537 
             207.799  2.04061 -4.80195 -31.0985 37.8169 1.71389 4.22743  -0.60675  0.349779 -0.454024  0.325324 0.0134744  0.142473  0.906056 -0.617824 0.0778931 0.00798057 0.00671255 0.00016972 -0.0937361  -0.052963 -0.0194203 0.207192 0.167936 -9.80537 
               207.9  1.71669 -5.27689 -31.3593 37.9252 1.65813  4.2339 -0.609051  0.353951 -0.470803  0.325358 0.0134142  0.142611  0.929741 -0.534037 0.0396199  0.00785517  0.00677221 0.000197935  -0.095126 -0.0541796 -0.0194376 0.207286 0.167857 -9.80537 
             207.999  2.53555 -5.04809 -31.7984   38.03 1.59985 4.25405 -0.611807  0.365212 -0.471857  0.325353 0.0135156  0.142582    1.0608 -0.567623  0.137249  0.00774241  0.00669763 0.000232407 -0.0976041 -0.0547693 -0.0201129 0.207302 0.167793 -9.80537 
               208.1  1.57471 -5.08808 -32.6083   38.14 1.53597 4.28034 -0.615718  0.372886 -0.467004  0.325403 0.0134748  0.142531   1.00729 -0.599701  0.226579  0.00787084   0.0067101 0.000250572 -0.0992636 -0.0553032 -0.0206302 0.207289 0.167759 -9.80537 
             208.199  2.22139 -5.15479 -32.9582 38.2493 1.45355 4.29952 -0.612324  0.378045 -0.444588  0.325539 0.0136768  0.142535  0.919267 -0.653161  0.145114  0.00768493  0.00669869 0.000215149  -0.101438 -0.0542812 -0.0207085 0.207256 0.167602 -9.80538 
               208.3  2.08814 -4.92244 -32.3492 38.3385 1.38741 4.31584 -0.613426  0.379816 -0.445107  0.325537 0.0136774  0.142531   0.93158 -0.731749  0.141736  0.00783938  0.00672741 0.000185497  -0.101654 -0.0544535 -0.0208453 0.207253 0.167613 -9.80538 
                                                                                                                                                                                                                                                                                                                                                                                                                                                                                                                                                                                                                                                                                                                                                                                                                                                                                                                                                                                                                                            